date_x,brake,n_gear,speed,throttle,date_dt,date_y,x,y,z,lap_number
2023-05-27T14:02:58.112000+00:00,0,4,208,100,2023-05-27 14:02:58.112000+00:00,2023-05-27T14:02:58.055000+00:00,-7276,-8540,502,2
2023-05-27T14:02:58.312000+00:00,0,5,218,100,2023-05-27 14:02:58.312000+00:00,2023-05-27T14:02:58.415000+00:00,-7364,-8263,503,2
2023-05-27T14:02:58.632000+00:00,0,5,227,100,2023-05-27 14:02:58.632000+00:00,2023-05-27T14:02:58.775000+00:00,-7407,-8117,503,2
2023-05-27T14:02:58.832000+00:00,0,5,232,100,2023-05-27 14:02:58.832000+00:00,2023-05-27T14:02:58.775000+00:00,-7407,-8117,503,2
2023-05-27T14:02:59.112000+00:00,0,6,235,100,2023-05-27 14:02:59.112000+00:00,2023-05-27T14:02:59.115000+00:00,-7466,-7903,502,2
2023-05-27T14:02:59.392000+00:00,0,6,247,100,2023-05-27 14:02:59.392000+00:00,2023-05-27T14:02:59.396000+00:00,-7518,-7708,502,2
2023-05-27T14:02:59.672000+00:00,0,6,252,100,2023-05-27 14:02:59.672000+00:00,2023-05-27T14:02:59.636000+00:00,-7569,-7490,502,2
2023-05-27T14:03:00.031000+00:00,0,6,257,100,2023-05-27 14:03:00.031000+00:00,2023-05-27T14:02:59.936000+00:00,-7595,-7350,503,2
2023-05-27T14:03:00.272000+00:00,0,7,264,100,2023-05-27 14:03:00.272000+00:00,2023-05-27T14:03:00.176000+00:00,-7619,-7177,503,2
2023-05-27T14:03:00.512000+00:00,0,7,269,100,2023-05-27 14:03:00.512000+00:00,2023-05-27T14:03:00.556000+00:00,-7644,-6897,502,2
2023-05-27T14:03:00.672000+00:00,0,7,273,100,2023-05-27 14:03:00.672000+00:00,2023-05-27T14:03:00.556000+00:00,-7644,-6897,502,2
2023-05-27T14:03:00.992000+00:00,0,7,277,100,2023-05-27 14:03:00.992000+00:00,2023-05-27T14:03:01.036000+00:00,-7668,-6519,502,2
2023-05-27T14:03:01.232000+00:00,0,7,281,100,2023-05-27 14:03:01.232000+00:00,2023-05-27T14:03:01.316000+00:00,-7681,-6302,503,2
2023-05-27T14:03:01.512000+00:00,0,7,283,100,2023-05-27 14:03:01.512000+00:00,2023-05-27T14:03:01.516000+00:00,-7672,-6034,503,2
2023-05-27T14:03:01.712000+00:00,0,7,286,100,2023-05-27 14:03:01.712000+00:00,2023-05-27T14:03:01.516000+00:00,-7672,-6034,503,2
2023-05-27T14:03:02.032000+00:00,100,7,276,0,2023-05-27 14:03:02.032000+00:00,2023-05-27T14:03:01.956000+00:00,-7647,-5736,503,2
2023-05-27T14:03:02.272000+00:00,100,7,243,0,2023-05-27 14:03:02.272000+00:00,2023-05-27T14:03:02.336000+00:00,-7607,-5459,514,2
2023-05-27T14:03:02.472000+00:00,100,7,220,0,2023-05-27 14:03:02.472000+00:00,2023-05-27T14:03:02.336000+00:00,-7607,-5459,514,2
2023-05-27T14:03:02.712000+00:00,100,7,197,0,2023-05-27 14:03:02.712000+00:00,2023-05-27T14:03:02.636000+00:00,-7584,-5341,517,2
2023-05-27T14:03:02.952000+00:00,100,7,178,0,2023-05-27 14:03:02.952000+00:00,2023-05-27T14:03:03.055000+00:00,-7536,-5134,520,2
2023-05-27T14:03:03.112000+00:00,100,6,160,0,2023-05-27 14:03:03.112000+00:00,2023-05-27T14:03:03.055000+00:00,-7536,-5134,520,2
2023-05-27T14:03:03.512000+00:00,100,3,135,0,2023-05-27 14:03:03.512000+00:00,2023-05-27T14:03:03.575000+00:00,-7467,-4899,529,2
2023-05-27T14:03:03.712000+00:00,100,3,126,0,2023-05-27 14:03:03.712000+00:00,2023-05-27T14:03:03.575000+00:00,-7467,-4899,529,2
2023-05-27T14:03:03.992000+00:00,0,3,118,0,2023-05-27 14:03:03.992000+00:00,2023-05-27T14:03:03.915000+00:00,-7437,-4816,534,2
2023-05-27T14:03:04.352000+00:00,0,3,114,7,2023-05-27 14:03:04.352000+00:00,2023-05-27T14:03:04.295000+00:00,-7380,-4716,536,2
2023-05-27T14:03:04.552000+00:00,0,3,111,8,2023-05-27 14:03:04.552000+00:00,2023-05-27T14:03:04.495000+00:00,-7338,-4678,537,2
2023-05-27T14:03:04.832000+00:00,0,3,110,28,2023-05-27 14:03:04.832000+00:00,2023-05-27T14:03:04.835000+00:00,-7216,-4628,541,2
2023-05-27T14:03:05.112000+00:00,0,3,114,64,2023-05-27 14:03:05.112000+00:00,2023-05-27T14:03:05.255000+00:00,-7108,-4607,546,2
2023-05-27T14:03:05.312000+00:00,0,3,118,77,2023-05-27 14:03:05.312000+00:00,2023-05-27T14:03:05.255000+00:00,-7108,-4607,546,2
2023-05-27T14:03:05.672000+00:00,0,3,125,100,2023-05-27 14:03:05.672000+00:00,2023-05-27T14:03:05.675000+00:00,-6962,-4591,555,2
2023-05-27T14:03:05.832000+00:00,0,3,142,100,2023-05-27 14:03:05.832000+00:00,2023-05-27T14:03:05.836000+00:00,-6918,-4588,558,2
2023-05-27T14:03:06.032000+00:00,0,3,153,100,2023-05-27 14:03:06.032000+00:00,2023-05-27T14:03:06.116000+00:00,-6799,-4578,567,2
2023-05-27T14:03:06.272000+00:00,0,4,166,100,2023-05-27 14:03:06.272000+00:00,2023-05-27T14:03:06.216000+00:00,-6755,-4573,571,2
2023-05-27T14:03:06.632000+00:00,0,4,179,100,2023-05-27 14:03:06.632000+00:00,2023-05-27T14:03:06.636000+00:00,-6508,-4544,591,2
2023-05-27T14:03:06.912000+00:00,0,4,190,100,2023-05-27 14:03:06.912000+00:00,2023-05-27T14:03:07.076000+00:00,-6342,-4512,605,2
2023-05-27T14:03:07.112000+00:00,0,4,197,100,2023-05-27 14:03:07.112000+00:00,2023-05-27T14:03:07.076000+00:00,-6342,-4512,605,2
2023-05-27T14:03:07.432000+00:00,0,5,206,100,2023-05-27 14:03:07.432000+00:00,2023-05-27T14:03:07.556000+00:00,-6079,-4450,629,2
2023-05-27T14:03:07.752000+00:00,0,5,214,100,2023-05-27 14:03:07.752000+00:00,2023-05-27T14:03:07.776000+00:00,-5881,-4401,647,2
2023-05-27T14:03:07.952000+00:00,0,5,217,100,2023-05-27 14:03:07.952000+00:00,2023-05-27T14:03:08.076000+00:00,-5774,-4375,656,2
2023-05-27T14:03:08.312000+00:00,0,5,229,100,2023-05-27 14:03:08.312000+00:00,2023-05-27T14:03:08.236000+00:00,-5676,-4350,665,2
2023-05-27T14:03:08.472000+00:00,0,5,233,100,2023-05-27 14:03:08.472000+00:00,2023-05-27T14:03:08.536000+00:00,-5400,-4279,692,2
2023-05-27T14:03:08.792000+00:00,0,6,239,100,2023-05-27 14:03:08.792000+00:00,2023-05-27T14:03:08.876000+00:00,-5268,-4248,704,2
2023-05-27T14:03:08.952000+00:00,0,6,241,100,2023-05-27 14:03:08.952000+00:00,2023-05-27T14:03:08.876000+00:00,-5268,-4248,704,2
2023-05-27T14:03:09.152000+00:00,0,6,245,100,2023-05-27 14:03:09.152000+00:00,2023-05-27T14:03:09.215000+00:00,-5042,-4212,725,2
2023-05-27T14:03:09.472000+00:00,0,6,251,100,2023-05-27 14:03:09.472000+00:00,2023-05-27T14:03:09.535000+00:00,-4820,-4193,745,2
2023-05-27T14:03:09.792000+00:00,0,6,254,100,2023-05-27 14:03:09.792000+00:00,2023-05-27T14:03:09.775000+00:00,-4656,-4168,761,2
2023-05-27T14:03:10.192000+00:00,0,6,258,100,2023-05-27 14:03:10.192000+00:00,2023-05-27T14:03:09.995000+00:00,-4417,-4084,783,2
2023-05-27T14:03:10.432000+00:00,0,7,260,100,2023-05-27 14:03:10.432000+00:00,2023-05-27T14:03:10.435000+00:00,-4219,-3984,800,2
2023-05-27T14:03:10.592000+00:00,0,7,263,100,2023-05-27 14:03:10.592000+00:00,2023-05-27T14:03:10.675000+00:00,-4048,-3902,815,2
2023-05-27T14:03:10.792000+00:00,0,7,265,100,2023-05-27 14:03:10.792000+00:00,2023-05-27T14:03:10.675000+00:00,-4048,-3902,815,2
2023-05-27T14:03:10.952000+00:00,0,7,266,100,2023-05-27 14:03:10.952000+00:00,2023-05-27T14:03:11.015000+00:00,-3758,-3797,836,2
2023-05-27T14:03:11.272000+00:00,0,7,268,100,2023-05-27 14:03:11.272000+00:00,2023-05-27T14:03:11.415000+00:00,-3541,-3749,851,2
2023-05-27T14:03:11.472000+00:00,0,7,271,100,2023-05-27 14:03:11.472000+00:00,2023-05-27T14:03:11.415000+00:00,-3541,-3749,851,2
2023-05-27T14:03:11.712000+00:00,100,7,270,0,2023-05-27 14:03:11.712000+00:00,2023-05-27T14:03:11.695000+00:00,-3288,-3714,860,2
2023-05-27T14:03:11.992000+00:00,100,7,252,0,2023-05-27 14:03:11.992000+00:00,2023-05-27T14:03:11.875000+00:00,-3154,-3698,863,2
2023-05-27T14:03:12.232000+00:00,100,7,240,0,2023-05-27 14:03:12.232000+00:00,2023-05-27T14:03:12.316000+00:00,-2848,-3641,861,2
2023-05-27T14:03:12.392000+00:00,100,6,232,0,2023-05-27 14:03:12.392000+00:00,2023-05-27T14:03:12.316000+00:00,-2848,-3641,861,2
2023-05-27T14:03:12.672000+00:00,100,5,217,0,2023-05-27 14:03:12.672000+00:00,2023-05-27T14:03:12.716000+00:00,-2624,-3547,863,2
2023-05-27T14:03:12.832000+00:00,100,5,217,0,2023-05-27 14:03:12.832000+00:00,2023-05-27T14:03:12.936000+00:00,-2473,-3436,865,2
2023-05-27T14:03:13.112000+00:00,100,4,190,0,2023-05-27 14:03:13.112000+00:00,2023-05-27T14:03:12.936000+00:00,-2473,-3436,865,2
2023-05-27T14:03:13.313000+00:00,100,4,185,0,2023-05-27 14:03:13.313000+00:00,2023-05-27T14:03:13.296000+00:00,-2395,-3353,866,2
2023-05-27T14:03:13.512000+00:00,0,4,180,0,2023-05-27 14:03:13.512000+00:00,2023-05-27T14:03:13.416000+00:00,-2360,-3304,867,2
2023-05-27T14:03:13.712000+00:00,0,4,177,0,2023-05-27 14:03:13.712000+00:00,2023-05-27T14:03:13.756000+00:00,-2280,-3113,869,2
2023-05-27T14:03:13.952000+00:00,0,4,173,0,2023-05-27 14:03:13.952000+00:00,2023-05-27T14:03:13.756000+00:00,-2280,-3113,869,2
2023-05-27T14:03:14.152000+00:00,0,4,168,6,2023-05-27 14:03:14.152000+00:00,2023-05-27T14:03:14.156000+00:00,-2263,-2948,871,2
2023-05-27T14:03:14.312000+00:00,0,4,164,11,2023-05-27 14:03:14.312000+00:00,2023-05-27T14:03:14.156000+00:00,-2263,-2948,871,2
2023-05-27T14:03:14.512000+00:00,0,4,160,11,2023-05-27 14:03:14.512000+00:00,2023-05-27T14:03:14.556000+00:00,-2279,-2789,874,2
2023-05-27T14:03:14.672000+00:00,0,4,158,43,2023-05-27 14:03:14.672000+00:00,2023-05-27T14:03:14.556000+00:00,-2279,-2789,874,2
2023-05-27T14:03:14.992000+00:00,0,4,159,71,2023-05-27 14:03:14.992000+00:00,2023-05-27T14:03:15.056000+00:00,-2341,-2605,884,2
2023-05-27T14:03:15.232000+00:00,0,4,164,71,2023-05-27 14:03:15.232000+00:00,2023-05-27T14:03:15.396000+00:00,-2416,-2470,885,2
2023-05-27T14:03:15.432000+00:00,0,4,166,64,2023-05-27 14:03:15.432000+00:00,2023-05-27T14:03:15.456000+00:00,-2432,-2446,885,2
2023-05-27T14:03:15.832000+00:00,100,4,169,67,2023-05-27 14:03:15.832000+00:00,2023-05-27T14:03:15.776000+00:00,-2522,-2326,885,2
2023-05-27T14:03:16.072000+00:00,100,4,157,0,2023-05-27 14:03:16.072000+00:00,2023-05-27T14:03:16.115000+00:00,-2620,-2208,886,2
2023-05-27T14:03:16.392000+00:00,0,4,147,1,2023-05-27 14:03:16.392000+00:00,2023-05-27T14:03:16.335000+00:00,-2675,-2133,886,2
2023-05-27T14:03:16.832000+00:00,0,4,139,22,2023-05-27 14:03:16.832000+00:00,2023-05-27T14:03:16.775000+00:00,-2743,-1981,893,2
2023-05-27T14:03:16.992000+00:00,0,4,138,46,2023-05-27 14:03:16.992000+00:00,2023-05-27T14:03:16.935000+00:00,-2749,-1922,893,2
2023-05-27T14:03:17.272000+00:00,0,4,140,41,2023-05-27 14:03:17.272000+00:00,2023-05-27T14:03:17.175000+00:00,-2738,-1830,895,2
2023-05-27T14:03:17.432000+00:00,0,4,141,57,2023-05-27 14:03:17.432000+00:00,2023-05-27T14:03:17.415000+00:00,-2710,-1739,895,2
2023-05-27T14:03:17.672000+00:00,0,4,143,72,2023-05-27 14:03:17.672000+00:00,2023-05-27T14:03:17.695000+00:00,-2659,-1632,887,2
2023-05-27T14:03:17.912000+00:00,0,4,152,79,2023-05-27 14:03:17.912000+00:00,2023-05-27T14:03:17.975000+00:00,-2577,-1504,877,2
2023-05-27T14:03:18.272000+00:00,0,4,167,100,2023-05-27 14:03:18.272000+00:00,2023-05-27T14:03:18.135000+00:00,-2533,-1448,871,2
2023-05-27T14:03:18.432000+00:00,0,4,172,100,2023-05-27 14:03:18.432000+00:00,2023-05-27T14:03:18.415000+00:00,-2410,-1306,859,2
2023-05-27T14:03:18.672000+00:00,0,4,183,100,2023-05-27 14:03:18.672000+00:00,2023-05-27T14:03:18.835000+00:00,-2309,-1194,849,2
2023-05-27T14:03:18.872000+00:00,0,4,191,100,2023-05-27 14:03:18.872000+00:00,2023-05-27T14:03:18.835000+00:00,-2309,-1194,849,2
2023-05-27T14:03:19.112000+00:00,0,4,198,100,2023-05-27 14:03:19.112000+00:00,2023-05-27T14:03:19.116000+00:00,-2160,-1007,830,2
2023-05-27T14:03:19.472000+00:00,0,5,204,100,2023-05-27 14:03:19.472000+00:00,2023-05-27T14:03:19.416000+00:00,-2106,-928,822,2
2023-05-27T14:03:19.672000+00:00,0,5,216,100,2023-05-27 14:03:19.672000+00:00,2023-05-27T14:03:19.656000+00:00,-2033,-821,812,2
2023-05-27T14:03:20.033000+00:00,100,5,198,0,2023-05-27 14:03:20.033000+00:00,2023-05-27T14:03:20.116000+00:00,-1880,-608,792,2
2023-05-27T14:03:20.272000+00:00,100,5,169,0,2023-05-27 14:03:20.272000+00:00,2023-05-27T14:03:20.276000+00:00,-1831,-546,787,2
2023-05-27T14:03:20.432000+00:00,100,5,169,0,2023-05-27 14:03:20.432000+00:00,2023-05-27T14:03:20.436000+00:00,-1785,-489,781,2
2023-05-27T14:03:20.632000+00:00,100,4,143,0,2023-05-27 14:03:20.632000+00:00,2023-05-27T14:03:20.776000+00:00,-1684,-370,771,2
2023-05-27T14:03:20.912000+00:00,100,3,124,0,2023-05-27 14:03:20.912000+00:00,2023-05-27T14:03:20.776000+00:00,-1684,-370,771,2
2023-05-27T14:03:21.112000+00:00,100,2,113,0,2023-05-27 14:03:21.112000+00:00,2023-05-27T14:03:21.176000+00:00,-1609,-288,763,2
2023-05-27T14:03:21.512000+00:00,100,2,98,0,2023-05-27 14:03:21.512000+00:00,2023-05-27T14:03:21.636000+00:00,-1482,-201,751,2
2023-05-27T14:03:21.832000+00:00,100,2,90,0,2023-05-27 14:03:21.832000+00:00,2023-05-27T14:03:21.936000+00:00,-1414,-200,745,2
2023-05-27T14:03:22.032000+00:00,100,2,85,0,2023-05-27 14:03:22.032000+00:00,2023-05-27T14:03:21.936000+00:00,-1414,-200,745,2
2023-05-27T14:03:22.192000+00:00,100,2,80,0,2023-05-27 14:03:22.192000+00:00,2023-05-27T14:03:22.316000+00:00,-1362,-218,740,2
2023-05-27T14:03:22.512000+00:00,0,2,74,0,2023-05-27 14:03:22.512000+00:00,2023-05-27T14:03:22.555000+00:00,-1318,-246,734,2
2023-05-27T14:03:22.832000+00:00,0,2,70,20,2023-05-27 14:03:22.832000+00:00,2023-05-27T14:03:22.795000+00:00,-1283,-280,731,2
2023-05-27T14:03:23.152000+00:00,0,2,73,25,2023-05-27 14:03:23.152000+00:00,2023-05-27T14:03:23.175000+00:00,-1244,-347,725,2
2023-05-27T14:03:23.352000+00:00,0,2,79,32,2023-05-27 14:03:23.352000+00:00,2023-05-27T14:03:23.375000+00:00,-1229,-388,722,2
2023-05-27T14:03:23.592000+00:00,0,2,86,46,2023-05-27 14:03:23.592000+00:00,2023-05-27T14:03:23.655000+00:00,-1204,-485,715,2
2023-05-27T14:03:23.792000+00:00,0,2,93,70,2023-05-27 14:03:23.792000+00:00,2023-05-27T14:03:23.655000+00:00,-1204,-485,715,2
2023-05-27T14:03:23.952000+00:00,0,2,97,71,2023-05-27 14:03:23.952000+00:00,2023-05-27T14:03:24.055000+00:00,-1186,-555,709,2
2023-05-27T14:03:24.312000+00:00,0,2,117,100,2023-05-27 14:03:24.312000+00:00,2023-05-27T14:03:24.235000+00:00,-1170,-607,705,2
2023-05-27T14:03:24.632000+00:00,0,2,134,100,2023-05-27 14:03:24.632000+00:00,2023-05-27T14:03:24.675000+00:00,-1099,-799,691,2
2023-05-27T14:03:24.792000+00:00,0,3,144,100,2023-05-27 14:03:24.792000+00:00,2023-05-27T14:03:24.675000+00:00,-1099,-799,691,2
2023-05-27T14:03:25.152000+00:00,100,3,145,0,2023-05-27 14:03:25.152000+00:00,2023-05-27T14:03:25.135000+00:00,-1042,-915,681,2
2023-05-27T14:03:25.512000+00:00,100,2,112,0,2023-05-27 14:03:25.512000+00:00,2023-05-27T14:03:25.476000+00:00,-967,-1029,671,2
2023-05-27T14:03:25.712000+00:00,100,2,106,0,2023-05-27 14:03:25.712000+00:00,2023-05-27T14:03:25.796000+00:00,-936,-1065,668,2
2023-05-27T14:03:25.952000+00:00,100,1,87,0,2023-05-27 14:03:25.952000+00:00,2023-05-27T14:03:25.796000+00:00,-936,-1065,668,2
2023-05-27T14:03:26.192000+00:00,100,1,75,0,2023-05-27 14:03:26.192000+00:00,2023-05-27T14:03:26.116000+00:00,-864,-1117,662,2
2023-05-27T14:03:26.513000+00:00,100,1,66,0,2023-05-27 14:03:26.513000+00:00,2023-05-27T14:03:26.496000+00:00,-813,-1132,659,2
2023-05-27T14:03:26.713000+00:00,100,1,61,0,2023-05-27 14:03:26.713000+00:00,2023-05-27T14:03:26.776000+00:00,-759,-1119,655,2
2023-05-27T14:03:27.112000+00:00,0,1,54,0,2023-05-27 14:03:27.112000+00:00,2023-05-27T14:03:27.216000+00:00,-730,-1054,654,2
2023-05-27T14:03:27.312000+00:00,0,1,51,0,2023-05-27 14:03:27.312000+00:00,2023-05-27T14:03:27.216000+00:00,-730,-1054,654,2
2023-05-27T14:03:27.512000+00:00,0,1,48,0,2023-05-27 14:03:27.512000+00:00,2023-05-27T14:03:27.556000+00:00,-732,-1025,650,2
2023-05-27T14:03:27.752000+00:00,0,1,46,4,2023-05-27 14:03:27.752000+00:00,2023-05-27T14:03:27.836000+00:00,-745,-975,644,2
2023-05-27T14:03:27.992000+00:00,0,1,45,9,2023-05-27 14:03:27.992000+00:00,2023-05-27T14:03:27.836000+00:00,-745,-975,644,2
2023-05-27T14:03:28.192000+00:00,0,1,46,15,2023-05-27 14:03:28.192000+00:00,2023-05-27T14:03:28.236000+00:00,-759,-941,642,2
2023-05-27T14:03:28.592000+00:00,0,1,54,22,2023-05-27 14:03:28.592000+00:00,2023-05-27T14:03:28.616000+00:00,-797,-880,637,2
2023-05-27T14:03:28.752000+00:00,0,1,55,23,2023-05-27 14:03:28.752000+00:00,2023-05-27T14:03:28.616000+00:00,-797,-880,637,2
2023-05-27T14:03:28.912000+00:00,0,1,59,29,2023-05-27 14:03:28.912000+00:00,2023-05-27T14:03:28.896000+00:00,-813,-860,633,2
2023-05-27T14:03:29.112000+00:00,0,1,64,37,2023-05-27 14:03:29.112000+00:00,2023-05-27T14:03:29.195000+00:00,-848,-821,629,2
2023-05-27T14:03:29.392000+00:00,0,1,74,53,2023-05-27 14:03:29.392000+00:00,2023-05-27T14:03:29.435000+00:00,-881,-787,623,2
2023-05-27T14:03:29.552000+00:00,0,1,79,60,2023-05-27 14:03:29.552000+00:00,2023-05-27T14:03:29.575000+00:00,-893,-775,622,2
2023-05-27T14:03:29.872000+00:00,0,1,98,75,2023-05-27 14:03:29.872000+00:00,2023-05-27T14:03:29.815000+00:00,-933,-733,617,2
2023-05-27T14:03:30.072000+00:00,100,2,102,0,2023-05-27 14:03:30.072000+00:00,2023-05-27T14:03:30.075000+00:00,-980,-678,613,2
2023-05-27T14:03:30.352000+00:00,100,2,97,0,2023-05-27 14:03:30.352000+00:00,2023-05-27T14:03:30.275000+00:00,-1016,-613,608,2
2023-05-27T14:03:30.592000+00:00,100,2,90,0,2023-05-27 14:03:30.592000+00:00,2023-05-27T14:03:30.695000+00:00,-1029,-532,605,2
2023-05-27T14:03:30.752000+00:00,0,2,87,0,2023-05-27 14:03:30.752000+00:00,2023-05-27T14:03:30.695000+00:00,-1029,-532,605,2
2023-05-27T14:03:31.032000+00:00,0,2,83,0,2023-05-27 14:03:31.032000+00:00,2023-05-27T14:03:31.055000+00:00,-1007,-451,598,2
2023-05-27T14:03:31.232000+00:00,0,2,81,0,2023-05-27 14:03:31.232000+00:00,2023-05-27T14:03:31.235000+00:00,-985,-417,592,2
2023-05-27T14:03:31.512000+00:00,0,2,79,25,2023-05-27 14:03:31.512000+00:00,2023-05-27T14:03:31.475000+00:00,-948,-379,589,2
2023-05-27T14:03:31.912000+00:00,0,2,87,44,2023-05-27 14:03:31.912000+00:00,2023-05-27T14:03:31.915000+00:00,-863,-321,581,2
2023-05-27T14:03:32.152000+00:00,0,2,92,54,2023-05-27 14:03:32.152000+00:00,2023-05-27T14:03:32.156000+00:00,-811,-293,575,2
2023-05-27T14:03:32.552000+00:00,0,2,107,86,2023-05-27 14:03:32.552000+00:00,2023-05-27T14:03:32.496000+00:00,-726,-255,567,2
2023-05-27T14:03:32.712000+00:00,0,2,119,92,2023-05-27 14:03:32.712000+00:00,2023-05-27T14:03:32.756000+00:00,-629,-216,561,2
2023-05-27T14:03:32.953000+00:00,100,2,125,0,2023-05-27 14:03:32.953000+00:00,2023-05-27T14:03:32.756000+00:00,-629,-216,561,2
2023-05-27T14:03:33.313000+00:00,100,2,111,0,2023-05-27 14:03:33.313000+00:00,2023-05-27T14:03:33.216000+00:00,-485,-176,555,2
2023-05-27T14:03:33.472000+00:00,100,2,101,0,2023-05-27 14:03:33.472000+00:00,2023-05-27T14:03:33.496000+00:00,-421,-168,552,2
2023-05-27T14:03:33.712000+00:00,100,2,94,0,2023-05-27 14:03:33.712000+00:00,2023-05-27T14:03:33.656000+00:00,-379,-169,550,2
2023-05-27T14:03:33.912000+00:00,0,2,94,0,2023-05-27 14:03:33.912000+00:00,2023-05-27T14:03:33.976000+00:00,-306,-192,546,2
2023-05-27T14:03:34.272000+00:00,0,2,83,1,2023-05-27 14:03:34.272000+00:00,2023-05-27T14:03:34.356000+00:00,-247,-259,546,2
2023-05-27T14:03:34.672000+00:00,0,2,82,32,2023-05-27 14:03:34.672000+00:00,2023-05-27T14:03:34.696000+00:00,-216,-332,545,2
2023-05-27T14:03:35.032000+00:00,0,2,86,46,2023-05-27 14:03:35.032000+00:00,2023-05-27T14:03:34.976000+00:00,-199,-397,545,2
2023-05-27T14:03:35.272000+00:00,0,2,92,59,2023-05-27 14:03:35.272000+00:00,2023-05-27T14:03:35.196000+00:00,-191,-449,545,2
2023-05-27T14:03:35.432000+00:00,0,2,98,59,2023-05-27 14:03:35.432000+00:00,2023-05-27T14:03:35.456000+00:00,-187,-493,545,2
2023-05-27T14:03:35.672000+00:00,0,2,98,94,2023-05-27 14:03:35.672000+00:00,2023-05-27T14:03:35.635000+00:00,-186,-530,545,2
2023-05-27T14:03:35.912000+00:00,0,2,122,100,2023-05-27 14:03:35.912000+00:00,2023-05-27T14:03:35.795000+00:00,-185,-578,545,2
2023-05-27T14:03:36.072000+00:00,0,2,132,100,2023-05-27 14:03:36.072000+00:00,2023-05-27T14:03:36.135000+00:00,-188,-695,545,2
2023-05-27T14:03:36.352000+00:00,0,3,142,100,2023-05-27 14:03:36.352000+00:00,2023-05-27T14:03:36.295000+00:00,-193,-756,545,2
2023-05-27T14:03:36.632000+00:00,0,3,154,100,2023-05-27 14:03:36.632000+00:00,2023-05-27T14:03:36.655000+00:00,-210,-906,544,2
2023-05-27T14:03:36.832000+00:00,0,3,168,100,2023-05-27 14:03:36.832000+00:00,2023-05-27T14:03:36.815000+00:00,-218,-979,543,2
2023-05-27T14:03:37.072000+00:00,0,4,181,100,2023-05-27 14:03:37.072000+00:00,2023-05-27T14:03:37.155000+00:00,-236,-1143,543,2
2023-05-27T14:03:37.392000+00:00,0,4,193,100,2023-05-27 14:03:37.392000+00:00,2023-05-27T14:03:37.415000+00:00,-254,-1310,543,2
2023-05-27T14:03:37.752000+00:00,0,4,204,100,2023-05-27 14:03:37.752000+00:00,2023-05-27T14:03:37.695000+00:00,-267,-1430,543,2
2023-05-27T14:03:37.912000+00:00,0,5,210,100,2023-05-27 14:03:37.912000+00:00,2023-05-27T14:03:38.015000+00:00,-288,-1614,542,2
2023-05-27T14:03:38.072000+00:00,0,5,216,100,2023-05-27 14:03:38.072000+00:00,2023-05-27T14:03:38.015000+00:00,-288,-1614,542,2
2023-05-27T14:03:38.432000+00:00,0,5,221,100,2023-05-27 14:03:38.432000+00:00,2023-05-27T14:03:38.435000+00:00,-364,-1947,542,2
2023-05-27T14:03:38.712000+00:00,0,5,231,100,2023-05-27 14:03:38.712000+00:00,2023-05-27T14:03:38.736000+00:00,-399,-2057,542,2
2023-05-27T14:03:38.912000+00:00,0,5,235,100,2023-05-27 14:03:38.912000+00:00,2023-05-27T14:03:39.016000+00:00,-460,-2230,541,2
2023-05-27T14:03:39.192000+00:00,0,6,241,100,2023-05-27 14:03:39.192000+00:00,2023-05-27T14:03:39.196000+00:00,-533,-2417,541,2
2023-05-27T14:03:39.352000+00:00,0,6,241,100,2023-05-27 14:03:39.352000+00:00,2023-05-27T14:03:39.196000+00:00,-533,-2417,541,2
2023-05-27T14:03:39.593000+00:00,0,6,246,100,2023-05-27 14:03:39.593000+00:00,2023-05-27T14:03:39.596000+00:00,-600,-2578,541,2
2023-05-27T14:03:39.753000+00:00,0,6,252,100,2023-05-27 14:03:39.753000+00:00,2023-05-27T14:03:39.876000+00:00,-700,-2792,541,2
2023-05-27T14:03:39.953000+00:00,0,6,255,100,2023-05-27 14:03:39.953000+00:00,2023-05-27T14:03:39.876000+00:00,-700,-2792,541,2
2023-05-27T14:03:40.192000+00:00,0,6,258,100,2023-05-27 14:03:40.192000+00:00,2023-05-27T14:03:40.216000+00:00,-846,-3035,542,2
2023-05-27T14:03:40.432000+00:00,0,6,260,100,2023-05-27 14:03:40.432000+00:00,2023-05-27T14:03:40.536000+00:00,-935,-3146,542,2
2023-05-27T14:03:40.672000+00:00,0,6,264,100,2023-05-27 14:03:40.672000+00:00,2023-05-27T14:03:40.796000+00:00,-1070,-3278,542,2
2023-05-27T14:03:40.832000+00:00,0,7,264,100,2023-05-27 14:03:40.832000+00:00,2023-05-27T14:03:40.796000+00:00,-1070,-3278,542,2
2023-05-27T14:03:41.072000+00:00,0,7,267,100,2023-05-27 14:03:41.072000+00:00,2023-05-27T14:03:41.136000+00:00,-1275,-3422,542,2
2023-05-27T14:03:41.392000+00:00,0,7,269,100,2023-05-27 14:03:41.392000+00:00,2023-05-27T14:03:41.296000+00:00,-1437,-3506,541,2
2023-05-27T14:03:41.672000+00:00,0,7,273,100,2023-05-27 14:03:41.672000+00:00,2023-05-27T14:03:41.696000+00:00,-1657,-3610,540,2
2023-05-27T14:03:41.832000+00:00,0,7,275,100,2023-05-27 14:03:41.832000+00:00,2023-05-27T14:03:41.836000+00:00,-1753,-3656,540,2
2023-05-27T14:03:42.032000+00:00,0,7,277,100,2023-05-27 14:03:42.032000+00:00,2023-05-27T14:03:42.115000+00:00,-1945,-3753,541,2
2023-05-27T14:03:42.272000+00:00,0,7,280,100,2023-05-27 14:03:42.272000+00:00,2023-05-27T14:03:42.355000+00:00,-2213,-3889,541,2
2023-05-27T14:03:42.512000+00:00,0,7,280,100,2023-05-27 14:03:42.512000+00:00,2023-05-27T14:03:42.355000+00:00,-2213,-3889,541,2
2023-05-27T14:03:42.712000+00:00,0,7,280,100,2023-05-27 14:03:42.712000+00:00,2023-05-27T14:03:42.735000+00:00,-2413,-3984,541,2
2023-05-27T14:03:43.112000+00:00,0,7,286,100,2023-05-27 14:03:43.112000+00:00,2023-05-27T14:03:43.135000+00:00,-2731,-4118,543,2
2023-05-27T14:03:43.352000+00:00,0,7,287,100,2023-05-27 14:03:43.352000+00:00,2023-05-27T14:03:43.495000+00:00,-2896,-4177,542,2
2023-05-27T14:03:43.592000+00:00,100,7,288,0,2023-05-27 14:03:43.592000+00:00,2023-05-27T14:03:43.675000+00:00,-3133,-4246,539,2
2023-05-27T14:03:43.912000+00:00,100,7,244,0,2023-05-27 14:03:43.912000+00:00,2023-05-27T14:03:43.675000+00:00,-3133,-4246,539,2
2023-05-27T14:03:44.192000+00:00,100,7,213,0,2023-05-27 14:03:44.192000+00:00,2023-05-27T14:03:44.195000+00:00,-3377,-4296,530,2
2023-05-27T14:03:44.352000+00:00,100,7,202,0,2023-05-27 14:03:44.352000+00:00,2023-05-27T14:03:44.355000+00:00,-3543,-4320,522,2
2023-05-27T14:03:44.632000+00:00,100,6,175,0,2023-05-27 14:03:44.632000+00:00,2023-05-27T14:03:44.735000+00:00,-3661,-4333,516,2
2023-05-27T14:03:44.912000+00:00,100,4,148,0,2023-05-27 14:03:44.912000+00:00,2023-05-27T14:03:44.895000+00:00,-3730,-4340,512,2
2023-05-27T14:03:45.112000+00:00,100,3,135,0,2023-05-27 14:03:45.112000+00:00,2023-05-27T14:03:45.236000+00:00,-3913,-4360,503,2
2023-05-27T14:03:45.352000+00:00,100,2,124,0,2023-05-27 14:03:45.352000+00:00,2023-05-27T14:03:45.236000+00:00,-3913,-4360,503,2
2023-05-27T14:03:45.672000+00:00,100,2,103,0,2023-05-27 14:03:45.672000+00:00,2023-05-27T14:03:45.576000+00:00,-3977,-4368,501,2
2023-05-27T14:03:45.832000+00:00,100,2,100,0,2023-05-27 14:03:45.832000+00:00,2023-05-27T14:03:45.856000+00:00,-4135,-4417,495,2
2023-05-27T14:03:46.193000+00:00,100,2,93,0,2023-05-27 14:03:46.193000+00:00,2023-05-27T14:03:46.136000+00:00,-4159,-4441,492,2
2023-05-27T14:03:46.393000+00:00,0,2,83,0,2023-05-27 14:03:46.393000+00:00,2023-05-27T14:03:46.456000+00:00,-4215,-4536,491,2
2023-05-27T14:03:46.593000+00:00,0,2,80,0,2023-05-27 14:03:46.593000+00:00,2023-05-27T14:03:46.456000+00:00,-4215,-4536,491,2
2023-05-27T14:03:46.753000+00:00,100,2,77,0,2023-05-27 14:03:46.753000+00:00,2023-05-27T14:03:46.856000+00:00,-4269,-4607,490,2
2023-05-27T14:03:47.032000+00:00,0,2,73,0,2023-05-27 14:03:47.032000+00:00,2023-05-27T14:03:46.856000+00:00,-4269,-4607,490,2
2023-05-27T14:03:47.272000+00:00,0,2,70,4,2023-05-27 14:03:47.272000+00:00,2023-05-27T14:03:47.296000+00:00,-4341,-4643,490,2
2023-05-27T14:03:47.472000+00:00,0,2,65,14,2023-05-27 14:03:47.472000+00:00,2023-05-27T14:03:47.596000+00:00,-4373,-4649,490,2
2023-05-27T14:03:47.632000+00:00,0,2,66,17,2023-05-27 14:03:47.632000+00:00,2023-05-27T14:03:47.596000+00:00,-4373,-4649,490,2
2023-05-27T14:03:47.832000+00:00,0,2,69,27,2023-05-27 14:03:47.832000+00:00,2023-05-27T14:03:47.916000+00:00,-4454,-4649,490,2
2023-05-27T14:03:48.152000+00:00,0,2,75,43,2023-05-27 14:03:48.152000+00:00,2023-05-27T14:03:48.196000+00:00,-4492,-4643,490,2
2023-05-27T14:03:48.392000+00:00,0,2,82,61,2023-05-27 14:03:48.392000+00:00,2023-05-27T14:03:48.396000+00:00,-4536,-4633,490,2
2023-05-27T14:03:48.672000+00:00,0,2,94,87,2023-05-27 14:03:48.672000+00:00,2023-05-27T14:03:48.735000+00:00,-4622,-4612,489,2
2023-05-27T14:03:48.872000+00:00,0,2,104,98,2023-05-27 14:03:48.872000+00:00,2023-05-27T14:03:48.895000+00:00,-4703,-4600,490,2
2023-05-27T14:03:49.072000+00:00,0,2,123,100,2023-05-27 14:03:49.072000+00:00,2023-05-27T14:03:48.895000+00:00,-4703,-4600,490,2
2023-05-27T14:03:49.232000+00:00,0,2,127,100,2023-05-27 14:03:49.232000+00:00,2023-05-27T14:03:49.255000+00:00,-4785,-4602,490,2
2023-05-27T14:03:49.472000+00:00,0,3,144,100,2023-05-27 14:03:49.472000+00:00,2023-05-27T14:03:49.535000+00:00,-4916,-4618,489,2
2023-05-27T14:03:49.672000+00:00,0,3,155,100,2023-05-27 14:03:49.672000+00:00,2023-05-27T14:03:49.755000+00:00,-5009,-4633,489,2
2023-05-27T14:03:49.832000+00:00,0,3,160,100,2023-05-27 14:03:49.832000+00:00,2023-05-27T14:03:49.815000+00:00,-5035,-4637,489,2
2023-05-27T14:03:50.112000+00:00,0,3,169,100,2023-05-27 14:03:50.112000+00:00,2023-05-27T14:03:50.035000+00:00,-5134,-4652,489,2
2023-05-27T14:03:50.352000+00:00,0,4,182,100,2023-05-27 14:03:50.352000+00:00,2023-05-27T14:03:50.295000+00:00,-5259,-4669,489,2
2023-05-27T14:03:50.592000+00:00,0,4,186,100,2023-05-27 14:03:50.592000+00:00,2023-05-27T14:03:50.535000+00:00,-5381,-4686,490,2
2023-05-27T14:03:50.792000+00:00,0,4,200,100,2023-05-27 14:03:50.792000+00:00,2023-05-27T14:03:50.735000+00:00,-5488,-4699,489,2
2023-05-27T14:03:51.032000+00:00,0,5,206,100,2023-05-27 14:03:51.032000+00:00,2023-05-27T14:03:51.055000+00:00,-5667,-4720,489,2
2023-05-27T14:03:51.432000+00:00,0,5,217,100,2023-05-27 14:03:51.432000+00:00,2023-05-27T14:03:51.495000+00:00,-5926,-4749,489,2
2023-05-27T14:03:51.792000+00:00,0,5,227,100,2023-05-27 14:03:51.792000+00:00,2023-05-27T14:03:51.836000+00:00,-6149,-4770,490,2
2023-05-27T14:03:52.112000+00:00,100,5,215,0,2023-05-27 14:03:52.112000+00:00,2023-05-27T14:03:52.236000+00:00,-6390,-4787,489,2
2023-05-27T14:03:52.352000+00:00,100,5,196,0,2023-05-27 14:03:52.352000+00:00,2023-05-27T14:03:52.396000+00:00,-6466,-4791,490,2
2023-05-27T14:03:52.512000+00:00,100,5,182,0,2023-05-27 14:03:52.512000+00:00,2023-05-27T14:03:52.396000+00:00,-6466,-4791,490,2
2023-05-27T14:03:52.873000+00:00,100,4,166,2,2023-05-27 14:03:52.873000+00:00,2023-05-27T14:03:53.076000+00:00,-6787,-4885,490,2
2023-05-27T14:03:53.073000+00:00,0,4,162,17,2023-05-27 14:03:53.073000+00:00,2023-05-27T14:03:53.076000+00:00,-6787,-4885,490,2
2023-05-27T14:03:53.473000+00:00,0,4,162,67,2023-05-27 14:03:53.473000+00:00,2023-05-27T14:03:53.596000+00:00,-6933,-5035,487,2
2023-05-27T14:03:53.672000+00:00,0,4,162,87,2023-05-27 14:03:53.672000+00:00,2023-05-27T14:03:53.596000+00:00,-6933,-5035,487,2
2023-05-27T14:03:53.992000+00:00,0,4,176,100,2023-05-27 14:03:53.992000+00:00,2023-05-27T14:03:53.976000+00:00,-7031,-5182,484,2
2023-05-27T14:03:54.232000+00:00,0,4,183,100,2023-05-27 14:03:54.232000+00:00,2023-05-27T14:03:54.296000+00:00,-7100,-5327,483,2
2023-05-27T14:03:54.472000+00:00,0,4,192,100,2023-05-27 14:03:54.472000+00:00,2023-05-27T14:03:54.456000+00:00,-7149,-5476,483,2
2023-05-27T14:03:54.632000+00:00,0,4,192,100,2023-05-27 14:03:54.632000+00:00,2023-05-27T14:03:54.456000+00:00,-7149,-5476,483,2
2023-05-27T14:03:54.872000+00:00,0,5,206,100,2023-05-27 14:03:54.872000+00:00,2023-05-27T14:03:54.916000+00:00,-7189,-5664,482,2
2023-05-27T14:03:55.152000+00:00,0,5,208,100,2023-05-27 14:03:55.152000+00:00,2023-05-27T14:03:55.116000+00:00,-7205,-5780,482,2
2023-05-27T14:03:55.312000+00:00,0,5,216,100,2023-05-27 14:03:55.312000+00:00,2023-05-27T14:03:55.275000+00:00,-7214,-5874,482,2
2023-05-27T14:03:55.472000+00:00,0,5,220,100,2023-05-27 14:03:55.472000+00:00,2023-05-27T14:03:55.555000+00:00,-7217,-6129,482,2
2023-05-27T14:03:55.672000+00:00,0,5,224,100,2023-05-27 14:03:55.672000+00:00,2023-05-27T14:03:55.555000+00:00,-7217,-6129,482,2
2023-05-27T14:03:55.912000+00:00,0,5,227,100,2023-05-27 14:03:55.912000+00:00,2023-05-27T14:03:55.895000+00:00,-7200,-6248,482,2
2023-05-27T14:03:56.072000+00:00,0,6,230,100,2023-05-27 14:03:56.072000+00:00,2023-05-27T14:03:56.155000+00:00,-7140,-6382,481,2
2023-05-27T14:03:56.272000+00:00,0,6,234,100,2023-05-27 14:03:56.272000+00:00,2023-05-27T14:03:56.155000+00:00,-7140,-6382,481,2
2023-05-27T14:03:56.552000+00:00,0,6,236,100,2023-05-27 14:03:56.552000+00:00,2023-05-27T14:03:56.615000+00:00,-6962,-6635,481,2
2023-05-27T14:03:56.712000+00:00,0,6,241,100,2023-05-27 14:03:56.712000+00:00,2023-05-27T14:03:56.775000+00:00,-6906,-6804,479,2
2023-05-27T14:03:56.992000+00:00,0,6,244,100,2023-05-27 14:03:56.992000+00:00,2023-05-27T14:03:57.095000+00:00,-6865,-6948,479,2
2023-05-27T14:03:57.192000+00:00,0,6,247,71,2023-05-27 14:03:57.192000+00:00,2023-05-27T14:03:57.095000+00:00,-6865,-6948,479,2
2023-05-27T14:03:57.552000+00:00,100,6,225,0,2023-05-27 14:03:57.552000+00:00,2023-05-27T14:03:57.495000+00:00,-6804,-7213,479,2
2023-05-27T14:03:57.752000+00:00,100,6,202,0,2023-05-27 14:03:57.752000+00:00,2023-05-27T14:03:57.775000+00:00,-6778,-7375,479,2
2023-05-27T14:03:57.952000+00:00,100,6,184,0,2023-05-27 14:03:57.952000+00:00,2023-05-27T14:03:57.875000+00:00,-6771,-7430,479,2
2023-05-27T14:03:58.232000+00:00,100,4,163,0,2023-05-27 14:03:58.232000+00:00,2023-05-27T14:03:58.175000+00:00,-6755,-7578,480,2
2023-05-27T14:03:58.432000+00:00,100,4,156,0,2023-05-27 14:03:58.432000+00:00,2023-05-27T14:03:58.456000+00:00,-6745,-7743,479,2
2023-05-27T14:03:58.712000+00:00,100,4,142,0,2023-05-27 14:03:58.712000+00:00,2023-05-27T14:03:58.696000+00:00,-6746,-7807,479,2
2023-05-27T14:03:58.992000+00:00,100,4,136,0,2023-05-27 14:03:58.992000+00:00,2023-05-27T14:03:59.016000+00:00,-6762,-7913,479,2
2023-05-27T14:03:59.273000+00:00,0,4,129,0,2023-05-27 14:03:59.273000+00:00,2023-05-27T14:03:59.276000+00:00,-6848,-8014,479,2
2023-05-27T14:03:59.593000+00:00,0,4,126,1,2023-05-27 14:03:59.593000+00:00,2023-05-27T14:03:59.556000+00:00,-6883,-8061,479,2
2023-05-27T14:03:59.873000+00:00,0,4,122,10,2023-05-27 14:03:59.873000+00:00,2023-05-27T14:03:59.756000+00:00,-6897,-8126,479,2
2023-05-27T14:04:00.033000+00:00,0,4,122,25,2023-05-27 14:04:00.033000+00:00,2023-05-27T14:04:00.036000+00:00,-6895,-8224,478,2
2023-05-27T14:04:00.273000+00:00,0,4,124,56,2023-05-27 14:04:00.273000+00:00,2023-05-27T14:04:00.316000+00:00,-6870,-8368,477,2
2023-05-27T14:04:00.512000+00:00,0,4,129,56,2023-05-27 14:04:00.512000+00:00,2023-05-27T14:04:00.556000+00:00,-6861,-8403,477,2
2023-05-27T14:04:00.672000+00:00,0,4,136,98,2023-05-27 14:04:00.672000+00:00,2023-05-27T14:04:00.556000+00:00,-6861,-8403,477,2
2023-05-27T14:04:01.072000+00:00,0,4,154,100,2023-05-27 14:04:01.072000+00:00,2023-05-27T14:04:01.056000+00:00,-6799,-8589,477,2
2023-05-27T14:04:01.392000+00:00,0,4,167,100,2023-05-27 14:04:01.392000+00:00,2023-05-27T14:04:01.276000+00:00,-6731,-8734,478,2
2023-05-27T14:04:01.592000+00:00,0,4,167,100,2023-05-27 14:04:01.592000+00:00,2023-05-27T14:04:01.596000+00:00,-6689,-8809,478,2
2023-05-27T14:04:01.832000+00:00,0,4,183,100,2023-05-27 14:04:01.832000+00:00,2023-05-27T14:04:01.915000+00:00,-6598,-8941,477,2
2023-05-27T14:04:02.032000+00:00,0,4,187,100,2023-05-27 14:04:02.032000+00:00,2023-05-27T14:04:02.055000+00:00,-6552,-8998,477,2
2023-05-27T14:04:02.272000+00:00,0,4,196,0,2023-05-27 14:04:02.272000+00:00,2023-05-27T14:04:02.355000+00:00,-6422,-9128,478,2
2023-05-27T14:04:02.592000+00:00,100,4,176,0,2023-05-27 14:04:02.592000+00:00,2023-05-27T14:04:02.735000+00:00,-6287,-9214,477,2
2023-05-27T14:04:02.832000+00:00,100,4,160,0,2023-05-27 14:04:02.832000+00:00,2023-05-27T14:04:02.895000+00:00,-6224,-9249,477,2
2023-05-27T14:04:03.192000+00:00,100,4,127,0,2023-05-27 14:04:03.192000+00:00,2023-05-27T14:04:03.175000+00:00,-6096,-9318,480,2
2023-05-27T14:04:03.352000+00:00,100,4,119,0,2023-05-27 14:04:03.352000+00:00,2023-05-27T14:04:03.175000+00:00,-6096,-9318,480,2
2023-05-27T14:04:03.632000+00:00,100,2,106,0,2023-05-27 14:04:03.632000+00:00,2023-05-27T14:04:03.615000+00:00,-6001,-9382,482,2
2023-05-27T14:04:03.792000+00:00,100,2,91,0,2023-05-27 14:04:03.792000+00:00,2023-05-27T14:04:03.895000+00:00,-5960,-9428,483,2
2023-05-27T14:04:04.032000+00:00,100,2,88,0,2023-05-27 14:04:04.032000+00:00,2023-05-27T14:04:03.895000+00:00,-5960,-9428,483,2
2023-05-27T14:04:04.352000+00:00,0,2,78,0,2023-05-27 14:04:04.352000+00:00,2023-05-27T14:04:04.255000+00:00,-5929,-9511,484,2
2023-05-27T14:04:04.592000+00:00,0,2,71,0,2023-05-27 14:04:04.592000+00:00,2023-05-27T14:04:04.635000+00:00,-5940,-9602,487,2
2023-05-27T14:04:04.792000+00:00,0,2,70,0,2023-05-27 14:04:04.792000+00:00,2023-05-27T14:04:04.635000+00:00,-5940,-9602,487,2
2023-05-27T14:04:05.112000+00:00,0,2,66,0,2023-05-27 14:04:05.112000+00:00,2023-05-27T14:04:05.236000+00:00,-6006,-9702,490,2
2023-05-27T14:04:05.312000+00:00,0,2,63,1,2023-05-27 14:04:05.312000+00:00,2023-05-27T14:04:05.236000+00:00,-6006,-9702,490,2
2023-05-27T14:04:05.632000+00:00,0,2,61,11,2023-05-27 14:04:05.632000+00:00,2023-05-27T14:04:05.736000+00:00,-6057,-9728,492,2
2023-05-27T14:04:05.913000+00:00,0,2,64,25,2023-05-27 14:04:05.913000+00:00,2023-05-27T14:04:05.836000+00:00,-6073,-9734,494,2
2023-05-27T14:04:06.153000+00:00,0,2,68,38,2023-05-27 14:04:06.153000+00:00,2023-05-27T14:04:06.236000+00:00,-6145,-9753,498,2
2023-05-27T14:04:06.393000+00:00,0,2,77,53,2023-05-27 14:04:06.393000+00:00,2023-05-27T14:04:06.496000+00:00,-6199,-9760,501,2
2023-05-27T14:04:06.713000+00:00,0,2,90,76,2023-05-27 14:04:06.713000+00:00,2023-05-27T14:04:06.796000+00:00,-6277,-9767,505,2
2023-05-27T14:04:07.112000+00:00,0,2,106,86,2023-05-27 14:04:07.112000+00:00,2023-05-27T14:04:07.096000+00:00,-6356,-9772,508,2
2023-05-27T14:04:07.272000+00:00,100,2,118,0,2023-05-27 14:04:07.272000+00:00,2023-05-27T14:04:07.376000+00:00,-6483,-9772,514,2
2023-05-27T14:04:07.552000+00:00,100,2,110,0,2023-05-27 14:04:07.552000+00:00,2023-05-27T14:04:07.716000+00:00,-6548,-9765,517,2
2023-05-27T14:04:07.832000+00:00,100,2,97,0,2023-05-27 14:04:07.832000+00:00,2023-05-27T14:04:07.876000+00:00,-6591,-9759,519,2
2023-05-27T14:04:08.232000+00:00,0,2,87,0,2023-05-27 14:04:08.232000+00:00,2023-05-27T14:04:08.176000+00:00,-6662,-9740,520,2
2023-05-27T14:04:08.592000+00:00,0,2,83,13,2023-05-27 14:04:08.592000+00:00,2023-05-27T14:04:08.595000+00:00,-6738,-9687,519,2
2023-05-27T14:04:08.872000+00:00,0,2,83,26,2023-05-27 14:04:08.872000+00:00,2023-05-27T14:04:08.855000+00:00,-6777,-9619,514,2
2023-05-27T14:04:09.232000+00:00,0,2,90,55,2023-05-27 14:04:09.232000+00:00,2023-05-27T14:04:09.175000+00:00,-6794,-9563,511,2
2023-05-27T14:04:09.712000+00:00,0,2,113,100,2023-05-27 14:04:09.712000+00:00,2023-05-27T14:04:09.755000+00:00,-6829,-9401,507,2
2023-05-27T14:04:09.872000+00:00,0,2,124,100,2023-05-27 14:04:09.872000+00:00,2023-05-27T14:04:09.755000+00:00,-6829,-9401,507,2
2023-05-27T14:04:10.152000+00:00,0,2,134,100,2023-05-27 14:04:10.152000+00:00,2023-05-27T14:04:10.055000+00:00,-6860,-9305,506,2
2023-05-27T14:04:10.392000+00:00,0,3,146,100,2023-05-27 14:04:10.392000+00:00,2023-05-27T14:04:10.455000+00:00,-6931,-9169,505,2
2023-05-27T14:04:10.592000+00:00,0,3,162,100,2023-05-27 14:04:10.592000+00:00,2023-05-27T14:04:10.715000+00:00,-7024,-9034,504,2
2023-05-27T14:04:10.832000+00:00,0,4,171,100,2023-05-27 14:04:10.832000+00:00,2023-05-27T14:04:10.715000+00:00,-7024,-9034,504,2
2023-05-27T14:04:10.992000+00:00,0,4,180,100,2023-05-27 14:04:10.992000+00:00,2023-05-27T14:04:11.155000+00:00,-7114,-8898,504,2
2023-05-27T14:04:11.312000+00:00,0,4,193,100,2023-05-27 14:04:11.312000+00:00,2023-05-27T14:04:11.355000+00:00,-7183,-8770,504,2
2023-05-27T14:04:11.512000+00:00,0,4,196,100,2023-05-27 14:04:11.512000+00:00,2023-05-27T14:04:11.355000+00:00,-7183,-8770,504,2
2023-05-27T14:04:11.752000+00:00,0,5,208,100,2023-05-27 14:04:11.752000+00:00,2023-05-27T14:04:11.816000+00:00,-7269,-8560,503,2
2023-05-27T14:04:12.192000+00:00,0,5,224,100,2023-05-27 14:04:12.192000+00:00,2023-05-27T14:04:12.216000+00:00,-7340,-8342,503,2
2023-05-27T14:04:12.433000+00:00,0,5,226,100,2023-05-27 14:04:12.433000+00:00,2023-05-27T14:04:12.376000+00:00,-7390,-8174,503,2
2023-05-27T14:04:12.633000+00:00,0,6,232,100,2023-05-27 14:04:12.633000+00:00,2023-05-27T14:04:12.696000+00:00,-7426,-8049,502,2
2023-05-27T14:04:13.033000+00:00,0,6,243,100,2023-05-27 14:04:13.033000+00:00,2023-05-27T14:04:12.936000+00:00,-7468,-7894,502,2
2023-05-27T14:04:13.313000+00:00,0,6,252,100,2023-05-27 14:04:13.313000+00:00,2023-05-27T14:04:13.136000+00:00,-7528,-7669,502,2
2023-05-27T14:04:13.513000+00:00,0,6,256,100,2023-05-27 14:04:13.513000+00:00,2023-05-27T14:04:13.616000+00:00,-7580,-7434,502,2
2023-05-27T14:04:13.872000+00:00,0,6,264,100,2023-05-27 14:04:13.872000+00:00,2023-05-27T14:04:13.816000+00:00,-7604,-7293,503,2
2023-05-27T14:04:14.192000+00:00,0,7,267,100,2023-05-27 14:04:14.192000+00:00,2023-05-27T14:04:14.136000+00:00,-7634,-7024,503,2
2023-05-27T14:04:14.432000+00:00,0,7,273,100,2023-05-27 14:04:14.432000+00:00,2023-05-27T14:04:14.356000+00:00,-7647,-6859,502,2
2023-05-27T14:04:14.632000+00:00,0,7,273,7,2023-05-27 14:04:14.632000+00:00,2023-05-27T14:04:14.716000+00:00,-7664,-6589,502,2
2023-05-27T14:04:14.832000+00:00,0,7,270,0,2023-05-27 14:04:14.832000+00:00,2023-05-27T14:04:14.876000+00:00,-7676,-6380,503,2
2023-05-27T14:04:15.152000+00:00,100,7,260,0,2023-05-27 14:04:15.152000+00:00,2023-05-27T14:04:15.195000+00:00,-7681,-6236,503,2
2023-05-27T14:04:15.552000+00:00,100,7,242,0,2023-05-27 14:04:15.552000+00:00,2023-05-27T14:04:15.435000+00:00,-7673,-6068,503,2
2023-05-27T14:04:15.712000+00:00,100,7,236,0,2023-05-27 14:04:15.712000+00:00,2023-05-27T14:04:15.715000+00:00,-7661,-5882,503,2
2023-05-27T14:04:15.912000+00:00,100,7,219,0,2023-05-27 14:04:15.912000+00:00,2023-05-27T14:04:15.975000+00:00,-7638,-5662,503,2
2023-05-27T14:04:16.152000+00:00,100,7,209,0,2023-05-27 14:04:16.152000+00:00,2023-05-27T14:04:16.275000+00:00,-7622,-5550,511,2
2023-05-27T14:04:16.512000+00:00,100,7,184,0,2023-05-27 14:04:16.512000+00:00,2023-05-27T14:04:16.495000+00:00,-7602,-5433,514,2
2023-05-27T14:04:16.672000+00:00,100,6,171,0,2023-05-27 14:04:16.672000+00:00,2023-05-27T14:04:16.655000+00:00,-7587,-5355,516,2
2023-05-27T14:04:16.912000+00:00,100,4,158,0,2023-05-27 14:04:16.912000+00:00,2023-05-27T14:04:16.815000+00:00,-7571,-5282,520,2
2023-05-27T14:04:17.192000+00:00,100,3,146,0,2023-05-27 14:04:17.192000+00:00,2023-05-27T14:04:17.215000+00:00,-7531,-5115,521,2
2023-05-27T14:04:17.632000+00:00,100,3,122,0,2023-05-27 14:04:17.632000+00:00,2023-05-27T14:04:17.595000+00:00,-7493,-4981,525,2
2023-05-27T14:18:58.435000+00:00,0,5,208,100,2023-05-27 14:18:58.435000+00:00,2023-05-27T14:18:58.335000+00:00,-7283,-8517,502,6
2023-05-27T14:18:58.915000+00:00,0,5,223,100,2023-05-27 14:18:58.915000+00:00,2023-05-27T14:18:58.835000+00:00,-7373,-8232,503,6
2023-05-27T14:18:59.315000+00:00,0,5,233,100,2023-05-27 14:18:59.315000+00:00,2023-05-27T14:18:59.355000+00:00,-7463,-7914,502,6
2023-05-27T14:18:59.714000+00:00,0,6,241,100,2023-05-27 14:18:59.714000+00:00,2023-05-27T14:18:59.836000+00:00,-7546,-7591,502,6
2023-05-27T14:19:00.114000+00:00,0,6,252,100,2023-05-27 14:19:00.114000+00:00,2023-05-27T14:19:00.136000+00:00,-7592,-7363,503,6
2023-05-27T14:19:00.354000+00:00,0,6,252,100,2023-05-27 14:19:00.354000+00:00,2023-05-27T14:19:00.536000+00:00,-7628,-7093,503,6
2023-05-27T14:19:00.515000+00:00,0,6,260,100,2023-05-27 14:19:00.515000+00:00,2023-05-27T14:19:00.536000+00:00,-7628,-7093,503,6
2023-05-27T14:19:00.955000+00:00,0,7,267,100,2023-05-27 14:19:00.955000+00:00,2023-05-27T14:19:00.756000+00:00,-7648,-6848,502,6
2023-05-27T14:19:01.115000+00:00,0,7,271,100,2023-05-27 14:19:01.115000+00:00,2023-05-27T14:19:01.156000+00:00,-7661,-6642,502,6
2023-05-27T14:19:01.355000+00:00,0,7,274,100,2023-05-27 14:19:01.355000+00:00,2023-05-27T14:19:01.356000+00:00,-7670,-6490,502,6
2023-05-27T14:19:01.515000+00:00,0,7,277,100,2023-05-27 14:19:01.515000+00:00,2023-05-27T14:19:01.456000+00:00,-7674,-6413,503,6
2023-05-27T14:19:01.955000+00:00,0,7,282,100,2023-05-27 14:19:01.955000+00:00,2023-05-27T14:19:01.975000+00:00,-7670,-6009,503,6
2023-05-27T14:19:02.155000+00:00,0,7,284,100,2023-05-27 14:19:02.155000+00:00,2023-05-27T14:19:02.255000+00:00,-7653,-5789,503,6
2023-05-27T14:19:02.435000+00:00,100,7,275,0,2023-05-27 14:19:02.435000+00:00,2023-05-27T14:19:02.455000+00:00,-7635,-5638,505,6
2023-05-27T14:19:02.595000+00:00,100,7,255,0,2023-05-27 14:19:02.595000+00:00,2023-05-27T14:19:02.535000+00:00,-7627,-5580,510,6
2023-05-27T14:19:02.835000+00:00,100,7,232,0,2023-05-27 14:19:02.835000+00:00,2023-05-27T14:19:02.755000+00:00,-7603,-5434,514,6
2023-05-27T14:19:03.035000+00:00,100,7,208,0,2023-05-27 14:19:03.035000+00:00,2023-05-27T14:19:03.075000+00:00,-7564,-5249,520,6
2023-05-27T14:19:03.195000+00:00,100,7,187,0,2023-05-27 14:19:03.195000+00:00,2023-05-27T14:19:03.255000+00:00,-7542,-5159,521,6
2023-05-27T14:19:03.435000+00:00,100,6,169,0,2023-05-27 14:19:03.435000+00:00,2023-05-27T14:19:03.395000+00:00,-7525,-5094,522,6
2023-05-27T14:19:03.675000+00:00,100,3,145,0,2023-05-27 14:19:03.675000+00:00,2023-05-27T14:19:03.635000+00:00,-7497,-4993,525,6
2023-05-27T14:19:03.835000+00:00,100,3,139,0,2023-05-27 14:19:03.835000+00:00,2023-05-27T14:19:03.915000+00:00,-7454,-4862,531,6
2023-05-27T14:19:03.995000+00:00,100,3,128,0,2023-05-27 14:19:03.995000+00:00,2023-05-27T14:19:03.915000+00:00,-7454,-4862,531,6
2023-05-27T14:19:04.235000+00:00,0,3,122,1,2023-05-27 14:19:04.235000+00:00,2023-05-27T14:19:04.195000+00:00,-7429,-4799,534,6
2023-05-27T14:19:04.475000+00:00,0,3,116,4,2023-05-27 14:19:04.475000+00:00,2023-05-27T14:19:04.515000+00:00,-7373,-4707,537,6
2023-05-27T14:19:04.715000+00:00,0,3,115,5,2023-05-27 14:19:04.715000+00:00,2023-05-27T14:19:04.855000+00:00,-7256,-4640,539,6
2023-05-27T14:19:04.955000+00:00,0,3,113,16,2023-05-27 14:19:04.955000+00:00,2023-05-27T14:19:04.855000+00:00,-7256,-4640,539,6
2023-05-27T14:19:05.275000+00:00,0,3,114,52,2023-05-27 14:19:05.275000+00:00,2023-05-27T14:19:05.255000+00:00,-7175,-4619,542,6
2023-05-27T14:19:05.515000+00:00,0,3,119,76,2023-05-27 14:19:05.515000+00:00,2023-05-27T14:19:05.455000+00:00,-7110,-4607,546,6
2023-05-27T14:19:05.835000+00:00,0,3,130,100,2023-05-27 14:19:05.835000+00:00,2023-05-27T14:19:05.935000+00:00,-6940,-4589,556,6
2023-05-27T14:19:06.075000+00:00,0,3,146,100,2023-05-27 14:19:06.075000+00:00,2023-05-27T14:19:06.096000+00:00,-6896,-4586,560,6
2023-05-27T14:19:06.355000+00:00,0,3,151,100,2023-05-27 14:19:06.355000+00:00,2023-05-27T14:19:06.356000+00:00,-6785,-4576,568,6
2023-05-27T14:19:06.714000+00:00,0,4,174,100,2023-05-27 14:19:06.714000+00:00,2023-05-27T14:19:06.756000+00:00,-6547,-4550,588,6
2023-05-27T14:19:06.914000+00:00,0,4,183,100,2023-05-27 14:19:06.914000+00:00,2023-05-27T14:19:06.756000+00:00,-6547,-4550,588,6
2023-05-27T14:19:07.115000+00:00,0,4,187,100,2023-05-27 14:19:07.115000+00:00,2023-05-27T14:19:07.116000+00:00,-6424,-4529,598,6
2023-05-27T14:19:07.315000+00:00,0,4,194,100,2023-05-27 14:19:07.315000+00:00,2023-05-27T14:19:07.336000+00:00,-6306,-4504,609,6
2023-05-27T14:19:07.555000+00:00,0,5,203,100,2023-05-27 14:19:07.555000+00:00,2023-05-27T14:19:07.476000+00:00,-6230,-4487,616,6
2023-05-27T14:19:07.795000+00:00,0,5,212,100,2023-05-27 14:19:07.795000+00:00,2023-05-27T14:19:07.636000+00:00,-6140,-4465,624,6
2023-05-27T14:19:08.115000+00:00,0,5,220,100,2023-05-27 14:19:08.115000+00:00,2023-05-27T14:19:07.956000+00:00,-5909,-4408,645,6
2023-05-27T14:19:08.395000+00:00,0,5,228,100,2023-05-27 14:19:08.395000+00:00,2023-05-27T14:19:08.376000+00:00,-5703,-4357,663,6
2023-05-27T14:19:08.715000+00:00,0,6,234,100,2023-05-27 14:19:08.715000+00:00,2023-05-27T14:19:08.775000+00:00,-5381,-4274,694,6
2023-05-27T14:19:08.875000+00:00,0,6,238,100,2023-05-27 14:19:08.875000+00:00,2023-05-27T14:19:08.775000+00:00,-5381,-4274,694,6
2023-05-27T14:19:09.115000+00:00,0,6,242,100,2023-05-27 14:19:09.115000+00:00,2023-05-27T14:19:09.175000+00:00,-5115,-4221,719,6
2023-05-27T14:19:09.355000+00:00,0,6,245,100,2023-05-27 14:19:09.355000+00:00,2023-05-27T14:19:09.475000+00:00,-4979,-4206,730,6
2023-05-27T14:19:09.515000+00:00,0,6,249,100,2023-05-27 14:19:09.515000+00:00,2023-05-27T14:19:09.475000+00:00,-4979,-4206,730,6
2023-05-27T14:19:09.675000+00:00,0,6,252,100,2023-05-27 14:19:09.675000+00:00,2023-05-27T14:19:09.835000+00:00,-4633,-4163,764,6
2023-05-27T14:19:09.955000+00:00,0,6,254,100,2023-05-27 14:19:09.955000+00:00,2023-05-27T14:19:09.835000+00:00,-4633,-4163,764,6
2023-05-27T14:19:10.155000+00:00,0,6,257,100,2023-05-27 14:19:10.155000+00:00,2023-05-27T14:19:10.235000+00:00,-4407,-4080,784,6
2023-05-27T14:19:10.475000+00:00,0,6,261,100,2023-05-27 14:19:10.475000+00:00,2023-05-27T14:19:10.555000+00:00,-4248,-3999,798,6
2023-05-27T14:19:10.635000+00:00,0,6,261,100,2023-05-27 14:19:10.635000+00:00,2023-05-27T14:19:10.555000+00:00,-4248,-3999,798,6
2023-05-27T14:19:11.075000+00:00,0,7,266,100,2023-05-27 14:19:11.075000+00:00,2023-05-27T14:19:10.935000+00:00,-3996,-3880,819,6
2023-05-27T14:19:11.355000+00:00,0,7,266,100,2023-05-27 14:19:11.355000+00:00,2023-05-27T14:19:11.235000+00:00,-3789,-3806,835,6
2023-05-27T14:19:11.715000+00:00,0,7,270,100,2023-05-27 14:19:11.715000+00:00,2023-05-27T14:19:11.775000+00:00,-3341,-3720,859,6
2023-05-27T14:19:11.955000+00:00,100,7,272,86,2023-05-27 14:19:11.955000+00:00,2023-05-27T14:19:12.095000+00:00,-2998,-3676,862,6
2023-05-27T14:19:12.275000+00:00,100,7,250,0,2023-05-27 14:19:12.275000+00:00,2023-05-27T14:19:12.435000+00:00,-2867,-3647,861,6
2023-05-27T14:19:12.475000+00:00,100,7,240,0,2023-05-27 14:19:12.475000+00:00,2023-05-27T14:19:12.435000+00:00,-2867,-3647,861,6
2023-05-27T14:19:12.955000+00:00,100,5,213,0,2023-05-27 14:19:12.955000+00:00,2023-05-27T14:19:13.136000+00:00,-2489,-3450,865,6
2023-05-27T14:19:13.314000+00:00,100,4,195,0,2023-05-27 14:19:13.314000+00:00,2023-05-27T14:19:13.296000+00:00,-2399,-3358,866,6
2023-05-27T14:19:13.675000+00:00,100,4,181,0,2023-05-27 14:19:13.675000+00:00,2023-05-27T14:19:13.676000+00:00,-2324,-3240,867,6
2023-05-27T14:19:13.875000+00:00,100,4,176,1,2023-05-27 14:19:13.875000+00:00,2023-05-27T14:19:13.836000+00:00,-2295,-3167,868,6
2023-05-27T14:19:14.115000+00:00,0,4,171,10,2023-05-27 14:19:14.115000+00:00,2023-05-27T14:19:14.136000+00:00,-2265,-3025,870,6
2023-05-27T14:19:14.515000+00:00,0,4,165,40,2023-05-27 14:19:14.515000+00:00,2023-05-27T14:19:14.616000+00:00,-2276,-2802,874,6
2023-05-27T14:19:14.995000+00:00,0,4,167,57,2023-05-27 14:19:14.995000+00:00,2023-05-27T14:19:14.956000+00:00,-2335,-2616,884,6
2023-05-27T14:19:15.395000+00:00,0,4,169,71,2023-05-27 14:19:15.395000+00:00,2023-05-27T14:19:15.455000+00:00,-2433,-2444,885,6
2023-05-27T14:19:15.795000+00:00,0,4,173,60,2023-05-27 14:19:15.795000+00:00,2023-05-27T14:19:15.815000+00:00,-2539,-2305,885,6
2023-05-27T14:19:16.115000+00:00,100,4,164,0,2023-05-27 14:19:16.115000+00:00,2023-05-27T14:19:16.015000+00:00,-2600,-2232,885,6
2023-05-27T14:19:16.475000+00:00,100,4,152,3,2023-05-27 14:19:16.475000+00:00,2023-05-27T14:19:16.495000+00:00,-2715,-2064,888,6
2023-05-27T14:19:16.675000+00:00,0,4,146,4,2023-05-27 14:19:16.675000+00:00,2023-05-27T14:19:16.795000+00:00,-2747,-1954,893,6
2023-05-27T14:19:17.075000+00:00,0,4,140,46,2023-05-27 14:19:17.075000+00:00,2023-05-27T14:19:17.075000+00:00,-2742,-1846,895,6
2023-05-27T14:19:17.275000+00:00,0,4,141,61,2023-05-27 14:19:17.275000+00:00,2023-05-27T14:19:17.255000+00:00,-2724,-1776,895,6
2023-05-27T14:19:17.515000+00:00,0,4,144,70,2023-05-27 14:19:17.515000+00:00,2023-05-27T14:19:17.415000+00:00,-2700,-1716,895,6
2023-05-27T14:19:17.915000+00:00,0,4,155,78,2023-05-27 14:19:17.915000+00:00,2023-05-27T14:19:18.075000+00:00,-2559,-1481,875,6
2023-05-27T14:19:18.075000+00:00,0,4,162,94,2023-05-27 14:19:18.075000+00:00,2023-05-27T14:19:18.075000+00:00,-2559,-1481,875,6
2023-05-27T14:19:18.355000+00:00,0,4,169,100,2023-05-27 14:19:18.355000+00:00,2023-05-27T14:19:18.295000+00:00,-2457,-1359,863,6
2023-05-27T14:19:18.635000+00:00,0,4,182,100,2023-05-27 14:19:18.635000+00:00,2023-05-27T14:19:18.595000+00:00,-2397,-1291,857,6
2023-05-27T14:19:18.915000+00:00,0,4,194,100,2023-05-27 14:19:18.915000+00:00,2023-05-27T14:19:18.855000+00:00,-2305,-1190,847,6
2023-05-27T14:19:19.155000+00:00,0,4,200,100,2023-05-27 14:19:19.155000+00:00,2023-05-27T14:19:19.095000+00:00,-2182,-1038,833,6
2023-05-27T14:19:19.515000+00:00,0,5,214,100,2023-05-27 14:19:19.515000+00:00,2023-05-27T14:19:19.436000+00:00,-2108,-932,825,6
2023-05-27T14:19:19.994000+00:00,100,5,208,0,2023-05-27 14:19:19.994000+00:00,2023-05-27T14:19:20.176000+00:00,-1865,-589,790,6
2023-05-27T14:19:20.355000+00:00,100,5,186,0,2023-05-27 14:19:20.355000+00:00,2023-05-27T14:19:20.376000+00:00,-1804,-513,784,6
2023-05-27T14:19:20.595000+00:00,100,4,150,0,2023-05-27 14:19:20.595000+00:00,2023-05-27T14:19:20.536000+00:00,-1758,-456,778,6
2023-05-27T14:19:20.835000+00:00,100,3,135,0,2023-05-27 14:19:20.835000+00:00,2023-05-27T14:19:20.776000+00:00,-1697,-384,772,6
2023-05-27T14:19:21.115000+00:00,100,2,116,0,2023-05-27 14:19:21.115000+00:00,2023-05-27T14:19:21.036000+00:00,-1610,-290,763,6
2023-05-27T14:19:21.355000+00:00,100,2,106,0,2023-05-27 14:19:21.355000+00:00,2023-05-27T14:19:21.396000+00:00,-1530,-222,754,6
2023-05-27T14:19:21.555000+00:00,100,2,97,0,2023-05-27 14:19:21.555000+00:00,2023-05-27T14:19:21.396000+00:00,-1530,-222,754,6
2023-05-27T14:19:21.875000+00:00,100,2,89,0,2023-05-27 14:19:21.875000+00:00,2023-05-27T14:19:21.935000+00:00,-1442,-197,749,6
2023-05-27T14:19:22.075000+00:00,100,2,86,0,2023-05-27 14:19:22.075000+00:00,2023-05-27T14:19:22.155000+00:00,-1391,-206,743,6
2023-05-27T14:19:22.275000+00:00,100,2,82,0,2023-05-27 14:19:22.275000+00:00,2023-05-27T14:19:22.355000+00:00,-1350,-224,740,6
2023-05-27T14:19:22.675000+00:00,0,2,73,10,2023-05-27 14:19:22.675000+00:00,2023-05-27T14:19:22.535000+00:00,-1317,-246,734,6
2023-05-27T14:19:23.075000+00:00,0,2,77,27,2023-05-27 14:19:23.075000+00:00,2023-05-27T14:19:23.235000+00:00,-1235,-369,724,6
2023-05-27T14:19:23.235000+00:00,0,2,79,32,2023-05-27 14:19:23.235000+00:00,2023-05-27T14:19:23.235000+00:00,-1235,-369,724,6
2023-05-27T14:19:23.435000+00:00,0,2,84,46,2023-05-27 14:19:23.435000+00:00,2023-05-27T14:19:23.435000+00:00,-1222,-415,721,6
2023-05-27T14:19:23.755000+00:00,0,2,93,67,2023-05-27 14:19:23.755000+00:00,2023-05-27T14:19:23.915000+00:00,-1186,-554,709,6
2023-05-27T14:19:24.115000+00:00,0,2,111,90,2023-05-27 14:19:24.115000+00:00,2023-05-27T14:19:24.195000+00:00,-1166,-620,703,6
2023-05-27T14:19:24.355000+00:00,0,2,123,100,2023-05-27 14:19:24.355000+00:00,2023-05-27T14:19:24.195000+00:00,-1166,-620,703,6
2023-05-27T14:19:24.515000+00:00,0,3,134,100,2023-05-27 14:19:24.515000+00:00,2023-05-27T14:19:24.515000+00:00,-1128,-728,694,6
2023-05-27T14:19:24.755000+00:00,0,3,145,100,2023-05-27 14:19:24.755000+00:00,2023-05-27T14:19:24.755000+00:00,-1074,-853,685,6
2023-05-27T14:19:25.115000+00:00,100,3,135,0,2023-05-27 14:19:25.115000+00:00,2023-05-27T14:19:25.075000+00:00,-1035,-928,681,6
2023-05-27T14:19:25.395000+00:00,100,3,118,0,2023-05-27 14:19:25.395000+00:00,2023-05-27T14:19:25.315000+00:00,-999,-986,674,6
2023-05-27T14:19:25.555000+00:00,100,3,105,0,2023-05-27 14:19:25.555000+00:00,2023-05-27T14:19:25.555000+00:00,-956,-1043,670,6
2023-05-27T14:19:25.995000+00:00,100,1,87,0,2023-05-27 14:19:25.995000+00:00,2023-05-27T14:19:25.936000+00:00,-866,-1117,662,6
2023-05-27T14:19:26.355000+00:00,100,1,70,0,2023-05-27 14:19:26.355000+00:00,2023-05-27T14:19:26.396000+00:00,-801,-1133,658,6
2023-05-27T14:19:26.634000+00:00,100,1,62,0,2023-05-27 14:19:26.634000+00:00,2023-05-27T14:19:26.636000+00:00,-767,-1125,655,6
2023-05-27T14:19:26.835000+00:00,100,1,57,0,2023-05-27 14:19:26.835000+00:00,2023-05-27T14:19:26.816000+00:00,-737,-1090,656,6
2023-05-27T14:19:27.035000+00:00,0,1,55,0,2023-05-27 14:19:27.035000+00:00,2023-05-27T14:19:27.056000+00:00,-733,-1075,656,6
2023-05-27T14:19:27.435000+00:00,0,1,49,1,2023-05-27 14:19:27.435000+00:00,2023-05-27T14:19:27.436000+00:00,-733,-1020,649,6
2023-05-27T14:19:27.635000+00:00,0,1,47,4,2023-05-27 14:19:27.635000+00:00,2023-05-27T14:19:27.616000+00:00,-738,-997,645,6
2023-05-27T14:19:27.835000+00:00,0,1,44,3,2023-05-27 14:19:27.835000+00:00,2023-05-27T14:19:27.676000+00:00,-740,-989,645,6
2023-05-27T14:19:28.035000+00:00,0,1,45,11,2023-05-27 14:19:28.035000+00:00,2023-05-27T14:19:28.036000+00:00,-756,-947,643,6
2023-05-27T14:19:28.195000+00:00,0,1,48,15,2023-05-27 14:19:28.195000+00:00,2023-05-27T14:19:28.195000+00:00,-766,-929,641,6
2023-05-27T14:19:28.435000+00:00,0,1,51,19,2023-05-27 14:19:28.435000+00:00,2023-05-27T14:19:28.435000+00:00,-783,-900,638,6
2023-05-27T14:19:28.715000+00:00,0,1,56,25,2023-05-27 14:19:28.715000+00:00,2023-05-27T14:19:28.655000+00:00,-812,-861,633,6
2023-05-27T14:19:29.035000+00:00,0,1,64,38,2023-05-27 14:19:29.035000+00:00,2023-05-27T14:19:28.975000+00:00,-836,-834,631,6
2023-05-27T14:19:29.435000+00:00,0,1,75,63,2023-05-27 14:19:29.435000+00:00,2023-05-27T14:19:29.415000+00:00,-889,-779,623,6
2023-05-27T14:19:29.595000+00:00,0,1,89,74,2023-05-27 14:19:29.595000+00:00,2023-05-27T14:19:29.695000+00:00,-935,-731,617,6
2023-05-27T14:19:29.955000+00:00,100,2,101,8,2023-05-27 14:19:29.955000+00:00,2023-05-27T14:19:29.895000+00:00,-993,-658,611,6
2023-05-27T14:19:30.275000+00:00,100,2,93,0,2023-05-27 14:19:30.275000+00:00,2023-05-27T14:19:30.355000+00:00,-1025,-583,607,6
2023-05-27T14:19:30.475000+00:00,0,2,90,0,2023-05-27 14:19:30.475000+00:00,2023-05-27T14:19:30.355000+00:00,-1025,-583,607,6
2023-05-27T14:19:30.715000+00:00,100,2,84,0,2023-05-27 14:19:30.715000+00:00,2023-05-27T14:19:30.715000+00:00,-1025,-499,603,6
2023-05-27T14:19:31.115000+00:00,0,2,81,0,2023-05-27 14:19:31.115000+00:00,2023-05-27T14:19:30.995000+00:00,-1001,-441,596,6
2023-05-27T14:19:31.275000+00:00,0,2,80,11,2023-05-27 14:19:31.275000+00:00,2023-05-27T14:19:31.355000+00:00,-949,-379,589,6
2023-05-27T14:19:31.435000+00:00,0,2,80,16,2023-05-27 14:19:31.435000+00:00,2023-05-27T14:19:31.355000+00:00,-949,-379,589,6
2023-05-27T14:19:31.595000+00:00,0,2,82,31,2023-05-27 14:19:31.595000+00:00,2023-05-27T14:19:31.535000+00:00,-916,-354,586,6
2023-05-27T14:19:31.875000+00:00,0,2,89,56,2023-05-27 14:19:31.875000+00:00,2023-05-27T14:19:31.875000+00:00,-846,-311,579,6
2023-05-27T14:19:32.035000+00:00,0,2,92,56,2023-05-27 14:19:32.035000+00:00,2023-05-27T14:19:32.175000+00:00,-764,-271,570,6
2023-05-27T14:19:32.355000+00:00,0,2,103,69,2023-05-27 14:19:32.355000+00:00,2023-05-27T14:19:32.175000+00:00,-764,-271,570,6
2023-05-27T14:19:32.595000+00:00,0,2,118,92,2023-05-27 14:19:32.595000+00:00,2023-05-27T14:19:32.616000+00:00,-643,-222,561,6
2023-05-27T14:19:32.915000+00:00,100,2,126,0,2023-05-27 14:19:32.915000+00:00,2023-05-27T14:19:32.776000+00:00,-550,-191,557,6
2023-05-27T14:19:33.075000+00:00,100,2,114,0,2023-05-27 14:19:33.075000+00:00,2023-05-27T14:19:33.096000+00:00,-493,-178,555,6
2023-05-27T14:19:33.274000+00:00,100,2,106,0,2023-05-27 14:19:33.274000+00:00,2023-05-27T14:19:33.256000+00:00,-445,-170,553,6
2023-05-27T14:19:33.635000+00:00,100,2,94,0,2023-05-27 14:19:33.635000+00:00,2023-05-27T14:19:33.576000+00:00,-359,-171,548,6
2023-05-27T14:19:34.075000+00:00,0,2,85,1,2023-05-27 14:19:34.075000+00:00,2023-05-27T14:19:34.256000+00:00,-232,-289,545,6
2023-05-27T14:19:34.475000+00:00,0,2,83,31,2023-05-27 14:19:34.475000+00:00,2023-05-27T14:19:34.616000+00:00,-210,-352,545,6
2023-05-27T14:19:34.635000+00:00,0,2,84,32,2023-05-27 14:19:34.635000+00:00,2023-05-27T14:19:34.616000+00:00,-210,-352,545,6
2023-05-27T14:19:34.835000+00:00,0,2,87,29,2023-05-27 14:19:34.835000+00:00,2023-05-27T14:19:34.835000+00:00,-193,-439,545,6
2023-05-27T14:19:34.995000+00:00,0,2,89,44,2023-05-27 14:19:34.995000+00:00,2023-05-27T14:19:35.135000+00:00,-188,-479,545,6
2023-05-27T14:19:35.275000+00:00,0,2,97,59,2023-05-27 14:19:35.275000+00:00,2023-05-27T14:19:35.395000+00:00,-187,-504,545,6
2023-05-27T14:19:35.715000+00:00,0,2,112,90,2023-05-27 14:19:35.715000+00:00,2023-05-27T14:19:35.615000+00:00,-185,-568,545,6
2023-05-27T14:19:36.155000+00:00,0,3,134,100,2023-05-27 14:19:36.155000+00:00,2023-05-27T14:19:36.115000+00:00,-192,-737,545,6
2023-05-27T14:19:36.315000+00:00,0,3,140,100,2023-05-27 14:19:36.315000+00:00,2023-05-27T14:19:36.275000+00:00,-203,-849,545,6
2023-05-27T14:19:36.475000+00:00,0,3,151,100,2023-05-27 14:19:36.475000+00:00,2023-05-27T14:19:36.275000+00:00,-203,-849,545,6
2023-05-27T14:19:36.715000+00:00,0,3,166,100,2023-05-27 14:19:36.715000+00:00,2023-05-27T14:19:36.675000+00:00,-217,-972,543,6
2023-05-27T14:19:36.915000+00:00,0,4,175,100,2023-05-27 14:19:36.915000+00:00,2023-05-27T14:19:36.895000+00:00,-229,-1076,543,6
2023-05-27T14:19:37.115000+00:00,0,4,184,100,2023-05-27 14:19:37.115000+00:00,2023-05-27T14:19:37.155000+00:00,-249,-1259,543,6
2023-05-27T14:19:37.275000+00:00,0,4,192,100,2023-05-27 14:19:37.275000+00:00,2023-05-27T14:19:37.155000+00:00,-249,-1259,543,6
2023-05-27T14:19:37.435000+00:00,0,4,192,100,2023-05-27 14:19:37.435000+00:00,2023-05-27T14:19:37.415000+00:00,-258,-1344,543,6
2023-05-27T14:19:37.795000+00:00,0,5,209,100,2023-05-27 14:19:37.795000+00:00,2023-05-27T14:19:37.815000+00:00,-282,-1570,542,6
2023-05-27T14:19:38.115000+00:00,0,5,218,100,2023-05-27 14:19:38.115000+00:00,2023-05-27T14:19:38.075000+00:00,-306,-1722,542,6
2023-05-27T14:19:38.315000+00:00,0,5,222,100,2023-05-27 14:19:38.315000+00:00,2023-05-27T14:19:38.375000+00:00,-373,-1975,542,6
2023-05-27T14:19:38.555000+00:00,0,5,229,100,2023-05-27 14:19:38.555000+00:00,2023-05-27T14:19:38.655000+00:00,-405,-2073,542,6
2023-05-27T14:19:38.955000+00:00,0,6,238,100,2023-05-27 14:19:38.955000+00:00,2023-05-27T14:19:39.056000+00:00,-520,-2385,541,6
2023-05-27T14:19:39.355000+00:00,0,6,247,100,2023-05-27 14:19:39.355000+00:00,2023-05-27T14:19:39.376000+00:00,-621,-2626,541,6
2023-05-27T14:19:39.515000+00:00,0,6,250,100,2023-05-27 14:19:39.515000+00:00,2023-05-27T14:19:39.376000+00:00,-621,-2626,541,6
2023-05-27T14:19:39.755000+00:00,0,6,253,100,2023-05-27 14:19:39.755000+00:00,2023-05-27T14:19:39.836000+00:00,-712,-2817,541,6
2023-05-27T14:19:40.075000+00:00,0,6,260,100,2023-05-27 14:19:40.075000+00:00,2023-05-27T14:19:40.076000+00:00,-814,-2989,541,6
2023-05-27T14:19:40.235000+00:00,0,6,261,100,2023-05-27 14:19:40.235000+00:00,2023-05-27T14:19:40.336000+00:00,-909,-3115,542,6
2023-05-27T14:19:40.715000+00:00,0,7,266,100,2023-05-27 14:19:40.715000+00:00,2023-05-27T14:19:40.696000+00:00,-1096,-3299,542,6
2023-05-27T14:19:41.155000+00:00,0,7,269,100,2023-05-27 14:19:41.155000+00:00,2023-05-27T14:19:41.176000+00:00,-1402,-3489,541,6
2023-05-27T14:19:41.515000+00:00,0,7,274,100,2023-05-27 14:19:41.515000+00:00,2023-05-27T14:19:41.555000+00:00,-1734,-3647,540,6
2023-05-27T14:19:41.915000+00:00,0,7,278,100,2023-05-27 14:19:41.915000+00:00,2023-05-27T14:19:41.915000+00:00,-1913,-3736,541,6
2023-05-27T14:19:42.075000+00:00,0,7,281,100,2023-05-27 14:19:42.075000+00:00,2023-05-27T14:19:42.115000+00:00,-2052,-3807,541,6
2023-05-27T14:19:42.395000+00:00,0,7,282,100,2023-05-27 14:19:42.395000+00:00,2023-05-27T14:19:42.315000+00:00,-2192,-3878,541,6
2023-05-27T14:19:42.555000+00:00,0,7,284,100,2023-05-27 14:19:42.555000+00:00,2023-05-27T14:19:42.575000+00:00,-2365,-3962,541,6
2023-05-27T14:19:42.795000+00:00,0,7,287,100,2023-05-27 14:19:42.795000+00:00,2023-05-27T14:19:42.755000+00:00,-2477,-4013,542,6
2023-05-27T14:19:43.155000+00:00,0,7,290,100,2023-05-27 14:19:43.155000+00:00,2023-05-27T14:19:43.015000+00:00,-2774,-4134,543,6
2023-05-27T14:19:43.355000+00:00,0,7,291,100,2023-05-27 14:19:43.355000+00:00,2023-05-27T14:19:43.315000+00:00,-2895,-4176,542,6
2023-05-27T14:19:43.635000+00:00,100,7,272,0,2023-05-27 14:19:43.635000+00:00,2023-05-27T14:19:43.495000+00:00,-3033,-4219,541,6
2023-05-27T14:19:43.795000+00:00,100,7,246,0,2023-05-27 14:19:43.795000+00:00,2023-05-27T14:19:43.855000+00:00,-3282,-4279,533,6
2023-05-27T14:19:43.995000+00:00,100,6,234,0,2023-05-27 14:19:43.995000+00:00,2023-05-27T14:19:43.935000+00:00,-3333,-4289,531,6
2023-05-27T14:19:44.275000+00:00,100,6,195,0,2023-05-27 14:19:44.275000+00:00,2023-05-27T14:19:44.235000+00:00,-3553,-4321,521,6
2023-05-27T14:19:44.515000+00:00,100,4,177,0,2023-05-27 14:19:44.515000+00:00,2023-05-27T14:19:44.635000+00:00,-3738,-4341,512,6
2023-05-27T14:19:44.755000+00:00,100,3,161,0,2023-05-27 14:19:44.755000+00:00,2023-05-27T14:19:44.635000+00:00,-3738,-4341,512,6
2023-05-27T14:19:44.955000+00:00,100,3,161,0,2023-05-27 14:19:44.955000+00:00,2023-05-27T14:19:44.975000+00:00,-3853,-4353,506,6
2023-05-27T14:19:45.195000+00:00,100,2,124,0,2023-05-27 14:19:45.195000+00:00,2023-05-27T14:19:45.255000+00:00,-3952,-4365,502,6
2023-05-27T14:19:45.475000+00:00,100,2,109,0,2023-05-27 14:19:45.475000+00:00,2023-05-27T14:19:45.415000+00:00,-4002,-4372,500,6
2023-05-27T14:19:45.635000+00:00,100,2,105,0,2023-05-27 14:19:45.635000+00:00,2023-05-27T14:19:45.676000+00:00,-4078,-4389,497,6
2023-05-27T14:19:45.835000+00:00,100,2,97,0,2023-05-27 14:19:45.835000+00:00,2023-05-27T14:19:45.836000+00:00,-4113,-4404,496,6
2023-05-27T14:19:45.995000+00:00,100,2,91,0,2023-05-27 14:19:45.995000+00:00,2023-05-27T14:19:46.116000+00:00,-4175,-4465,493,6
2023-05-27T14:19:46.155000+00:00,100,2,89,0,2023-05-27 14:19:46.155000+00:00,2023-05-27T14:19:46.116000+00:00,-4175,-4465,493,6
2023-05-27T14:19:46.355000+00:00,100,2,86,0,2023-05-27 14:19:46.355000+00:00,2023-05-27T14:19:46.516000+00:00,-4225,-4553,491,6
2023-05-27T14:19:46.596000+00:00,100,2,77,1,2023-05-27 14:19:46.596000+00:00,2023-05-27T14:19:46.516000+00:00,-4225,-4553,491,6
2023-05-27T14:19:46.915000+00:00,100,2,71,0,2023-05-27 14:19:46.915000+00:00,2023-05-27T14:19:47.016000+00:00,-4270,-4607,490,6
2023-05-27T14:19:47.315000+00:00,0,2,64,17,2023-05-27 14:19:47.315000+00:00,2023-05-27T14:19:47.356000+00:00,-4321,-4636,490,6
2023-05-27T14:19:47.475000+00:00,0,2,66,15,2023-05-27 14:19:47.475000+00:00,2023-05-27T14:19:47.536000+00:00,-4353,-4645,490,6
2023-05-27T14:19:47.755000+00:00,0,2,69,30,2023-05-27 14:19:47.755000+00:00,2023-05-27T14:19:47.776000+00:00,-4420,-4651,490,6
2023-05-27T14:19:48.035000+00:00,0,2,77,50,2023-05-27 14:19:48.035000+00:00,2023-05-27T14:19:48.195000+00:00,-4491,-4644,490,6
2023-05-27T14:19:48.395000+00:00,0,2,89,76,2023-05-27 14:19:48.395000+00:00,2023-05-27T14:19:48.355000+00:00,-4530,-4635,490,6
2023-05-27T14:19:48.715000+00:00,0,2,111,88,2023-05-27 14:19:48.715000+00:00,2023-05-27T14:19:48.775000+00:00,-4649,-4607,490,6
2023-05-27T14:19:48.875000+00:00,0,2,123,100,2023-05-27 14:19:48.875000+00:00,2023-05-27T14:19:48.775000+00:00,-4649,-4607,490,6
2023-05-27T14:19:49.035000+00:00,0,2,129,100,2023-05-27 14:19:49.035000+00:00,2023-05-27T14:19:49.035000+00:00,-4738,-4599,490,6
2023-05-27T14:19:49.435000+00:00,0,3,144,100,2023-05-27 14:19:49.435000+00:00,2023-05-27T14:19:49.315000+00:00,-4917,-4617,489,6
2023-05-27T14:19:49.635000+00:00,0,3,160,100,2023-05-27 14:19:49.635000+00:00,2023-05-27T14:19:49.635000+00:00,-5055,-4640,489,6
2023-05-27T14:19:49.835000+00:00,0,3,169,100,2023-05-27 14:19:49.835000+00:00,2023-05-27T14:19:49.795000+00:00,-5129,-4651,489,6
2023-05-27T14:19:50.035000+00:00,0,4,178,100,2023-05-27 14:19:50.035000+00:00,2023-05-27T14:19:49.955000+00:00,-5206,-4662,489,6
2023-05-27T14:19:50.195000+00:00,0,4,186,100,2023-05-27 14:19:50.195000+00:00,2023-05-27T14:19:50.115000+00:00,-5285,-4673,490,6
2023-05-27T14:19:50.635000+00:00,0,4,193,100,2023-05-27 14:19:50.635000+00:00,2023-05-27T14:19:50.735000+00:00,-5616,-4714,490,6
2023-05-27T14:19:50.795000+00:00,0,5,207,100,2023-05-27 14:19:50.795000+00:00,2023-05-27T14:19:50.735000+00:00,-5616,-4714,490,6
2023-05-27T14:19:50.955000+00:00,0,5,209,100,2023-05-27 14:19:50.955000+00:00,2023-05-27T14:19:51.075000+00:00,-5814,-4737,489,6
2023-05-27T14:19:51.195000+00:00,0,5,216,100,2023-05-27 14:19:51.195000+00:00,2023-05-27T14:19:51.275000+00:00,-5957,-4752,490,6
2023-05-27T14:19:51.355000+00:00,0,5,221,100,2023-05-27 14:19:51.355000+00:00,2023-05-27T14:19:51.275000+00:00,-5957,-4752,490,6
2023-05-27T14:19:51.675000+00:00,0,5,231,94,2023-05-27 14:19:51.675000+00:00,2023-05-27T14:19:51.775000+00:00,-6256,-4779,490,6
2023-05-27T14:19:51.955000+00:00,100,5,231,0,2023-05-27 14:19:51.955000+00:00,2023-05-27T14:19:52.075000+00:00,-6436,-4790,490,6
2023-05-27T14:19:52.155000+00:00,100,5,205,0,2023-05-27 14:19:52.155000+00:00,2023-05-27T14:19:52.176000+00:00,-6504,-4794,490,6
2023-05-27T14:19:52.355000+00:00,100,5,191,0,2023-05-27 14:19:52.355000+00:00,2023-05-27T14:19:52.416000+00:00,-6626,-4811,491,6
2023-05-27T14:19:52.595000+00:00,100,4,186,0,2023-05-27 14:19:52.595000+00:00,2023-05-27T14:19:52.576000+00:00,-6698,-4833,491,6
2023-05-27T14:19:52.875000+00:00,100,4,167,5,2023-05-27 14:19:52.875000+00:00,2023-05-27T14:19:52.776000+00:00,-6770,-4873,490,6
2023-05-27T14:19:53.076000+00:00,0,4,164,1,2023-05-27 14:19:53.076000+00:00,2023-05-27T14:19:53.016000+00:00,-6856,-4946,488,6
2023-05-27T14:19:53.356000+00:00,0,4,159,0,2023-05-27 14:19:53.356000+00:00,2023-05-27T14:19:53.476000+00:00,-6986,-5109,486,6
2023-05-27T14:19:53.555000+00:00,0,4,154,61,2023-05-27 14:19:53.555000+00:00,2023-05-27T14:19:53.476000+00:00,-6986,-5109,486,6
2023-05-27T14:19:53.835000+00:00,0,4,161,80,2023-05-27 14:19:53.835000+00:00,2023-05-27T14:19:53.656000+00:00,-7052,-5223,484,6
2023-05-27T14:19:54.115000+00:00,0,4,174,100,2023-05-27 14:19:54.115000+00:00,2023-05-27T14:19:54.056000+00:00,-7105,-5341,483,6
2023-05-27T14:19:54.275000+00:00,0,4,183,100,2023-05-27 14:19:54.275000+00:00,2023-05-27T14:19:54.296000+00:00,-7143,-5455,483,6
2023-05-27T14:19:54.555000+00:00,0,4,190,100,2023-05-27 14:19:54.555000+00:00,2023-05-27T14:19:54.495000+00:00,-7181,-5619,482,6
2023-05-27T14:19:54.755000+00:00,0,4,197,100,2023-05-27 14:19:54.755000+00:00,2023-05-27T14:19:54.815000+00:00,-7197,-5721,482,6
2023-05-27T14:19:54.995000+00:00,0,5,206,100,2023-05-27 14:19:54.995000+00:00,2023-05-27T14:19:55.135000+00:00,-7216,-5905,482,6
2023-05-27T14:19:55.315000+00:00,0,5,210,100,2023-05-27 14:19:55.315000+00:00,2023-05-27T14:19:55.215000+00:00,-7218,-5952,482,6
2023-05-27T14:19:55.555000+00:00,0,5,217,100,2023-05-27 14:19:55.555000+00:00,2023-05-27T14:19:55.535000+00:00,-7216,-6143,482,6
2023-05-27T14:19:55.755000+00:00,0,5,223,100,2023-05-27 14:19:55.755000+00:00,2023-05-27T14:19:55.755000+00:00,-7170,-6333,481,6
2023-05-27T14:19:55.955000+00:00,0,5,225,100,2023-05-27 14:19:55.955000+00:00,2023-05-27T14:19:56.075000+00:00,-7102,-6425,480,6
2023-05-27T14:19:56.195000+00:00,0,5,231,100,2023-05-27 14:19:56.195000+00:00,2023-05-27T14:19:56.075000+00:00,-7102,-6425,480,6
2023-05-27T14:19:56.355000+00:00,0,5,233,100,2023-05-27 14:19:56.355000+00:00,2023-05-27T14:19:56.315000+00:00,-6996,-6557,481,6
2023-05-27T14:19:56.515000+00:00,0,6,237,100,2023-05-27 14:19:56.515000+00:00,2023-05-27T14:19:56.535000+00:00,-6942,-6691,480,6
2023-05-27T14:19:56.795000+00:00,0,6,242,100,2023-05-27 14:19:56.795000+00:00,2023-05-27T14:19:56.715000+00:00,-6906,-6807,480,6
2023-05-27T14:19:56.955000+00:00,0,6,241,100,2023-05-27 14:19:56.955000+00:00,2023-05-27T14:19:56.915000+00:00,-6868,-6936,479,6
2023-05-27T14:19:57.235000+00:00,100,6,246,89,2023-05-27 14:19:57.235000+00:00,2023-05-27T14:19:57.215000+00:00,-6811,-7174,479,6
2023-05-27T14:19:57.435000+00:00,100,6,229,0,2023-05-27 14:19:57.435000+00:00,2023-05-27T14:19:57.555000+00:00,-6782,-7344,479,6
2023-05-27T14:19:57.755000+00:00,100,5,197,0,2023-05-27 14:19:57.755000+00:00,2023-05-27T14:19:57.795000+00:00,-6766,-7473,479,6
2023-05-27T14:19:58.235000+00:00,100,4,160,0,2023-05-27 14:19:58.235000+00:00,2023-05-27T14:19:58.195000+00:00,-6749,-7660,479,6
2023-05-27T14:19:58.555000+00:00,100,4,146,0,2023-05-27 14:19:58.555000+00:00,2023-05-27T14:19:58.455000+00:00,-6745,-7787,479,6
2023-05-27T14:19:58.795000+00:00,100,4,141,0,2023-05-27 14:19:58.795000+00:00,2023-05-27T14:19:58.836000+00:00,-6764,-7919,479,6
2023-05-27T14:19:58.955000+00:00,0,4,135,0,2023-05-27 14:19:58.955000+00:00,2023-05-27T14:19:59.016000+00:00,-6795,-7967,479,6
2023-05-27T14:19:59.195000+00:00,0,4,129,0,2023-05-27 14:19:59.195000+00:00,2023-05-27T14:19:59.176000+00:00,-6842,-8009,479,6
2023-05-27T14:19:59.355000+00:00,0,4,129,0,2023-05-27 14:19:59.355000+00:00,2023-05-27T14:19:59.416000+00:00,-6888,-8076,479,6
2023-05-27T14:19:59.716000+00:00,0,4,119,11,2023-05-27 14:19:59.716000+00:00,2023-05-27T14:19:59.676000+00:00,-6899,-8165,479,6
2023-05-27T14:19:59.916000+00:00,0,4,120,48,2023-05-27 14:19:59.916000+00:00,2023-05-27T14:19:59.876000+00:00,-6894,-8236,478,6
2023-05-27T14:20:00.115000+00:00,0,4,123,56,2023-05-27 14:20:00.115000+00:00,2023-05-27T14:20:00.076000+00:00,-6884,-8304,478,6
2023-05-27T14:20:00.515000+00:00,0,4,138,100,2023-05-27 14:20:00.515000+00:00,2023-05-27T14:20:00.376000+00:00,-6860,-8410,477,6
2023-05-27T14:20:00.955000+00:00,0,4,154,100,2023-05-27 14:20:00.955000+00:00,2023-05-27T14:20:00.976000+00:00,-6777,-8640,477,6
2023-05-27T14:20:01.155000+00:00,0,4,159,100,2023-05-27 14:20:01.155000+00:00,2023-05-27T14:20:01.255000+00:00,-6721,-8754,478,6
2023-05-27T14:20:01.395000+00:00,0,4,172,100,2023-05-27 14:20:01.395000+00:00,2023-05-27T14:20:01.415000+00:00,-6682,-8821,478,6
2023-05-27T14:20:01.715000+00:00,0,4,184,100,2023-05-27 14:20:01.715000+00:00,2023-05-27T14:20:01.655000+00:00,-6616,-8919,478,6
2023-05-27T14:20:02.035000+00:00,0,4,197,98,2023-05-27 14:20:02.035000+00:00,2023-05-27T14:20:01.955000+00:00,-6476,-9080,478,6
2023-05-27T14:20:02.275000+00:00,100,4,189,0,2023-05-27 14:20:02.275000+00:00,2023-05-27T14:20:02.255000+00:00,-6396,-9148,478,6
2023-05-27T14:20:02.555000+00:00,100,4,173,0,2023-05-27 14:20:02.555000+00:00,2023-05-27T14:20:02.575000+00:00,-6258,-9231,477,6
2023-05-27T14:20:02.875000+00:00,100,4,139,0,2023-05-27 14:20:02.875000+00:00,2023-05-27T14:20:02.995000+00:00,-6072,-9332,480,6
2023-05-27T14:20:03.155000+00:00,100,4,121,0,2023-05-27 14:20:03.155000+00:00,2023-05-27T14:20:02.995000+00:00,-6072,-9332,480,6
2023-05-27T14:20:03.515000+00:00,100,2,103,0,2023-05-27 14:20:03.515000+00:00,2023-05-27T14:20:03.495000+00:00,-5984,-9399,482,6
2023-05-27T14:20:03.795000+00:00,100,2,85,0,2023-05-27 14:20:03.795000+00:00,2023-05-27T14:20:03.815000+00:00,-5941,-9461,483,6
2023-05-27T14:20:04.115000+00:00,100,2,77,0,2023-05-27 14:20:04.115000+00:00,2023-05-27T14:20:04.135000+00:00,-5929,-9527,485,6
2023-05-27T14:20:04.315000+00:00,0,2,73,0,2023-05-27 14:20:04.315000+00:00,2023-05-27T14:20:04.255000+00:00,-5930,-9552,486,6
2023-05-27T14:20:04.595000+00:00,0,2,65,0,2023-05-27 14:20:04.595000+00:00,2023-05-27T14:20:04.535000+00:00,-5942,-9606,487,6
2023-05-27T14:20:04.755000+00:00,0,2,64,0,2023-05-27 14:20:04.755000+00:00,2023-05-27T14:20:04.695000+00:00,-5952,-9633,487,6
2023-05-27T14:20:05.195000+00:00,0,2,61,12,2023-05-27 14:20:05.195000+00:00,2023-05-27T14:20:05.115000+00:00,-5995,-9692,489,6
2023-05-27T14:20:05.355000+00:00,0,2,61,16,2023-05-27 14:20:05.355000+00:00,2023-05-27T14:20:05.356000+00:00,-6030,-9717,491,6
2023-05-27T14:20:05.635000+00:00,0,2,66,36,2023-05-27 14:20:05.635000+00:00,2023-05-27T14:20:05.536000+00:00,-6086,-9738,495,6
2023-05-27T14:20:05.795000+00:00,0,2,71,38,2023-05-27 14:20:05.795000+00:00,2023-05-27T14:20:05.536000+00:00,-6086,-9738,495,6
2023-05-27T14:20:05.995000+00:00,0,2,76,51,2023-05-27 14:20:05.995000+00:00,2023-05-27T14:20:06.076000+00:00,-6186,-9759,501,6
2023-05-27T14:20:06.316000+00:00,0,2,89,78,2023-05-27 14:20:06.316000+00:00,2023-05-27T14:20:06.316000+00:00,-6219,-9763,502,6
2023-05-27T14:20:06.516000+00:00,0,2,94,85,2023-05-27 14:20:06.516000+00:00,2023-05-27T14:20:06.596000+00:00,-6333,-9771,507,6
2023-05-27T14:20:06.835000+00:00,0,2,117,92,2023-05-27 14:20:06.835000+00:00,2023-05-27T14:20:06.896000+00:00,-6386,-9773,510,6
2023-05-27T14:20:06.995000+00:00,100,2,119,0,2023-05-27 14:20:06.995000+00:00,2023-05-27T14:20:06.896000+00:00,-6386,-9773,510,6
2023-05-27T14:20:07.235000+00:00,100,2,108,0,2023-05-27 14:20:07.235000+00:00,2023-05-27T14:20:07.276000+00:00,-6505,-9770,515,6
2023-05-27T14:20:07.635000+00:00,100,2,92,0,2023-05-27 14:20:07.635000+00:00,2023-05-27T14:20:07.655000+00:00,-6605,-9756,519,6
2023-05-27T14:20:07.835000+00:00,0,2,90,0,2023-05-27 14:20:07.835000+00:00,2023-05-27T14:20:07.875000+00:00,-6668,-9738,520,6
2023-05-27T14:20:07.995000+00:00,0,2,83,7,2023-05-27 14:20:07.995000+00:00,2023-05-27T14:20:07.875000+00:00,-6668,-9738,520,6
2023-05-27T14:20:08.155000+00:00,0,2,83,14,2023-05-27 14:20:08.155000+00:00,2023-05-27T14:20:08.315000+00:00,-6736,-9689,519,6
2023-05-27T14:20:08.435000+00:00,0,2,84,20,2023-05-27 14:20:08.435000+00:00,2023-05-27T14:20:08.335000+00:00,-6739,-9686,519,6
2023-05-27T14:20:08.635000+00:00,0,2,86,36,2023-05-27 14:20:08.635000+00:00,2023-05-27T14:20:08.595000+00:00,-6770,-9634,514,6
2023-05-27T14:20:08.795000+00:00,0,2,90,61,2023-05-27 14:20:08.795000+00:00,2023-05-27T14:20:08.915000+00:00,-6796,-9556,511,6
2023-05-27T14:20:09.115000+00:00,0,2,103,92,2023-05-27 14:20:09.115000+00:00,2023-05-27T14:20:09.115000+00:00,-6808,-9500,510,6
2023-05-27T14:20:09.275000+00:00,0,2,116,100,2023-05-27 14:20:09.275000+00:00,2023-05-27T14:20:09.275000+00:00,-6818,-9450,510,6
2023-05-27T14:20:09.475000+00:00,0,2,127,100,2023-05-27 14:20:09.475000+00:00,2023-05-27T14:20:09.515000+00:00,-6843,-9349,507,6
2023-05-27T14:20:09.715000+00:00,0,3,136,100,2023-05-27 14:20:09.715000+00:00,2023-05-27T14:20:09.855000+00:00,-6912,-9200,506,6
2023-05-27T14:20:09.995000+00:00,0,3,154,100,2023-05-27 14:20:09.995000+00:00,2023-05-27T14:20:09.855000+00:00,-6912,-9200,506,6
2023-05-27T14:20:10.235000+00:00,0,3,163,100,2023-05-27 14:20:10.235000+00:00,2023-05-27T14:20:10.255000+00:00,-6976,-9102,503,6
2023-05-27T14:20:10.395000+00:00,0,4,173,100,2023-05-27 14:20:10.395000+00:00,2023-05-27T14:20:10.255000+00:00,-6976,-9102,503,6
2023-05-27T14:20:10.675000+00:00,0,4,187,100,2023-05-27 14:20:10.675000+00:00,2023-05-27T14:20:10.575000+00:00,-7121,-8887,504,6
2023-05-27T14:20:10.915000+00:00,0,4,195,100,2023-05-27 14:20:10.915000+00:00,2023-05-27T14:20:10.895000+00:00,-7166,-8804,504,6
2023-05-27T14:20:11.075000+00:00,0,4,202,100,2023-05-27 14:20:11.075000+00:00,2023-05-27T14:20:11.055000+00:00,-7203,-8726,504,6
2023-05-27T14:20:11.235000+00:00,0,5,206,100,2023-05-27 14:20:11.235000+00:00,2023-05-27T14:20:11.395000+00:00,-7275,-8542,502,6
2023-05-27T14:20:11.555000+00:00,0,5,216,100,2023-05-27 14:20:11.555000+00:00,2023-05-27T14:20:11.535000+00:00,-7302,-8463,503,6
2023-05-27T14:20:11.715000+00:00,0,5,223,100,2023-05-27 14:20:11.715000+00:00,2023-05-27T14:20:11.815000+00:00,-7369,-8249,503,6
2023-05-27T14:20:11.995000+00:00,0,5,231,100,2023-05-27 14:20:11.995000+00:00,2023-05-27T14:20:12.076000+00:00,-7404,-8125,503,6
2023-05-27T14:20:12.155000+00:00,0,6,231,100,2023-05-27 14:20:12.155000+00:00,2023-05-27T14:20:12.076000+00:00,-7404,-8125,503,6
2023-05-27T14:20:12.475000+00:00,0,6,244,100,2023-05-27 14:20:12.475000+00:00,2023-05-27T14:20:12.516000+00:00,-7479,-7854,502,6
2023-05-27T14:20:12.836000+00:00,0,6,251,100,2023-05-27 14:20:12.836000+00:00,2023-05-27T14:20:12.816000+00:00,-7531,-7654,502,6
2023-05-27T14:20:13.156000+00:00,0,6,258,100,2023-05-27 14:20:13.156000+00:00,2023-05-27T14:20:13.176000+00:00,-7585,-7403,502,6
2023-05-27T14:20:13.316000+00:00,0,6,260,100,2023-05-27 14:20:13.316000+00:00,2023-05-27T14:20:13.296000+00:00,-7600,-7317,503,6
2023-05-27T14:20:13.516000+00:00,0,7,265,100,2023-05-27 14:20:13.516000+00:00,2023-05-27T14:20:13.556000+00:00,-7624,-7128,503,6
2023-05-27T14:20:13.835000+00:00,0,7,271,100,2023-05-27 14:20:13.835000+00:00,2023-05-27T14:20:13.816000+00:00,-7641,-6936,502,6
2023-05-27T14:20:14.115000+00:00,0,7,276,100,2023-05-27 14:20:14.115000+00:00,2023-05-27T14:20:13.976000+00:00,-7650,-6810,502,6
2023-05-27T14:20:14.475000+00:00,0,7,276,0,2023-05-27 14:20:14.475000+00:00,2023-05-27T14:20:14.495000+00:00,-7680,-6312,503,6
2023-05-27T14:20:14.635000+00:00,0,7,273,0,2023-05-27 14:20:14.635000+00:00,2023-05-27T14:20:14.495000+00:00,-7680,-6312,503,6
2023-05-27T14:20:15.035000+00:00,100,7,262,0,2023-05-27 14:20:15.035000+00:00,2023-05-27T14:20:14.895000+00:00,-7670,-6017,503,6
2023-05-27T14:20:15.235000+00:00,100,7,254,0,2023-05-27 14:20:15.235000+00:00,2023-05-27T14:20:15.215000+00:00,-7660,-5872,503,6
2023-05-27T14:20:15.435000+00:00,100,7,246,0,2023-05-27 14:20:15.435000+00:00,2023-05-27T14:20:15.415000+00:00,-7647,-5735,503,6
2023-05-27T14:20:15.675000+00:00,100,7,226,0,2023-05-27 14:20:15.675000+00:00,2023-05-27T14:20:15.615000+00:00,-7631,-5605,507,6
2023-05-27T14:20:15.835000+00:00,100,7,218,0,2023-05-27 14:20:15.835000+00:00,2023-05-27T14:20:15.895000+00:00,-7592,-5383,515,6
2023-05-27T14:20:15.995000+00:00,100,7,202,0,2023-05-27 14:20:15.995000+00:00,2023-05-27T14:20:15.895000+00:00,-7592,-5383,515,6
2023-05-27T14:20:16.155000+00:00,100,7,194,0,2023-05-27 14:20:16.155000+00:00,2023-05-27T14:20:16.295000+00:00,-7559,-5231,521,6
2023-05-27T14:20:16.435000+00:00,100,7,171,0,2023-05-27 14:20:16.435000+00:00,2023-05-27T14:20:16.455000+00:00,-7541,-5157,521,6
2023-05-27T14:20:16.595000+00:00,100,6,157,0,2023-05-27 14:20:16.595000+00:00,2023-05-27T14:20:16.455000+00:00,-7541,-5157,521,6
2023-05-27T14:20:16.835000+00:00,100,4,144,0,2023-05-27 14:20:16.835000+00:00,2023-05-27T14:20:16.755000+00:00,-7504,-5018,524,6
2023-05-27T14:20:17.155000+00:00,100,3,126,0,2023-05-27 14:20:17.155000+00:00,2023-05-27T14:20:17.035000+00:00,-7478,-4932,527,6
2023-05-27T14:22:05.796000+00:00,0,5,210,100,2023-05-27 14:22:05.796000+00:00,2023-05-27T14:22:05.875000+00:00,-7293,-8489,502,8
2023-05-27T14:22:06.116000+00:00,0,5,219,100,2023-05-27 14:22:06.116000+00:00,2023-05-27T14:22:06.235000+00:00,-7366,-8256,503,8
2023-05-27T14:22:06.436000+00:00,0,5,228,100,2023-05-27 14:22:06.436000+00:00,2023-05-27T14:22:06.575000+00:00,-7419,-8072,503,8
2023-05-27T14:22:06.636000+00:00,0,5,234,100,2023-05-27 14:22:06.636000+00:00,2023-05-27T14:22:06.575000+00:00,-7419,-8072,503,8
2023-05-27T14:22:06.996000+00:00,0,6,242,100,2023-05-27 14:22:06.996000+00:00,2023-05-27T14:22:06.975000+00:00,-7490,-7816,502,8
2023-05-27T14:22:07.396000+00:00,0,6,254,100,2023-05-27 14:22:07.396000+00:00,2023-05-27T14:22:07.395000+00:00,-7579,-7439,502,8
2023-05-27T14:22:07.716000+00:00,0,6,261,100,2023-05-27 14:22:07.716000+00:00,2023-05-27T14:22:07.715000+00:00,-7601,-7311,503,8
2023-05-27T14:22:08.075000+00:00,0,7,267,100,2023-05-27 14:22:08.075000+00:00,2023-05-27T14:22:08.015000+00:00,-7636,-6997,502,8
2023-05-27T14:22:08.275000+00:00,0,7,271,100,2023-05-27 14:22:08.275000+00:00,2023-05-27T14:22:08.395000+00:00,-7657,-6696,502,8
2023-05-27T14:22:08.435000+00:00,0,7,271,100,2023-05-27 14:22:08.435000+00:00,2023-05-27T14:22:08.395000+00:00,-7657,-6696,502,8
2023-05-27T14:22:08.755000+00:00,0,7,274,100,2023-05-27 14:22:08.755000+00:00,2023-05-27T14:22:08.795000+00:00,-7669,-6498,502,8
2023-05-27T14:22:08.995000+00:00,0,7,281,100,2023-05-27 14:22:08.995000+00:00,2023-05-27T14:22:09.015000+00:00,-7679,-6327,503,8
2023-05-27T14:22:09.315000+00:00,0,7,284,100,2023-05-27 14:22:09.315000+00:00,2023-05-27T14:22:09.215000+00:00,-7673,-6059,503,8
2023-05-27T14:22:09.555000+00:00,0,7,286,100,2023-05-27 14:22:09.555000+00:00,2023-05-27T14:22:09.635000+00:00,-7646,-5726,503,8
2023-05-27T14:22:09.755000+00:00,100,7,287,0,2023-05-27 14:22:09.755000+00:00,2023-05-27T14:22:09.635000+00:00,-7646,-5726,503,8
2023-05-27T14:22:09.995000+00:00,100,7,262,0,2023-05-27 14:22:09.995000+00:00,2023-05-27T14:22:10.075000+00:00,-7601,-5424,514,8
2023-05-27T14:22:10.235000+00:00,100,7,234,0,2023-05-27 14:22:10.235000+00:00,2023-05-27T14:22:10.075000+00:00,-7601,-5424,514,8
2023-05-27T14:22:10.435000+00:00,100,7,222,0,2023-05-27 14:22:10.435000+00:00,2023-05-27T14:22:10.516000+00:00,-7558,-5225,521,8
2023-05-27T14:22:10.595000+00:00,100,7,188,0,2023-05-27 14:22:10.595000+00:00,2023-05-27T14:22:10.516000+00:00,-7558,-5225,521,8
2023-05-27T14:22:10.955000+00:00,100,5,158,0,2023-05-27 14:22:10.955000+00:00,2023-05-27T14:22:10.776000+00:00,-7524,-5091,522,8
2023-05-27T14:22:11.236000+00:00,100,3,136,0,2023-05-27 14:22:11.236000+00:00,2023-05-27T14:22:11.176000+00:00,-7483,-4946,527,8
2023-05-27T14:22:11.436000+00:00,100,3,124,0,2023-05-27 14:22:11.436000+00:00,2023-05-27T14:22:11.376000+00:00,-7459,-4876,530,8
2023-05-27T14:22:11.716000+00:00,0,3,116,0,2023-05-27 14:22:11.716000+00:00,2023-05-27T14:22:11.876000+00:00,-7393,-4733,536,8
2023-05-27T14:22:11.996000+00:00,0,3,111,5,2023-05-27 14:22:11.996000+00:00,2023-05-27T14:22:12.096000+00:00,-7319,-4667,537,8
2023-05-27T14:22:12.396000+00:00,0,3,108,26,2023-05-27 14:22:12.396000+00:00,2023-05-27T14:22:12.595000+00:00,-7213,-4628,541,8
2023-05-27T14:22:12.676000+00:00,0,3,113,67,2023-05-27 14:22:12.676000+00:00,2023-05-27T14:22:12.595000+00:00,-7213,-4628,541,8
2023-05-27T14:22:12.876000+00:00,0,3,113,82,2023-05-27 14:22:12.876000+00:00,2023-05-27T14:22:12.815000+00:00,-7113,-4608,546,8
2023-05-27T14:22:13.156000+00:00,0,3,123,100,2023-05-27 14:22:13.156000+00:00,2023-05-27T14:22:13.235000+00:00,-6954,-4591,555,8
2023-05-27T14:22:13.316000+00:00,0,3,139,100,2023-05-27 14:22:13.316000+00:00,2023-05-27T14:22:13.235000+00:00,-6954,-4591,555,8
2023-05-27T14:22:13.596000+00:00,0,3,154,100,2023-05-27 14:22:13.596000+00:00,2023-05-27T14:22:13.455000+00:00,-6913,-4587,559,8
2023-05-27T14:22:14.036000+00:00,0,4,172,100,2023-05-27 14:22:14.036000+00:00,2023-05-27T14:22:14.115000+00:00,-6614,-4559,583,8
2023-05-27T14:22:14.236000+00:00,0,4,180,100,2023-05-27 14:22:14.236000+00:00,2023-05-27T14:22:14.295000+00:00,-6524,-4546,590,8
2023-05-27T14:22:14.436000+00:00,0,4,184,100,2023-05-27 14:22:14.436000+00:00,2023-05-27T14:22:14.295000+00:00,-6524,-4546,590,8
2023-05-27T14:22:14.595000+00:00,0,4,195,100,2023-05-27 14:22:14.595000+00:00,2023-05-27T14:22:14.675000+00:00,-6275,-4497,612,8
2023-05-27T14:22:15.035000+00:00,0,5,207,100,2023-05-27 14:22:15.035000+00:00,2023-05-27T14:22:15.095000+00:00,-6097,-4455,627,8
2023-05-27T14:22:15.235000+00:00,0,5,212,100,2023-05-27 14:22:15.235000+00:00,2023-05-27T14:22:15.095000+00:00,-6097,-4455,627,8
2023-05-27T14:22:15.435000+00:00,0,5,218,100,2023-05-27 14:22:15.435000+00:00,2023-05-27T14:22:15.415000+00:00,-5865,-4397,648,8
2023-05-27T14:22:15.835000+00:00,0,5,227,100,2023-05-27 14:22:15.835000+00:00,2023-05-27T14:22:15.755000+00:00,-5709,-4358,662,8
2023-05-27T14:22:16.275000+00:00,0,6,237,100,2023-05-27 14:22:16.275000+00:00,2023-05-27T14:22:16.275000+00:00,-5311,-4257,701,8
2023-05-27T14:22:16.475000+00:00,0,6,242,100,2023-05-27 14:22:16.475000+00:00,2023-05-27T14:22:16.275000+00:00,-5311,-4257,701,8
2023-05-27T14:22:16.635000+00:00,0,6,243,100,2023-05-27 14:22:16.635000+00:00,2023-05-27T14:22:16.675000+00:00,-5100,-4219,720,8
2023-05-27T14:22:16.835000+00:00,0,6,247,100,2023-05-27 14:22:16.835000+00:00,2023-05-27T14:22:16.675000+00:00,-5100,-4219,720,8
2023-05-27T14:22:17.075000+00:00,0,6,251,100,2023-05-27 14:22:17.075000+00:00,2023-05-27T14:22:17.016000+00:00,-4892,-4199,739,8
2023-05-27T14:22:17.275000+00:00,0,6,254,100,2023-05-27 14:22:17.275000+00:00,2023-05-27T14:22:17.316000+00:00,-4645,-4166,763,8
2023-05-27T14:22:17.475000+00:00,0,6,256,100,2023-05-27 14:22:17.475000+00:00,2023-05-27T14:22:17.576000+00:00,-4527,-4130,773,8
2023-05-27T14:22:17.836000+00:00,0,6,259,100,2023-05-27 14:22:17.836000+00:00,2023-05-27T14:22:17.816000+00:00,-4287,-4020,794,8
2023-05-27T14:22:18.036000+00:00,0,6,261,100,2023-05-27 14:22:18.036000+00:00,2023-05-27T14:22:18.216000+00:00,-4010,-3886,818,8
2023-05-27T14:22:18.196000+00:00,0,7,263,100,2023-05-27 14:22:18.196000+00:00,2023-05-27T14:22:18.216000+00:00,-4010,-3886,818,8
2023-05-27T14:22:18.396000+00:00,0,7,266,100,2023-05-27 14:22:18.396000+00:00,2023-05-27T14:22:18.216000+00:00,-4010,-3886,818,8
2023-05-27T14:22:18.676000+00:00,0,7,265,100,2023-05-27 14:22:18.676000+00:00,2023-05-27T14:22:18.756000+00:00,-3704,-3783,842,8
2023-05-27T14:22:18.916000+00:00,0,7,268,100,2023-05-27 14:22:18.916000+00:00,2023-05-27T14:22:18.756000+00:00,-3704,-3783,842,8
2023-05-27T14:22:19.356000+00:00,0,7,272,94,2023-05-27 14:22:19.356000+00:00,2023-05-27T14:22:19.355000+00:00,-3184,-3702,862,8
2023-05-27T14:22:19.516000+00:00,0,7,264,1,2023-05-27 14:22:19.516000+00:00,2023-05-27T14:22:19.355000+00:00,-3184,-3702,862,8
2023-05-27T14:22:19.716000+00:00,100,7,258,0,2023-05-27 14:22:19.716000+00:00,2023-05-27T14:22:19.715000+00:00,-2970,-3671,861,8
2023-05-27T14:22:19.916000+00:00,100,7,239,0,2023-05-27 14:22:19.916000+00:00,2023-05-27T14:22:19.875000+00:00,-2867,-3647,861,8
2023-05-27T14:22:20.316000+00:00,100,6,213,0,2023-05-27 14:22:20.316000+00:00,2023-05-27T14:22:20.355000+00:00,-2552,-3500,864,8
2023-05-27T14:22:20.476000+00:00,100,5,213,0,2023-05-27 14:22:20.476000+00:00,2023-05-27T14:22:20.355000+00:00,-2552,-3500,864,8
2023-05-27T14:22:20.716000+00:00,100,5,192,0,2023-05-27 14:22:20.716000+00:00,2023-05-27T14:22:20.775000+00:00,-2423,-3386,866,8
2023-05-27T14:22:21.195000+00:00,100,4,176,0,2023-05-27 14:22:21.195000+00:00,2023-05-27T14:22:21.375000+00:00,-2284,-3129,869,8
2023-05-27T14:22:21.395000+00:00,0,4,171,4,2023-05-27 14:22:21.395000+00:00,2023-05-27T14:22:21.375000+00:00,-2284,-3129,869,8
2023-05-27T14:22:21.675000+00:00,0,4,165,15,2023-05-27 14:22:21.675000+00:00,2023-05-27T14:22:21.735000+00:00,-2264,-3003,871,8
2023-05-27T14:22:22.035000+00:00,0,4,159,43,2023-05-27 14:22:22.035000+00:00,2023-05-27T14:22:21.975000+00:00,-2269,-2850,873,8
2023-05-27T14:22:22.395000+00:00,0,4,163,77,2023-05-27 14:22:22.395000+00:00,2023-05-27T14:22:22.375000+00:00,-2297,-2719,875,8
2023-05-27T14:22:22.555000+00:00,0,4,165,80,2023-05-27 14:22:22.555000+00:00,2023-05-27T14:22:22.615000+00:00,-2356,-2573,884,8
2023-05-27T14:22:22.795000+00:00,0,4,173,84,2023-05-27 14:22:22.795000+00:00,2023-05-27T14:22:22.615000+00:00,-2356,-2573,884,8
2023-05-27T14:22:22.955000+00:00,0,4,175,57,2023-05-27 14:22:22.955000+00:00,2023-05-27T14:22:22.975000+00:00,-2420,-2463,885,8
2023-05-27T14:22:23.155000+00:00,0,4,174,56,2023-05-27 14:22:23.155000+00:00,2023-05-27T14:22:23.095000+00:00,-2453,-2415,886,8
2023-05-27T14:22:23.355000+00:00,100,4,176,17,2023-05-27 14:22:23.355000+00:00,2023-05-27T14:22:23.375000+00:00,-2538,-2306,885,8
2023-05-27T14:22:23.675000+00:00,100,4,155,0,2023-05-27 14:22:23.675000+00:00,2023-05-27T14:22:23.676000+00:00,-2653,-2165,886,8
2023-05-27T14:22:23.835000+00:00,100,4,151,0,2023-05-27 14:22:23.835000+00:00,2023-05-27T14:22:23.676000+00:00,-2653,-2165,886,8
2023-05-27T14:22:24.115000+00:00,0,4,149,9,2023-05-27 14:22:24.115000+00:00,2023-05-27T14:22:24.056000+00:00,-2713,-2067,888,8
2023-05-27T14:22:24.476000+00:00,0,4,140,51,2023-05-27 14:22:24.476000+00:00,2023-05-27T14:22:24.596000+00:00,-2745,-1867,894,8
2023-05-27T14:22:24.716000+00:00,0,4,141,64,2023-05-27 14:22:24.716000+00:00,2023-05-27T14:22:24.596000+00:00,-2745,-1867,894,8
2023-05-27T14:22:24.996000+00:00,0,4,148,84,2023-05-27 14:22:24.996000+00:00,2023-05-27T14:22:24.916000+00:00,-2687,-1687,893,8
2023-05-27T14:22:25.276000+00:00,0,4,156,76,2023-05-27 14:22:25.276000+00:00,2023-05-27T14:22:25.336000+00:00,-2594,-1527,880,8
2023-05-27T14:22:25.436000+00:00,0,4,156,87,2023-05-27 14:22:25.436000+00:00,2023-05-27T14:22:25.336000+00:00,-2594,-1527,880,8
2023-05-27T14:22:25.596000+00:00,0,4,166,100,2023-05-27 14:22:25.596000+00:00,2023-05-27T14:22:25.735000+00:00,-2503,-1411,867,8
2023-05-27T14:22:25.836000+00:00,0,4,174,100,2023-05-27 14:22:25.836000+00:00,2023-05-27T14:22:25.915000+00:00,-2445,-1345,863,8
2023-05-27T14:22:26.036000+00:00,0,4,182,100,2023-05-27 14:22:26.036000+00:00,2023-05-27T14:22:26.115000+00:00,-2376,-1269,855,8
2023-05-27T14:22:26.316000+00:00,0,4,194,100,2023-05-27 14:22:26.316000+00:00,2023-05-27T14:22:26.175000+00:00,-2355,-1246,853,8
2023-05-27T14:22:26.516000+00:00,0,4,197,100,2023-05-27 14:22:26.516000+00:00,2023-05-27T14:22:26.515000+00:00,-2201,-1063,835,8
2023-05-27T14:22:26.716000+00:00,0,4,206,100,2023-05-27 14:22:26.716000+00:00,2023-05-27T14:22:26.875000+00:00,-2113,-940,823,8
2023-05-27T14:22:27.076000+00:00,0,5,219,100,2023-05-27 14:22:27.076000+00:00,2023-05-27T14:22:27.055000+00:00,-2069,-873,817,8
2023-05-27T14:22:27.236000+00:00,100,5,221,100,2023-05-27 14:22:27.236000+00:00,2023-05-27T14:22:27.275000+00:00,-1993,-762,806,8
2023-05-27T14:22:27.516000+00:00,100,5,215,0,2023-05-27 14:22:27.516000+00:00,2023-05-27T14:22:27.535000+00:00,-1887,-617,793,8
2023-05-27T14:22:27.876000+00:00,100,5,158,0,2023-05-27 14:22:27.876000+00:00,2023-05-27T14:22:27.915000+00:00,-1764,-464,779,8
2023-05-27T14:22:28.075000+00:00,100,4,140,0,2023-05-27 14:22:28.075000+00:00,2023-05-27T14:22:28.075000+00:00,-1722,-414,774,8
2023-05-27T14:22:28.395000+00:00,100,2,121,0,2023-05-27 14:22:28.395000+00:00,2023-05-27T14:22:28.495000+00:00,-1623,-303,764,8
2023-05-27T14:22:28.555000+00:00,100,2,115,0,2023-05-27 14:22:28.555000+00:00,2023-05-27T14:22:28.495000+00:00,-1623,-303,764,8
2023-05-27T14:22:28.875000+00:00,100,2,97,0,2023-05-27 14:22:28.875000+00:00,2023-05-27T14:22:28.955000+00:00,-1526,-220,754,8
2023-05-27T14:22:29.155000+00:00,100,2,92,0,2023-05-27 14:22:29.155000+00:00,2023-05-27T14:22:29.155000+00:00,-1483,-201,751,8
2023-05-27T14:22:29.315000+00:00,100,2,89,0,2023-05-27 14:22:29.315000+00:00,2023-05-27T14:22:29.275000+00:00,-1456,-197,749,8
2023-05-27T14:22:29.555000+00:00,100,2,84,0,2023-05-27 14:22:29.555000+00:00,2023-05-27T14:22:29.595000+00:00,-1381,-209,742,8
2023-05-27T14:22:29.755000+00:00,0,2,79,0,2023-05-27 14:22:29.755000+00:00,2023-05-27T14:22:29.755000+00:00,-1349,-225,738,8
2023-05-27T14:22:29.915000+00:00,0,2,75,0,2023-05-27 14:22:29.915000+00:00,2023-05-27T14:22:29.915000+00:00,-1320,-244,735,8
2023-05-27T14:22:30.235000+00:00,0,2,73,17,2023-05-27 14:22:30.235000+00:00,2023-05-27T14:22:30.196000+00:00,-1276,-288,730,8
2023-05-27T14:22:30.435000+00:00,0,2,76,28,2023-05-27 14:22:30.435000+00:00,2023-05-27T14:22:30.356000+00:00,-1258,-316,727,8
2023-05-27T14:22:30.715000+00:00,0,2,83,39,2023-05-27 14:22:30.715000+00:00,2023-05-27T14:22:30.596000+00:00,-1237,-363,723,8
2023-05-27T14:22:31.836000+00:00,0,2,132,100,2023-05-27 14:22:31.836000+00:00,2023-05-27T14:22:31.776000+00:00,-1146,-680,699,8
2023-05-27T14:22:32.196000+00:00,100,3,149,0,2023-05-27 14:22:32.196000+00:00,2023-05-27T14:22:32.275000+00:00,-1070,-862,685,8
2023-05-27T14:22:32.396000+00:00,100,3,138,0,2023-05-27 14:22:32.396000+00:00,2023-05-27T14:22:32.475000+00:00,-1012,-966,676,8
2023-05-27T14:22:32.676000+00:00,100,3,115,0,2023-05-27 14:22:32.676000+00:00,2023-05-27T14:22:32.835000+00:00,-969,-1027,671,8
2023-05-27T14:22:32.876000+00:00,100,2,103,0,2023-05-27 14:22:32.876000+00:00,2023-05-27T14:22:32.835000+00:00,-969,-1027,671,8
2023-05-27T14:22:33.036000+00:00,100,1,97,0,2023-05-27 14:22:33.036000+00:00,2023-05-27T14:22:33.035000+00:00,-933,-1068,668,8
2023-05-27T14:22:33.196000+00:00,100,1,85,0,2023-05-27 14:22:33.196000+00:00,2023-05-27T14:22:33.195000+00:00,-903,-1094,663,8
2023-05-27T14:22:33.516000+00:00,100,1,74,0,2023-05-27 14:22:33.516000+00:00,2023-05-27T14:22:33.355000+00:00,-873,-1113,662,8
2023-05-27T14:22:33.676000+00:00,100,1,68,0,2023-05-27 14:22:33.676000+00:00,2023-05-27T14:22:33.715000+00:00,-807,-1133,658,8
2023-05-27T14:22:33.876000+00:00,100,1,63,0,2023-05-27 14:22:33.876000+00:00,2023-05-27T14:22:33.975000+00:00,-753,-1115,656,8
2023-05-27T14:22:34.116000+00:00,100,1,60,0,2023-05-27 14:22:34.116000+00:00,2023-05-27T14:22:34.215000+00:00,-740,-1098,656,8
2023-05-27T14:22:34.276000+00:00,0,1,56,0,2023-05-27 14:22:34.276000+00:00,2023-05-27T14:22:34.215000+00:00,-740,-1098,656,8
2023-05-27T14:22:34.436000+00:00,0,1,55,0,2023-05-27 14:22:34.436000+00:00,2023-05-27T14:22:34.555000+00:00,-730,-1038,652,8
2023-05-27T14:22:34.635000+00:00,0,1,52,0,2023-05-27 14:22:34.635000+00:00,2023-05-27T14:22:34.555000+00:00,-730,-1038,652,8
2023-05-27T14:22:34.915000+00:00,0,1,48,1,2023-05-27 14:22:34.915000+00:00,2023-05-27T14:22:34.875000+00:00,-737,-1000,645,8
2023-05-27T14:22:35.155000+00:00,0,1,46,3,2023-05-27 14:22:35.155000+00:00,2023-05-27T14:22:35.055000+00:00,-744,-976,644,8
2023-05-27T14:22:35.395000+00:00,0,1,46,13,2023-05-27 14:22:35.395000+00:00,2023-05-27T14:22:35.335000+00:00,-758,-943,643,8
2023-05-27T14:22:35.635000+00:00,0,1,49,16,2023-05-27 14:22:35.635000+00:00,2023-05-27T14:22:35.675000+00:00,-780,-904,638,8
2023-05-27T14:22:35.995000+00:00,0,1,55,27,2023-05-27 14:22:35.995000+00:00,2023-05-27T14:22:35.855000+00:00,-795,-882,637,8
2023-05-27T14:22:36.235000+00:00,0,1,60,30,2023-05-27 14:22:36.235000+00:00,2023-05-27T14:22:36.235000+00:00,-848,-821,627,8
2023-05-27T14:22:36.395000+00:00,0,1,66,42,2023-05-27 14:22:36.395000+00:00,2023-05-27T14:22:36.515000+00:00,-870,-798,625,8
2023-05-27T14:22:36.755000+00:00,0,1,78,58,2023-05-27 14:22:36.755000+00:00,2023-05-27T14:22:36.696000+00:00,-899,-768,621,8
2023-05-27T14:22:36.995000+00:00,0,1,93,71,2023-05-27 14:22:36.995000+00:00,2023-05-27T14:22:36.956000+00:00,-919,-748,619,8
2023-05-27T14:22:37.195000+00:00,100,1,101,13,2023-05-27 14:22:37.195000+00:00,2023-05-27T14:22:37.136000+00:00,-951,-713,616,8
2023-05-27T14:22:37.636000+00:00,100,2,95,0,2023-05-27 14:22:37.636000+00:00,2023-05-27T14:22:37.656000+00:00,-1021,-599,608,8
2023-05-27T14:22:37.796000+00:00,100,2,91,0,2023-05-27 14:22:37.796000+00:00,2023-05-27T14:22:37.836000+00:00,-1029,-556,606,8
2023-05-27T14:22:37.996000+00:00,0,2,88,0,2023-05-27 14:22:37.996000+00:00,2023-05-27T14:22:38.076000+00:00,-1025,-500,603,8
2023-05-27T14:22:38.476000+00:00,0,2,81,7,2023-05-27 14:22:38.476000+00:00,2023-05-27T14:22:38.655000+00:00,-941,-373,589,8
2023-05-27T14:22:38.916000+00:00,0,2,82,35,2023-05-27 14:22:38.916000+00:00,2023-05-27T14:22:38.955000+00:00,-903,-345,585,8
2023-05-27T14:22:39.156000+00:00,0,2,88,50,2023-05-27 14:22:39.156000+00:00,2023-05-27T14:22:39.255000+00:00,-840,-308,577,8
2023-05-27T14:22:39.396000+00:00,0,2,95,59,2023-05-27 14:22:39.396000+00:00,2023-05-27T14:22:39.455000+00:00,-793,-285,572,8
2023-05-27T14:22:39.636000+00:00,0,2,101,63,2023-05-27 14:22:39.636000+00:00,2023-05-27T14:22:39.595000+00:00,-757,-268,569,8
2023-05-27T14:22:39.956000+00:00,0,2,124,94,2023-05-27 14:22:39.956000+00:00,2023-05-27T14:22:39.875000+00:00,-679,-236,563,8
2023-05-27T14:22:40.116000+00:00,100,2,124,90,2023-05-27 14:22:40.116000+00:00,2023-05-27T14:22:40.055000+00:00,-622,-214,560,8
2023-05-27T14:22:40.316000+00:00,100,2,121,0,2023-05-27 14:22:40.316000+00:00,2023-05-27T14:22:40.375000+00:00,-518,-183,556,8
2023-05-27T14:22:40.676000+00:00,100,2,103,0,2023-05-27 14:22:40.676000+00:00,2023-05-27T14:22:40.635000+00:00,-440,-170,552,8
2023-05-27T14:22:40.916000+00:00,100,2,96,0,2023-05-27 14:22:40.916000+00:00,2023-05-27T14:22:40.875000+00:00,-375,-169,550,8
2023-05-27T14:22:41.276000+00:00,0,2,88,0,2023-05-27 14:22:41.276000+00:00,2023-05-27T14:22:41.395000+00:00,-268,-226,545,8
2023-05-27T14:22:41.475000+00:00,0,2,85,0,2023-05-27 14:22:41.475000+00:00,2023-05-27T14:22:41.455000+00:00,-260,-238,546,8
2023-05-27T14:22:41.795000+00:00,0,2,83,20,2023-05-27 14:22:41.795000+00:00,2023-05-27T14:22:41.695000+00:00,-232,-289,545,8
2023-05-27T14:22:42.115000+00:00,0,2,87,39,2023-05-27 14:22:42.115000+00:00,2023-05-27T14:22:42.055000+00:00,-202,-385,545,8
2023-05-27T14:22:42.275000+00:00,0,2,91,49,2023-05-27 14:22:42.275000+00:00,2023-05-27T14:22:42.335000+00:00,-193,-440,545,8
2023-05-27T14:22:42.555000+00:00,0,2,97,62,2023-05-27 14:22:42.555000+00:00,2023-05-27T14:22:42.575000+00:00,-187,-502,545,8
2023-05-27T14:22:42.715000+00:00,0,2,100,79,2023-05-27 14:22:42.715000+00:00,2023-05-27T14:22:42.775000+00:00,-186,-520,545,8
2023-05-27T14:22:43.075000+00:00,0,2,123,100,2023-05-27 14:22:43.075000+00:00,2023-05-27T14:22:43.015000+00:00,-185,-594,545,8
2023-05-27T14:22:43.235000+00:00,0,2,129,100,2023-05-27 14:22:43.235000+00:00,2023-05-27T14:22:43.176000+00:00,-186,-656,545,8
2023-05-27T14:22:43.435000+00:00,0,3,139,100,2023-05-27 14:22:43.435000+00:00,2023-05-27T14:22:43.356000+00:00,-190,-723,545,8
2023-05-27T14:22:43.715000+00:00,0,3,156,100,2023-05-27 14:22:43.715000+00:00,2023-05-27T14:22:43.816000+00:00,-210,-907,544,8
2023-05-27T14:22:44.116000+00:00,0,3,174,100,2023-05-27 14:22:44.116000+00:00,2023-05-27T14:22:44.116000+00:00,-232,-1105,543,8
2023-05-27T14:22:44.476000+00:00,0,4,191,100,2023-05-27 14:22:44.476000+00:00,2023-05-27T14:22:44.456000+00:00,-244,-1217,543,8
2023-05-27T14:22:44.716000+00:00,0,4,198,100,2023-05-27 14:22:44.716000+00:00,2023-05-27T14:22:44.616000+00:00,-253,-1301,543,8
2023-05-27T14:22:44.916000+00:00,0,4,204,100,2023-05-27 14:22:44.916000+00:00,2023-05-27T14:22:44.896000+00:00,-270,-1456,543,8
2023-05-27T14:22:45.076000+00:00,0,5,210,100,2023-05-27 14:22:45.076000+00:00,2023-05-27T14:22:45.095000+00:00,-283,-1570,542,8
2023-05-27T14:22:45.316000+00:00,0,5,217,100,2023-05-27 14:22:45.316000+00:00,2023-05-27T14:22:45.295000+00:00,-299,-1685,542,8
2023-05-27T14:22:45.476000+00:00,0,5,220,100,2023-05-27 14:22:45.476000+00:00,2023-05-27T14:22:45.535000+00:00,-330,-1827,542,8
2023-05-27T14:22:45.676000+00:00,0,5,228,100,2023-05-27 14:22:45.676000+00:00,2023-05-27T14:22:45.755000+00:00,-368,-1961,542,8
2023-05-27T14:22:45.876000+00:00,0,5,230,100,2023-05-27 14:22:45.876000+00:00,2023-05-27T14:22:45.915000+00:00,-430,-2144,541,8
2023-05-27T14:22:46.116000+00:00,0,5,234,100,2023-05-27 14:22:46.116000+00:00,2023-05-27T14:22:46.315000+00:00,-489,-2306,541,8
2023-05-27T14:22:46.276000+00:00,0,6,241,100,2023-05-27 14:22:46.276000+00:00,2023-05-27T14:22:46.315000+00:00,-489,-2306,541,8
2023-05-27T14:22:46.436000+00:00,0,6,241,100,2023-05-27 14:22:46.436000+00:00,2023-05-27T14:22:46.495000+00:00,-534,-2419,541,8
2023-05-27T14:22:46.676000+00:00,0,6,249,100,2023-05-27 14:22:46.676000+00:00,2023-05-27T14:22:46.755000+00:00,-603,-2584,541,8
2023-05-27T14:22:46.916000+00:00,0,6,252,100,2023-05-27 14:22:46.916000+00:00,2023-05-27T14:22:46.975000+00:00,-666,-2723,541,8
2023-05-27T14:22:47.196000+00:00,0,6,257,100,2023-05-27 14:22:47.196000+00:00,2023-05-27T14:22:47.215000+00:00,-743,-2873,541,8
2023-05-27T14:22:47.436000+00:00,0,6,259,100,2023-05-27 14:22:47.436000+00:00,2023-05-27T14:22:47.395000+00:00,-843,-3033,542,8
2023-05-27T14:22:47.716000+00:00,0,6,262,100,2023-05-27 14:22:47.716000+00:00,2023-05-27T14:22:47.675000+00:00,-973,-3186,542,8
2023-05-27T14:22:47.916000+00:00,0,7,264,100,2023-05-27 14:22:47.916000+00:00,2023-05-27T14:22:47.935000+00:00,-1114,-3313,542,8
2023-05-27T14:22:48.195000+00:00,0,7,268,100,2023-05-27 14:22:48.195000+00:00,2023-05-27T14:22:48.215000+00:00,-1352,-3464,541,8
2023-05-27T14:22:48.355000+00:00,0,7,269,100,2023-05-27 14:22:48.355000+00:00,2023-05-27T14:22:48.215000+00:00,-1352,-3464,541,8
2023-05-27T14:22:48.635000+00:00,0,7,271,100,2023-05-27 14:22:48.635000+00:00,2023-05-27T14:22:48.595000+00:00,-1544,-3557,541,8
2023-05-27T14:22:48.915000+00:00,0,7,274,100,2023-05-27 14:22:48.915000+00:00,2023-05-27T14:22:49.015000+00:00,-1832,-3695,540,8
2023-05-27T14:22:49.235000+00:00,0,7,278,100,2023-05-27 14:22:49.235000+00:00,2023-05-27T14:22:49.175000+00:00,-1941,-3751,541,8
2023-05-27T14:22:49.595000+00:00,0,7,280,100,2023-05-27 14:22:49.595000+00:00,2023-05-27T14:22:49.455000+00:00,-2176,-3870,541,8
2023-05-27T14:22:49.755000+00:00,0,7,280,100,2023-05-27 14:22:49.755000+00:00,2023-05-27T14:22:49.856000+00:00,-2429,-3991,542,8
2023-05-27T14:22:49.995000+00:00,0,7,280,100,2023-05-27 14:22:49.995000+00:00,2023-05-27T14:22:50.076000+00:00,-2645,-4084,543,8
2023-05-27T14:22:50.195000+00:00,0,7,287,100,2023-05-27 14:22:50.195000+00:00,2023-05-27T14:22:50.076000+00:00,-2645,-4084,543,8
2023-05-27T14:22:50.475000+00:00,0,7,288,100,2023-05-27 14:22:50.475000+00:00,2023-05-27T14:22:50.436000+00:00,-2839,-4157,542,8
2023-05-27T14:22:50.676000+00:00,0,7,288,85,2023-05-27 14:22:50.676000+00:00,2023-05-27T14:22:50.716000+00:00,-3052,-4224,541,8
2023-05-27T14:22:50.876000+00:00,100,7,286,0,2023-05-27 14:22:50.876000+00:00,2023-05-27T14:22:50.896000+00:00,-3191,-4260,537,8
2023-05-27T14:22:51.076000+00:00,100,7,250,0,2023-05-27 14:22:51.076000+00:00,2023-05-27T14:22:51.056000+00:00,-3306,-4284,533,8
2023-05-27T14:22:51.476000+00:00,100,7,203,0,2023-05-27 14:22:51.476000+00:00,2023-05-27T14:22:51.516000+00:00,-3590,-4326,520,8
2023-05-27T14:22:51.716000+00:00,100,7,184,0,2023-05-27 14:22:51.716000+00:00,2023-05-27T14:22:51.775000+00:00,-3727,-4340,512,8
2023-05-27T14:22:51.916000+00:00,100,7,184,0,2023-05-27 14:22:51.916000+00:00,2023-05-27T14:22:51.935000+00:00,-3807,-4348,508,8
2023-05-27T14:22:52.396000+00:00,100,3,128,0,2023-05-27 14:22:52.396000+00:00,2023-05-27T14:22:52.355000+00:00,-3973,-4367,501,8
2023-05-27T14:22:52.756000+00:00,100,2,110,0,2023-05-27 14:22:52.756000+00:00,2023-05-27T14:22:52.675000+00:00,-4073,-4387,498,8
2023-05-27T14:22:52.996000+00:00,100,2,98,0,2023-05-27 14:22:52.996000+00:00,2023-05-27T14:22:52.875000+00:00,-4136,-4415,495,8
2023-05-27T14:22:53.356000+00:00,100,2,90,0,2023-05-27 14:22:53.356000+00:00,2023-05-27T14:22:53.375000+00:00,-4208,-4522,491,8
2023-05-27T14:22:53.676000+00:00,100,2,84,0,2023-05-27 14:22:53.676000+00:00,2023-05-27T14:22:53.535000+00:00,-4229,-4558,491,8
2023-05-27T14:22:53.876000+00:00,100,2,76,0,2023-05-27 14:22:53.876000+00:00,2023-05-27T14:22:53.835000+00:00,-4292,-4623,490,8
2023-05-27T14:22:54.156000+00:00,0,2,72,0,2023-05-27 14:22:54.156000+00:00,2023-05-27T14:22:54.235000+00:00,-4358,-4647,490,8
2023-05-27T14:22:54.316000+00:00,0,2,66,0,2023-05-27 14:22:54.316000+00:00,2023-05-27T14:22:54.235000+00:00,-4358,-4647,490,8
2023-05-27T14:22:54.636000+00:00,0,2,63,13,2023-05-27 14:22:54.636000+00:00,2023-05-27T14:22:54.675000+00:00,-4424,-4651,490,8
2023-05-27T14:22:55.035000+00:00,0,2,70,41,2023-05-27 14:22:55.035000+00:00,2023-05-27T14:22:55.175000+00:00,-4520,-4637,490,8
2023-05-27T14:22:55.195000+00:00,0,2,76,44,2023-05-27 14:22:55.195000+00:00,2023-05-27T14:22:55.175000+00:00,-4520,-4637,490,8
2023-05-27T14:22:55.355000+00:00,0,2,78,53,2023-05-27 14:22:55.355000+00:00,2023-05-27T14:22:55.415000+00:00,-4571,-4623,490,8
2023-05-27T14:22:55.635000+00:00,0,2,92,78,2023-05-27 14:22:55.635000+00:00,2023-05-27T14:22:55.655000+00:00,-4628,-4610,490,8
2023-05-27T14:22:55.835000+00:00,0,2,102,87,2023-05-27 14:22:55.835000+00:00,2023-05-27T14:22:55.795000+00:00,-4666,-4604,490,8
2023-05-27T14:22:55.995000+00:00,0,2,115,100,2023-05-27 14:22:55.995000+00:00,2023-05-27T14:22:55.975000+00:00,-4719,-4600,490,8
2023-05-27T14:22:56.155000+00:00,0,2,121,100,2023-05-27 14:22:56.155000+00:00,2023-05-27T14:22:56.316000+00:00,-4856,-4610,489,8
2023-05-27T14:22:56.395000+00:00,0,3,137,100,2023-05-27 14:22:56.395000+00:00,2023-05-27T14:22:56.316000+00:00,-4856,-4610,489,8
2023-05-27T14:22:56.635000+00:00,0,3,149,100,2023-05-27 14:22:56.635000+00:00,2023-05-27T14:22:56.716000+00:00,-4995,-4631,489,8
2023-05-27T14:22:56.835000+00:00,0,3,158,100,2023-05-27 14:22:56.835000+00:00,2023-05-27T14:22:56.896000+00:00,-5074,-4643,489,8
2023-05-27T14:22:57.075000+00:00,0,3,172,100,2023-05-27 14:22:57.075000+00:00,2023-05-27T14:22:57.116000+00:00,-5167,-4657,489,8
2023-05-27T14:22:57.436000+00:00,0,4,181,100,2023-05-27 14:22:57.436000+00:00,2023-05-27T14:22:57.516000+00:00,-5367,-4684,490,8
2023-05-27T14:22:57.676000+00:00,0,4,192,100,2023-05-27 14:22:57.676000+00:00,2023-05-27T14:22:57.596000+00:00,-5409,-4689,490,8
2023-05-27T14:22:58.076000+00:00,0,5,209,100,2023-05-27 14:22:58.076000+00:00,2023-05-27T14:22:57.936000+00:00,-5669,-4721,489,8
2023-05-27T14:22:58.356000+00:00,0,5,215,100,2023-05-27 14:22:58.356000+00:00,2023-05-27T14:22:58.335000+00:00,-5821,-4738,489,8
2023-05-27T14:22:58.516000+00:00,0,5,221,100,2023-05-27 14:22:58.516000+00:00,2023-05-27T14:22:58.495000+00:00,-5918,-4748,489,8
2023-05-27T14:22:58.916000+00:00,0,5,231,100,2023-05-27 14:22:58.916000+00:00,2023-05-27T14:22:58.995000+00:00,-6245,-4778,490,8
2023-05-27T14:22:59.356000+00:00,100,5,216,0,2023-05-27 14:22:59.356000+00:00,2023-05-27T14:22:59.335000+00:00,-6514,-4795,490,8
2023-05-27T14:22:59.596000+00:00,100,5,192,0,2023-05-27 14:22:59.596000+00:00,2023-05-27T14:22:59.735000+00:00,-6642,-4815,491,8
2023-05-27T14:22:59.996000+00:00,100,4,169,0,2023-05-27 14:22:59.996000+00:00,2023-05-27T14:22:59.915000+00:00,-6717,-4842,491,8
2023-05-27T14:23:00.236000+00:00,0,4,165,21,2023-05-27 14:23:00.236000+00:00,2023-05-27T14:23:00.115000+00:00,-6794,-4891,490,8
2023-05-27T14:23:00.436000+00:00,0,4,163,62,2023-05-27 14:23:00.436000+00:00,2023-05-27T14:23:00.455000+00:00,-6908,-5002,487,8
2023-05-27T14:23:00.596000+00:00,0,4,167,72,2023-05-27 14:23:00.596000+00:00,2023-05-27T14:23:00.635000+00:00,-6959,-5069,486,8
2023-05-27T14:23:00.916000+00:00,0,4,177,100,2023-05-27 14:23:00.916000+00:00,2023-05-27T14:23:00.835000+00:00,-7012,-5149,485,8
2023-05-27T14:23:01.116000+00:00,0,4,185,100,2023-05-27 14:23:01.116000+00:00,2023-05-27T14:23:01.015000+00:00,-7077,-5274,483,8
2023-05-27T14:23:01.436000+00:00,0,4,195,100,2023-05-27 14:23:01.436000+00:00,2023-05-27T14:23:01.355000+00:00,-7119,-5376,483,8
2023-05-27T14:23:01.635000+00:00,0,4,197,100,2023-05-27 14:23:01.635000+00:00,2023-05-27T14:23:01.555000+00:00,-7151,-5481,483,8
2023-05-27T14:23:01.835000+00:00,0,5,207,100,2023-05-27 14:23:01.835000+00:00,2023-05-27T14:23:01.855000+00:00,-7192,-5681,482,8
2023-05-27T14:23:02.315000+00:00,0,5,220,100,2023-05-27 14:23:02.315000+00:00,2023-05-27T14:23:02.155000+00:00,-7209,-5822,482,8
2023-05-27T14:23:02.595000+00:00,0,5,227,100,2023-05-27 14:23:02.595000+00:00,2023-05-27T14:23:02.655000+00:00,-7218,-6129,482,8
2023-05-27T14:23:02.835000+00:00,0,5,229,100,2023-05-27 14:23:02.835000+00:00,2023-05-27T14:23:02.735000+00:00,-7213,-6178,482,8
2023-05-27T14:23:03.235000+00:00,0,6,233,100,2023-05-27 14:23:03.235000+00:00,2023-05-27T14:23:03.256000+00:00,-7062,-6465,480,8
2023-05-27T14:23:03.475000+00:00,0,6,233,100,2023-05-27 14:23:03.475000+00:00,2023-05-27T14:23:03.456000+00:00,-6986,-6578,481,8
2023-05-27T14:23:03.876000+00:00,0,6,245,100,2023-05-27 14:23:03.876000+00:00,2023-05-27T14:23:03.936000+00:00,-6885,-6875,479,8
2023-05-27T14:23:04.036000+00:00,0,6,245,100,2023-05-27 14:23:04.036000+00:00,2023-05-27T14:23:03.936000+00:00,-6885,-6875,479,8
2023-05-27T14:23:04.196000+00:00,0,6,245,100,2023-05-27 14:23:04.196000+00:00,2023-05-27T14:23:04.136000+00:00,-6833,-7073,479,8
2023-05-27T14:23:04.396000+00:00,100,6,245,0,2023-05-27 14:23:04.396000+00:00,2023-05-27T14:23:04.516000+00:00,-6793,-7272,479,8
2023-05-27T14:23:04.756000+00:00,100,6,201,0,2023-05-27 14:23:04.756000+00:00,2023-05-27T14:23:04.735000+00:00,-6774,-7401,479,8
2023-05-27T14:23:04.956000+00:00,100,5,180,0,2023-05-27 14:23:04.956000+00:00,2023-05-27T14:23:05.055000+00:00,-6752,-7618,479,8
2023-05-27T14:23:05.276000+00:00,100,4,155,0,2023-05-27 14:23:05.276000+00:00,2023-05-27T14:23:05.375000+00:00,-6747,-7704,479,8
2023-05-27T14:23:05.516000+00:00,100,4,150,0,2023-05-27 14:23:05.516000+00:00,2023-05-27T14:23:05.575000+00:00,-6745,-7787,479,8
2023-05-27T14:23:05.676000+00:00,100,4,143,0,2023-05-27 14:23:05.676000+00:00,2023-05-27T14:23:05.575000+00:00,-6745,-7787,479,8
2023-05-27T14:23:05.836000+00:00,0,4,139,0,2023-05-27 14:23:05.836000+00:00,2023-05-27T14:23:05.815000+00:00,-6753,-7879,479,8
2023-05-27T14:23:06.116000+00:00,0,4,134,0,2023-05-27 14:23:06.116000+00:00,2023-05-27T14:23:06.035000+00:00,-6779,-7948,479,8
2023-05-27T14:23:06.556000+00:00,0,4,129,0,2023-05-27 14:23:06.556000+00:00,2023-05-27T14:23:06.495000+00:00,-6889,-8079,479,8
2023-05-27T14:23:06.836000+00:00,0,4,126,26,2023-05-27 14:23:06.836000+00:00,2023-05-27T14:23:06.915000+00:00,-6895,-8226,478,8
2023-05-27T14:23:07.036000+00:00,0,4,123,39,2023-05-27 14:23:07.036000+00:00,2023-05-27T14:23:07.075000+00:00,-6888,-8282,478,8
2023-05-27T14:23:07.396000+00:00,0,4,128,92,2023-05-27 14:23:07.396000+00:00,2023-05-27T14:23:07.475000+00:00,-6856,-8425,477,8
2023-05-27T14:23:07.716000+00:00,0,4,148,100,2023-05-27 14:23:07.716000+00:00,2023-05-27T14:23:07.655000+00:00,-6835,-8494,476,8
2023-05-27T14:23:07.996000+00:00,0,4,161,100,2023-05-27 14:23:07.996000+00:00,2023-05-27T14:23:08.015000+00:00,-6756,-8685,478,8
2023-05-27T14:23:08.315000+00:00,0,4,161,100,2023-05-27 14:23:08.315000+00:00,2023-05-27T14:23:08.355000+00:00,-6710,-8774,477,8
2023-05-27T14:23:08.555000+00:00,0,4,179,100,2023-05-27 14:23:08.555000+00:00,2023-05-27T14:23:08.615000+00:00,-6615,-8920,478,8
2023-05-27T14:23:08.875000+00:00,0,4,196,100,2023-05-27 14:23:08.875000+00:00,2023-05-27T14:23:09.015000+00:00,-6503,-9052,477,8
2023-05-27T14:23:09.235000+00:00,100,4,196,0,2023-05-27 14:23:09.235000+00:00,2023-05-27T14:23:09.175000+00:00,-6382,-9157,478,8
2023-05-27T14:23:09.635000+00:00,100,4,164,0,2023-05-27 14:23:09.635000+00:00,2023-05-27T14:23:09.536000+00:00,-6277,-9220,477,8
2023-05-27T14:23:09.875000+00:00,100,4,145,0,2023-05-27 14:23:09.875000+00:00,2023-05-27T14:23:09.956000+00:00,-6119,-9305,480,8
2023-05-27T14:23:10.115000+00:00,100,4,145,0,2023-05-27 14:23:10.115000+00:00,2023-05-27T14:23:10.256000+00:00,-6039,-9353,482,8
2023-05-27T14:23:10.395000+00:00,100,2,101,0,2023-05-27 14:23:10.395000+00:00,2023-05-27T14:23:10.456000+00:00,-5971,-9414,483,8
2023-05-27T14:23:10.636000+00:00,100,2,92,0,2023-05-27 14:23:10.636000+00:00,2023-05-27T14:23:10.456000+00:00,-5971,-9414,483,8
2023-05-27T14:23:10.796000+00:00,100,2,86,0,2023-05-27 14:23:10.796000+00:00,2023-05-27T14:23:10.876000+00:00,-5938,-9469,483,8
2023-05-27T14:23:11.036000+00:00,100,2,81,0,2023-05-27 14:23:11.036000+00:00,2023-05-27T14:23:11.076000+00:00,-5929,-9512,484,8
2023-05-27T14:23:11.196000+00:00,100,2,77,0,2023-05-27 14:23:11.196000+00:00,2023-05-27T14:23:11.275000+00:00,-5935,-9581,486,8
2023-05-27T14:23:11.476000+00:00,0,2,70,0,2023-05-27 14:23:11.476000+00:00,2023-05-27T14:23:11.675000+00:00,-5952,-9633,488,8
2023-05-27T14:23:11.636000+00:00,0,2,70,0,2023-05-27 14:23:11.636000+00:00,2023-05-27T14:23:11.675000+00:00,-5952,-9633,488,8
2023-05-27T14:23:12.076000+00:00,0,2,61,13,2023-05-27 14:23:12.076000+00:00,2023-05-27T14:23:11.975000+00:00,-5981,-9677,489,8
2023-05-27T14:23:12.356000+00:00,0,2,63,18,2023-05-27 14:23:12.356000+00:00,2023-05-27T14:23:12.255000+00:00,-6016,-9709,490,8
2023-05-27T14:23:12.676000+00:00,0,2,70,41,2023-05-27 14:23:12.676000+00:00,2023-05-27T14:23:12.515000+00:00,-6083,-9737,495,8
2023-05-27T14:23:12.956000+00:00,0,2,75,47,2023-05-27 14:23:12.956000+00:00,2023-05-27T14:23:13.015000+00:00,-6155,-9755,499,8
2023-05-27T14:23:13.196000+00:00,0,2,81,77,2023-05-27 14:23:13.196000+00:00,2023-05-27T14:23:13.215000+00:00,-6200,-9761,501,8
2023-05-27T14:23:13.556000+00:00,0,2,103,87,2023-05-27 14:23:13.556000+00:00,2023-05-27T14:23:13.635000+00:00,-6303,-9769,506,8
2023-05-27T14:23:13.796000+00:00,0,2,119,68,2023-05-27 14:23:13.796000+00:00,2023-05-27T14:23:13.895000+00:00,-6387,-9773,510,8
2023-05-27T14:23:14.036000+00:00,100,2,116,0,2023-05-27 14:23:14.036000+00:00,2023-05-27T14:23:14.175000+00:00,-6503,-9770,515,8
2023-05-27T14:23:14.276000+00:00,100,2,101,0,2023-05-27 14:23:14.276000+00:00,2023-05-27T14:23:14.175000+00:00,-6503,-9770,515,8
2023-05-27T14:23:14.436000+00:00,100,2,98,0,2023-05-27 14:23:14.436000+00:00,2023-05-27T14:23:14.575000+00:00,-6584,-9760,519,8
2023-05-27T14:23:14.716000+00:00,0,2,93,0,2023-05-27 14:23:14.716000+00:00,2023-05-27T14:23:14.795000+00:00,-6651,-9744,520,8
2023-05-27T14:23:14.955000+00:00,0,2,86,0,2023-05-27 14:23:14.955000+00:00,2023-05-27T14:23:15.075000+00:00,-6697,-9723,520,8
2023-05-27T14:23:15.155000+00:00,0,2,86,16,2023-05-27 14:23:15.155000+00:00,2023-05-27T14:23:15.075000+00:00,-6697,-9723,520,8
2023-05-27T14:23:15.315000+00:00,0,2,84,18,2023-05-27 14:23:15.315000+00:00,2023-05-27T14:23:15.395000+00:00,-6748,-9673,517,8
2023-05-27T14:23:15.595000+00:00,0,2,88,35,2023-05-27 14:23:15.595000+00:00,2023-05-27T14:23:15.555000+00:00,-6767,-9641,515,8
2023-05-27T14:23:15.955000+00:00,0,2,96,52,2023-05-27 14:23:15.955000+00:00,2023-05-27T14:23:15.975000+00:00,-6800,-9537,511,8
2023-05-27T14:23:16.315000+00:00,0,2,111,100,2023-05-27 14:23:16.315000+00:00,2023-05-27T14:23:16.256000+00:00,-6818,-9450,510,8
2023-05-27T14:23:16.675000+00:00,0,2,133,100,2023-05-27 14:23:16.675000+00:00,2023-05-27T14:23:16.676000+00:00,-6861,-9301,506,8
2023-05-27T14:23:17.076000+00:00,0,3,156,100,2023-05-27 14:23:17.076000+00:00,2023-05-27T14:23:16.976000+00:00,-6903,-9216,506,8
2023-05-27T14:23:17.316000+00:00,0,3,161,100,2023-05-27 14:23:17.316000+00:00,2023-05-27T14:23:17.236000+00:00,-7001,-9066,503,8
2023-05-27T14:23:17.516000+00:00,0,4,175,100,2023-05-27 14:23:17.516000+00:00,2023-05-27T14:23:17.536000+00:00,-7045,-9002,504,8
2023-05-27T14:23:17.756000+00:00,0,4,175,100,2023-05-27 14:23:17.756000+00:00,2023-05-27T14:23:17.915000+00:00,-7147,-8840,504,8
2023-05-27T14:23:18.036000+00:00,0,4,196,100,2023-05-27 14:23:18.036000+00:00,2023-05-27T14:23:17.995000+00:00,-7167,-8802,504,8
2023-05-27T14:23:18.196000+00:00,0,4,204,100,2023-05-27 14:23:18.196000+00:00,2023-05-27T14:23:18.295000+00:00,-7235,-8648,503,8
2023-05-27T14:23:18.356000+00:00,0,5,207,100,2023-05-27 14:23:18.356000+00:00,2023-05-27T14:23:18.295000+00:00,-7235,-8648,503,8
2023-05-27T14:23:18.676000+00:00,0,5,221,100,2023-05-27 14:23:18.676000+00:00,2023-05-27T14:23:18.775000+00:00,-7329,-8377,503,8
2023-05-27T14:23:18.836000+00:00,0,5,223,100,2023-05-27 14:23:18.836000+00:00,2023-05-27T14:23:18.775000+00:00,-7329,-8377,503,8
2023-05-27T14:23:19.076000+00:00,0,5,232,100,2023-05-27 14:23:19.076000+00:00,2023-05-27T14:23:19.015000+00:00,-7373,-8233,503,8
2023-05-27T14:23:19.476000+00:00,0,6,242,100,2023-05-27 14:23:19.476000+00:00,2023-05-27T14:23:19.455000+00:00,-7469,-7893,502,8
2023-05-27T14:23:19.716000+00:00,0,6,247,100,2023-05-27 14:23:19.716000+00:00,2023-05-27T14:23:19.815000+00:00,-7514,-7723,502,8
2023-05-27T14:23:19.916000+00:00,0,6,252,100,2023-05-27 14:23:19.916000+00:00,2023-05-27T14:23:19.815000+00:00,-7514,-7723,502,8
2023-05-27T14:23:20.196000+00:00,0,6,258,100,2023-05-27 14:23:20.196000+00:00,2023-05-27T14:23:20.035000+00:00,-7551,-7573,502,8
2023-05-27T14:23:20.516000+00:00,0,6,264,100,2023-05-27 14:23:20.516000+00:00,2023-05-27T14:23:20.595000+00:00,-7620,-7160,503,8
2023-05-27T14:23:20.676000+00:00,0,7,266,100,2023-05-27 14:23:20.676000+00:00,2023-05-27T14:23:20.595000+00:00,-7620,-7160,503,8
2023-05-27T14:23:20.836000+00:00,0,7,266,100,2023-05-27 14:23:20.836000+00:00,2023-05-27T14:23:20.815000+00:00,-7640,-6953,502,8
2023-05-27T14:23:21.196000+00:00,0,7,273,100,2023-05-27 14:23:21.196000+00:00,2023-05-27T14:23:21.075000+00:00,-7652,-6772,502,8
2023-05-27T14:23:21.596000+00:00,0,7,266,0,2023-05-27 14:23:21.596000+00:00,2023-05-27T14:23:21.555000+00:00,-7679,-6326,503,8
2023-05-27T14:23:21.915000+00:00,100,7,256,0,2023-05-27 14:23:21.915000+00:00,2023-05-27T14:23:21.915000+00:00,-7678,-6153,503,8
2023-05-27T14:23:22.115000+00:00,100,7,251,0,2023-05-27 14:23:22.115000+00:00,2023-05-27T14:23:22.155000+00:00,-7668,-5986,503,8
2023-05-27T14:23:22.275000+00:00,100,7,237,0,2023-05-27 14:23:22.275000+00:00,2023-05-27T14:23:22.315000+00:00,-7660,-5880,503,8
2023-05-27T14:23:22.475000+00:00,100,7,233,0,2023-05-27 14:23:22.475000+00:00,2023-05-27T14:23:22.475000+00:00,-7651,-5775,503,8
2023-05-27T14:23:22.675000+00:00,100,7,217,0,2023-05-27 14:23:22.675000+00:00,2023-05-27T14:23:22.796000+00:00,-7624,-5562,511,8
2023-05-27T14:23:23.035000+00:00,100,7,197,0,2023-05-27 14:23:23.035000+00:00,2023-05-27T14:23:22.956000+00:00,-7609,-5473,514,8
2023-05-27T14:23:23.395000+00:00,100,5,171,0,2023-05-27 14:23:23.395000+00:00,2023-05-27T14:23:23.476000+00:00,-7544,-5167,520,8
2023-05-27T14:23:23.636000+00:00,100,4,171,0,2023-05-27 14:23:23.636000+00:00,2023-05-27T14:23:23.716000+00:00,-7530,-5112,521,8
2023-05-27T14:23:23.876000+00:00,100,3,153,0,2023-05-27 14:23:23.876000+00:00,2023-05-27T14:23:23.716000+00:00,-7530,-5112,521,8
2023-05-27T14:23:24.156000+00:00,100,3,132,0,2023-05-27 14:23:24.156000+00:00,2023-05-27T14:23:24.196000+00:00,-7464,-4888,530,8
2023-05-27T14:27:00.837000+00:00,0,5,212,100,2023-05-27 14:27:00.837000+00:00,2023-05-27T14:27:00.856000+00:00,-7303,-8459,503,11
2023-05-27T14:27:01.037000+00:00,0,5,218,100,2023-05-27 14:27:01.037000+00:00,2023-05-27T14:27:00.856000+00:00,-7303,-8459,503,11
2023-05-27T14:27:01.237000+00:00,0,5,224,100,2023-05-27 14:27:01.237000+00:00,2023-05-27T14:27:01.335000+00:00,-7403,-8128,503,11
2023-05-27T14:27:01.517000+00:00,0,5,232,100,2023-05-27 14:27:01.517000+00:00,2023-05-27T14:27:01.575000+00:00,-7421,-8066,502,11
2023-05-27T14:27:01.957000+00:00,0,6,243,100,2023-05-27 14:27:01.957000+00:00,2023-05-27T14:27:01.995000+00:00,-7495,-7796,502,11
2023-05-27T14:27:02.157000+00:00,0,6,248,100,2023-05-27 14:27:02.157000+00:00,2023-05-27T14:27:01.995000+00:00,-7495,-7796,502,11
2023-05-27T14:27:02.317000+00:00,0,6,253,100,2023-05-27 14:27:02.317000+00:00,2023-05-27T14:27:02.375000+00:00,-7572,-7471,502,11
2023-05-27T14:27:02.557000+00:00,0,6,256,100,2023-05-27 14:27:02.557000+00:00,2023-05-27T14:27:02.735000+00:00,-7614,-7216,503,11
2023-05-27T14:27:02.757000+00:00,0,6,261,100,2023-05-27 14:27:02.757000+00:00,2023-05-27T14:27:02.735000+00:00,-7614,-7216,503,11
2023-05-27T14:27:02.997000+00:00,0,6,265,100,2023-05-27 14:27:02.997000+00:00,2023-05-27T14:27:03.195000+00:00,-7639,-6966,502,11
2023-05-27T14:27:03.197000+00:00,0,7,269,100,2023-05-27 14:27:03.197000+00:00,2023-05-27T14:27:03.195000+00:00,-7639,-6966,502,11
2023-05-27T14:27:03.516000+00:00,0,7,275,100,2023-05-27 14:27:03.516000+00:00,2023-05-27T14:27:03.575000+00:00,-7660,-6658,502,11
2023-05-27T14:27:03.756000+00:00,0,7,277,100,2023-05-27 14:27:03.756000+00:00,2023-05-27T14:27:03.775000+00:00,-7669,-6504,502,11
2023-05-27T14:27:04.076000+00:00,0,7,283,100,2023-05-27 14:27:04.076000+00:00,2023-05-27T14:27:04.155000+00:00,-7680,-6210,503,11
2023-05-27T14:27:04.276000+00:00,0,7,285,100,2023-05-27 14:27:04.276000+00:00,2023-05-27T14:27:04.335000+00:00,-7673,-6066,503,11
2023-05-27T14:27:04.676000+00:00,100,7,284,100,2023-05-27 14:27:04.676000+00:00,2023-05-27T14:27:04.715000+00:00,-7650,-5764,503,11
2023-05-27T14:27:04.996000+00:00,100,7,253,0,2023-05-27 14:27:04.996000+00:00,2023-05-27T14:27:05.035000+00:00,-7619,-5526,513,11
2023-05-27T14:27:05.196000+00:00,100,7,240,0,2023-05-27 14:27:05.196000+00:00,2023-05-27T14:27:05.255000+00:00,-7592,-5381,515,11
2023-05-27T14:27:05.396000+00:00,100,7,202,0,2023-05-27 14:27:05.396000+00:00,2023-05-27T14:27:05.495000+00:00,-7562,-5243,521,11
2023-05-27T14:27:05.636000+00:00,100,6,178,0,2023-05-27 14:27:05.636000+00:00,2023-05-27T14:27:05.735000+00:00,-7534,-5127,520,11
2023-05-27T14:27:06.036000+00:00,100,4,142,0,2023-05-27 14:27:06.036000+00:00,2023-05-27T14:27:05.935000+00:00,-7511,-5041,524,11
2023-05-27T14:27:06.356000+00:00,100,3,124,0,2023-05-27 14:27:06.356000+00:00,2023-05-27T14:27:06.195000+00:00,-7482,-4944,527,11
2023-05-27T14:27:06.516000+00:00,100,3,120,0,2023-05-27 14:27:06.516000+00:00,2023-05-27T14:27:06.536000+00:00,-7441,-4828,533,11
2023-05-27T14:27:06.836000+00:00,0,3,116,5,2023-05-27 14:27:06.836000+00:00,2023-05-27T14:27:06.756000+00:00,-7412,-4765,535,11
2023-05-27T14:27:07.036000+00:00,0,3,112,13,2023-05-27 14:27:07.036000+00:00,2023-05-27T14:27:07.096000+00:00,-7357,-4693,537,11
2023-05-27T14:27:07.397000+00:00,0,3,112,32,2023-05-27 14:27:07.397000+00:00,2023-05-27T14:27:07.356000+00:00,-7289,-4653,538,11
2023-05-27T14:27:07.717000+00:00,0,3,117,78,2023-05-27 14:27:07.717000+00:00,2023-05-27T14:27:07.615000+00:00,-7185,-4620,542,11
2023-05-27T14:27:07.997000+00:00,0,3,129,100,2023-05-27 14:27:07.997000+00:00,2023-05-27T14:27:08.035000+00:00,-7069,-4602,548,11
2023-05-27T14:27:08.157000+00:00,0,3,134,100,2023-05-27 14:27:08.157000+00:00,2023-05-27T14:27:08.235000+00:00,-6994,-4594,552,11
2023-05-27T14:27:08.477000+00:00,0,3,155,100,2023-05-27 14:27:08.477000+00:00,2023-05-27T14:27:08.435000+00:00,-6870,-4584,562,11
2023-05-27T14:27:08.797000+00:00,0,3,168,100,2023-05-27 14:27:08.797000+00:00,2023-05-27T14:27:08.855000+00:00,-6727,-4571,574,11
2023-05-27T14:27:09.117000+00:00,0,4,181,100,2023-05-27 14:27:09.117000+00:00,2023-05-27T14:27:09.175000+00:00,-6571,-4553,586,11
2023-05-27T14:27:09.317000+00:00,0,4,189,100,2023-05-27 14:27:09.317000+00:00,2023-05-27T14:27:09.175000+00:00,-6571,-4553,586,11
2023-05-27T14:27:09.677000+00:00,0,4,202,100,2023-05-27 14:27:09.677000+00:00,2023-05-27T14:27:09.515000+00:00,-6363,-4517,603,11
2023-05-27T14:27:10.076000+00:00,0,5,213,100,2023-05-27 14:27:10.076000+00:00,2023-05-27T14:27:10.195000+00:00,-6017,-4435,634,11
2023-05-27T14:27:10.276000+00:00,0,5,219,100,2023-05-27 14:27:10.276000+00:00,2023-05-27T14:27:10.195000+00:00,-6017,-4435,634,11
2023-05-27T14:27:10.516000+00:00,0,5,221,100,2023-05-27 14:27:10.516000+00:00,2023-05-27T14:27:10.395000+00:00,-5899,-4406,645,11
2023-05-27T14:27:10.716000+00:00,0,5,226,100,2023-05-27 14:27:10.716000+00:00,2023-05-27T14:27:10.735000+00:00,-5694,-4355,664,11
2023-05-27T14:27:10.916000+00:00,0,5,232,100,2023-05-27 14:27:10.916000+00:00,2023-05-27T14:27:10.895000+00:00,-5534,-4313,680,11
2023-05-27T14:27:11.276000+00:00,0,6,240,100,2023-05-27 14:27:11.276000+00:00,2023-05-27T14:27:11.335000+00:00,-5252,-4245,706,11
2023-05-27T14:27:11.516000+00:00,0,6,244,100,2023-05-27 14:27:11.516000+00:00,2023-05-27T14:27:11.335000+00:00,-5252,-4245,706,11
2023-05-27T14:27:11.876000+00:00,0,6,251,100,2023-05-27 14:27:11.876000+00:00,2023-05-27T14:27:11.895000+00:00,-4940,-4203,734,11
2023-05-27T14:27:12.156000+00:00,0,6,254,100,2023-05-27 14:27:12.156000+00:00,2023-05-27T14:27:12.075000+00:00,-4814,-4192,746,11
2023-05-27T14:27:12.436000+00:00,0,6,257,100,2023-05-27 14:27:12.436000+00:00,2023-05-27T14:27:12.495000+00:00,-4530,-4132,773,11
2023-05-27T14:27:12.716000+00:00,0,6,260,100,2023-05-27 14:27:12.716000+00:00,2023-05-27T14:27:12.815000+00:00,-4211,-3980,801,11
2023-05-27T14:27:12.996000+00:00,0,6,262,100,2023-05-27 14:27:12.996000+00:00,2023-05-27T14:27:12.815000+00:00,-4211,-3980,801,11
2023-05-27T14:27:13.196000+00:00,0,6,264,100,2023-05-27 14:27:13.196000+00:00,2023-05-27T14:27:13.216000+00:00,-4039,-3898,816,11
2023-05-27T14:27:13.436000+00:00,0,7,266,100,2023-05-27 14:27:13.436000+00:00,2023-05-27T14:27:13.396000+00:00,-3917,-3849,826,11
2023-05-27T14:27:13.676000+00:00,0,7,268,100,2023-05-27 14:27:13.676000+00:00,2023-05-27T14:27:13.556000+00:00,-3819,-3815,833,11
2023-05-27T14:27:13.877000+00:00,0,7,269,100,2023-05-27 14:27:13.877000+00:00,2023-05-27T14:27:13.796000+00:00,-3648,-3769,845,11
2023-05-27T14:27:14.277000+00:00,0,7,274,5,2023-05-27 14:27:14.277000+00:00,2023-05-27T14:27:14.375000+00:00,-3173,-3701,862,11
2023-05-27T14:27:14.637000+00:00,100,7,255,0,2023-05-27 14:27:14.637000+00:00,2023-05-27T14:27:14.655000+00:00,-2971,-3671,861,11
2023-05-27T14:27:14.917000+00:00,100,7,238,0,2023-05-27 14:27:14.917000+00:00,2023-05-27T14:27:14.915000+00:00,-2732,-3601,862,11
2023-05-27T14:27:15.157000+00:00,100,7,223,0,2023-05-27 14:27:15.157000+00:00,2023-05-27T14:27:15.215000+00:00,-2634,-3553,863,11
2023-05-27T14:27:15.517000+00:00,100,5,200,0,2023-05-27 14:27:15.517000+00:00,2023-05-27T14:27:15.475000+00:00,-2511,-3469,864,11
2023-05-27T14:27:15.677000+00:00,100,4,196,0,2023-05-27 14:27:15.677000+00:00,2023-05-27T14:27:15.755000+00:00,-2384,-3339,866,11
2023-05-27T14:27:15.877000+00:00,100,4,186,0,2023-05-27 14:27:15.877000+00:00,2023-05-27T14:27:15.755000+00:00,-2384,-3339,866,11
2023-05-27T14:27:16.077000+00:00,100,4,180,0,2023-05-27 14:27:16.077000+00:00,2023-05-27T14:27:16.015000+00:00,-2331,-3253,867,11
2023-05-27T14:27:16.277000+00:00,0,4,178,0,2023-05-27 14:27:16.277000+00:00,2023-05-27T14:27:16.255000+00:00,-2287,-3142,869,11
2023-05-27T14:27:16.557000+00:00,0,4,171,2,2023-05-27 14:27:16.557000+00:00,2023-05-27T14:27:16.495000+00:00,-2265,-3027,870,11
2023-05-27T14:27:16.996000+00:00,0,4,163,45,2023-05-27 14:27:16.996000+00:00,2023-05-27T14:27:16.975000+00:00,-2275,-2808,874,11
2023-05-27T14:27:17.396000+00:00,0,4,166,63,2023-05-27 14:27:17.396000+00:00,2023-05-27T14:27:17.375000+00:00,-2343,-2599,884,11
2023-05-27T14:27:17.796000+00:00,0,4,172,75,2023-05-27 14:27:17.796000+00:00,2023-05-27T14:27:17.675000+00:00,-2378,-2532,884,11
2023-05-27T14:27:17.956000+00:00,0,4,172,74,2023-05-27 14:27:17.956000+00:00,2023-05-27T14:27:17.995000+00:00,-2461,-2403,886,11
2023-05-27T14:27:18.316000+00:00,100,4,176,0,2023-05-27 14:27:18.316000+00:00,2023-05-27T14:27:18.435000+00:00,-2619,-2209,886,11
2023-05-27T14:27:18.676000+00:00,100,4,151,0,2023-05-27 14:27:18.676000+00:00,2023-05-27T14:27:18.895000+00:00,-2715,-2063,888,11
2023-05-27T14:27:18.876000+00:00,0,4,146,5,2023-05-27 14:27:18.876000+00:00,2023-05-27T14:27:18.895000+00:00,-2715,-2063,888,11
2023-05-27T14:27:19.076000+00:00,0,4,142,12,2023-05-27 14:27:19.076000+00:00,2023-05-27T14:27:19.135000+00:00,-2740,-1992,892,11
2023-05-27T14:27:19.236000+00:00,0,4,140,12,2023-05-27 14:27:19.236000+00:00,2023-05-27T14:27:19.135000+00:00,-2740,-1992,892,11
2023-05-27T14:27:19.396000+00:00,0,4,141,51,2023-05-27 14:27:19.396000+00:00,2023-05-27T14:27:19.476000+00:00,-2743,-1856,894,11
2023-05-27T14:27:19.636000+00:00,0,4,142,61,2023-05-27 14:27:19.636000+00:00,2023-05-27T14:27:19.696000+00:00,-2701,-1717,895,11
2023-05-27T14:27:19.916000+00:00,0,4,148,82,2023-05-27 14:27:19.916000+00:00,2023-05-27T14:27:19.996000+00:00,-2671,-1655,892,11
2023-05-27T14:27:20.276000+00:00,0,4,161,84,2023-05-27 14:27:20.276000+00:00,2023-05-27T14:27:20.256000+00:00,-2601,-1538,881,11
2023-05-27T14:27:20.437000+00:00,0,4,166,100,2023-05-27 14:27:20.437000+00:00,2023-05-27T14:27:20.436000+00:00,-2553,-1472,874,11
2023-05-27T14:27:20.637000+00:00,0,4,171,100,2023-05-27 14:27:20.637000+00:00,2023-05-27T14:27:20.755000+00:00,-2433,-1332,860,11
2023-05-27T14:27:20.957000+00:00,0,4,188,100,2023-05-27 14:27:20.957000+00:00,2023-05-27T14:27:21.015000+00:00,-2364,-1256,854,11
2023-05-27T14:27:21.117000+00:00,0,4,194,100,2023-05-27 14:27:21.117000+00:00,2023-05-27T14:27:21.015000+00:00,-2364,-1256,854,11
2023-05-27T14:27:21.277000+00:00,0,4,201,100,2023-05-27 14:27:21.277000+00:00,2023-05-27T14:27:21.235000+00:00,-2285,-1167,846,11
2023-05-27T14:27:21.557000+00:00,0,4,206,100,2023-05-27 14:27:21.557000+00:00,2023-05-27T14:27:21.655000+00:00,-2140,-979,828,11
2023-05-27T14:27:21.797000+00:00,0,5,216,100,2023-05-27 14:27:21.797000+00:00,2023-05-27T14:27:21.895000+00:00,-2075,-883,818,11
2023-05-27T14:27:22.037000+00:00,100,5,222,100,2023-05-27 14:27:22.037000+00:00,2023-05-27T14:27:22.055000+00:00,-2020,-802,810,11
2023-05-27T14:27:22.317000+00:00,100,5,204,0,2023-05-27 14:27:22.317000+00:00,2023-05-27T14:27:22.395000+00:00,-1886,-616,793,11
2023-05-27T14:27:22.477000+00:00,100,5,192,0,2023-05-27 14:27:22.477000+00:00,2023-05-27T14:27:22.555000+00:00,-1834,-549,787,11
2023-05-27T14:27:23.277000+00:00,100,2,116,0,2023-05-27 14:27:23.277000+00:00,2023-05-27T14:27:23.355000+00:00,-1618,-298,764,11
2023-05-27T14:27:23.516000+00:00,100,2,108,0,2023-05-27 14:27:23.516000+00:00,2023-05-27T14:27:23.435000+00:00,-1600,-280,762,11
2023-05-27T14:27:23.836000+00:00,100,2,96,0,2023-05-27 14:27:23.836000+00:00,2023-05-27T14:27:23.715000+00:00,-1508,-211,753,11
2023-05-27T14:27:23.996000+00:00,100,2,91,0,2023-05-27 14:27:23.996000+00:00,2023-05-27T14:27:24.035000+00:00,-1468,-198,750,11
2023-05-27T14:27:24.276000+00:00,0,2,86,0,2023-05-27 14:27:24.276000+00:00,2023-05-27T14:27:24.375000+00:00,-1389,-206,742,11
2023-05-27T14:27:24.516000+00:00,0,2,80,0,2023-05-27 14:27:24.516000+00:00,2023-05-27T14:27:24.475000+00:00,-1368,-215,741,11
2023-05-27T14:27:24.796000+00:00,0,2,81,0,2023-05-27 14:27:24.796000+00:00,2023-05-27T14:27:24.795000+00:00,-1308,-254,732,11
2023-05-27T14:27:25.076000+00:00,0,2,74,20,2023-05-27 14:27:25.076000+00:00,2023-05-27T14:27:24.955000+00:00,-1269,-298,728,11
2023-05-27T14:27:25.436000+00:00,0,2,80,35,2023-05-27 14:27:25.436000+00:00,2023-05-27T14:27:25.295000+00:00,-1247,-339,726,11
2023-05-27T14:27:25.636000+00:00,0,2,85,44,2023-05-27 14:27:25.636000+00:00,2023-05-27T14:27:25.635000+00:00,-1216,-437,719,11
2023-05-27T14:27:25.796000+00:00,0,2,90,59,2023-05-27 14:27:25.796000+00:00,2023-05-27T14:27:25.635000+00:00,-1216,-437,719,11
2023-05-27T14:27:26.036000+00:00,0,2,98,72,2023-05-27 14:27:26.036000+00:00,2023-05-27T14:27:25.975000+00:00,-1201,-496,714,11
2023-05-27T14:27:26.436000+00:00,0,2,113,96,2023-05-27 14:27:26.436000+00:00,2023-05-27T14:27:26.396000+00:00,-1153,-659,700,11
2023-05-27T14:27:26.796000+00:00,0,3,119,100,2023-05-27 14:27:26.796000+00:00,2023-05-27T14:27:26.836000+00:00,-1095,-808,689,11
2023-05-27T14:27:26.957000+00:00,100,3,147,100,2023-05-27 14:27:26.957000+00:00,2023-05-27T14:27:26.836000+00:00,-1095,-808,689,11
2023-05-27T14:27:27.157000+00:00,100,3,151,0,2023-05-27 14:27:27.157000+00:00,2023-05-27T14:27:27.175000+00:00,-1059,-883,682,11
2023-05-27T14:27:27.357000+00:00,100,3,151,0,2023-05-27 14:27:27.357000+00:00,2023-05-27T14:27:27.415000+00:00,-1027,-941,679,11
2023-05-27T14:27:27.717000+00:00,100,3,105,0,2023-05-27 14:27:27.717000+00:00,2023-05-27T14:27:27.795000+00:00,-967,-1030,671,11
2023-05-27T14:27:27.877000+00:00,100,1,93,0,2023-05-27 14:27:27.877000+00:00,2023-05-27T14:27:27.795000+00:00,-967,-1030,671,11
2023-05-27T14:27:28.357000+00:00,100,1,78,0,2023-05-27 14:27:28.357000+00:00,2023-05-27T14:27:28.395000+00:00,-861,-1119,662,11
2023-05-27T14:27:28.757000+00:00,100,1,64,0,2023-05-27 14:27:28.757000+00:00,2023-05-27T14:27:28.835000+00:00,-785,-1131,658,11
2023-05-27T14:27:28.917000+00:00,100,1,60,0,2023-05-27 14:27:28.917000+00:00,2023-05-27T14:27:28.835000+00:00,-785,-1131,658,11
2023-05-27T14:27:29.157000+00:00,0,1,57,0,2023-05-27 14:27:29.157000+00:00,2023-05-27T14:27:29.155000+00:00,-742,-1100,656,11
2023-05-27T14:27:29.317000+00:00,0,1,55,0,2023-05-27 14:27:29.317000+00:00,2023-05-27T14:27:29.155000+00:00,-742,-1100,656,11
2023-05-27T14:27:29.717000+00:00,0,1,52,0,2023-05-27 14:27:29.717000+00:00,2023-05-27T14:27:29.655000+00:00,-731,-1032,650,11
2023-05-27T14:27:29.877000+00:00,0,1,46,1,2023-05-27 14:27:29.877000+00:00,2023-05-27T14:27:29.955000+00:00,-740,-991,645,11
2023-05-27T14:27:30.157000+00:00,0,1,46,10,2023-05-27 14:27:30.157000+00:00,2023-05-27T14:27:30.175000+00:00,-753,-954,643,11
2023-05-27T14:27:30.436000+00:00,0,1,48,21,2023-05-27 14:27:30.436000+00:00,2023-05-27T14:27:30.435000+00:00,-763,-933,641,11
2023-05-27T14:27:30.676000+00:00,0,1,53,23,2023-05-27 14:27:30.676000+00:00,2023-05-27T14:27:30.775000+00:00,-788,-892,638,11
2023-05-27T14:27:30.956000+00:00,0,1,57,30,2023-05-27 14:27:30.956000+00:00,2023-05-27T14:27:30.955000+00:00,-820,-852,632,11
2023-05-27T14:27:31.196000+00:00,0,1,65,42,2023-05-27 14:27:31.196000+00:00,2023-05-27T14:27:31.315000+00:00,-864,-804,627,11
2023-05-27T14:27:31.556000+00:00,0,1,76,56,2023-05-27 14:27:31.556000+00:00,2023-05-27T14:27:31.795000+00:00,-918,-748,619,11
2023-05-27T14:27:31.956000+00:00,0,1,98,76,2023-05-27 14:27:31.956000+00:00,2023-05-27T14:27:31.975000+00:00,-950,-714,616,11
2023-05-27T14:27:32.196000+00:00,100,1,103,0,2023-05-27 14:27:32.196000+00:00,2023-05-27T14:27:32.215000+00:00,-992,-660,611,11
2023-05-27T14:27:32.556000+00:00,100,2,95,0,2023-05-27 14:27:32.556000+00:00,2023-05-27T14:27:32.495000+00:00,-1022,-593,607,11
2023-05-27T14:27:32.836000+00:00,0,2,90,0,2023-05-27 14:27:32.836000+00:00,2023-05-27T14:27:32.836000+00:00,-1026,-505,603,11
2023-05-27T14:27:33.036000+00:00,0,2,85,0,2023-05-27 14:27:33.036000+00:00,2023-05-27T14:27:33.056000+00:00,-1010,-456,598,11
2023-05-27T14:27:33.276000+00:00,0,2,82,8,2023-05-27 14:27:33.276000+00:00,2023-05-27T14:27:33.296000+00:00,-982,-414,592,11
2023-05-27T14:27:33.637000+00:00,0,2,83,24,2023-05-27 14:27:33.637000+00:00,2023-05-27T14:27:33.636000+00:00,-924,-360,588,11
2023-05-27T14:27:33.837000+00:00,0,2,84,41,2023-05-27 14:27:33.837000+00:00,2023-05-27T14:27:33.795000+00:00,-893,-339,584,11
2023-05-27T14:27:34.117000+00:00,0,2,92,54,2023-05-27 14:27:34.117000+00:00,2023-05-27T14:27:34.115000+00:00,-802,-289,573,11
2023-05-27T14:27:34.277000+00:00,0,2,99,64,2023-05-27 14:27:34.277000+00:00,2023-05-27T14:27:34.435000+00:00,-749,-265,568,11
2023-05-27T14:27:34.597000+00:00,0,2,110,83,2023-05-27 14:27:34.597000+00:00,2023-05-27T14:27:34.595000+00:00,-708,-247,566,11
2023-05-27T14:27:34.917000+00:00,0,2,129,37,2023-05-27 14:27:34.917000+00:00,2023-05-27T14:27:34.935000+00:00,-571,-197,558,11
2023-05-27T14:27:35.077000+00:00,100,2,122,0,2023-05-27 14:27:35.077000+00:00,2023-05-27T14:27:34.935000+00:00,-571,-197,558,11
2023-05-27T14:27:35.237000+00:00,100,2,116,0,2023-05-27 14:27:35.237000+00:00,2023-05-27T14:27:35.335000+00:00,-474,-174,554,11
2023-05-27T14:27:35.557000+00:00,100,2,103,0,2023-05-27 14:27:35.557000+00:00,2023-05-27T14:27:35.575000+00:00,-404,-168,551,11
2023-05-27T14:27:36.277000+00:00,0,2,84,0,2023-05-27 14:27:36.277000+00:00,2023-05-27T14:27:36.235000+00:00,-263,-233,546,11
2023-05-27T14:27:36.477000+00:00,0,2,84,3,2023-05-27 14:27:36.477000+00:00,2023-05-27T14:27:36.415000+00:00,-240,-271,545,11
2023-05-27T14:27:36.677000+00:00,0,2,81,30,2023-05-27 14:27:36.677000+00:00,2023-05-27T14:27:36.775000+00:00,-207,-364,545,11
2023-05-27T14:27:37.116000+00:00,0,2,89,48,2023-05-27 14:27:37.116000+00:00,2023-05-27T14:27:37.055000+00:00,-196,-416,545,11
2023-05-27T14:27:37.276000+00:00,0,2,95,60,2023-05-27 14:27:37.276000+00:00,2023-05-27T14:27:37.255000+00:00,-190,-466,545,11
2023-05-27T14:27:37.476000+00:00,0,2,103,68,2023-05-27 14:27:37.476000+00:00,2023-05-27T14:27:37.455000+00:00,-186,-519,545,11
2023-05-27T14:27:37.676000+00:00,0,2,112,90,2023-05-27 14:27:37.676000+00:00,2023-05-27T14:27:37.795000+00:00,-185,-602,545,11
2023-05-27T14:27:37.916000+00:00,0,2,123,100,2023-05-27 14:27:37.916000+00:00,2023-05-27T14:27:37.795000+00:00,-185,-602,545,11
2023-05-27T14:27:38.196000+00:00,0,2,139,100,2023-05-27 14:27:38.196000+00:00,2023-05-27T14:27:38.235000+00:00,-191,-725,545,11
2023-05-27T14:27:38.556000+00:00,0,3,156,100,2023-05-27 14:27:38.556000+00:00,2023-05-27T14:27:38.415000+00:00,-202,-838,545,11
2023-05-27T14:27:38.996000+00:00,0,4,179,100,2023-05-27 14:27:38.996000+00:00,2023-05-27T14:27:39.055000+00:00,-230,-1087,543,11
2023-05-27T14:27:39.156000+00:00,0,4,183,100,2023-05-27 14:27:39.156000+00:00,2023-05-27T14:27:39.256000+00:00,-250,-1270,543,11
2023-05-27T14:27:39.436000+00:00,0,4,195,100,2023-05-27 14:27:39.436000+00:00,2023-05-27T14:27:39.596000+00:00,-262,-1379,543,11
2023-05-27T14:27:39.676000+00:00,0,4,205,100,2023-05-27 14:27:39.676000+00:00,2023-05-27T14:27:39.596000+00:00,-262,-1379,543,11
2023-05-27T14:27:39.836000+00:00,0,4,208,100,2023-05-27 14:27:39.836000+00:00,2023-05-27T14:27:39.836000+00:00,-275,-1504,542,11
2023-05-27T14:27:39.996000+00:00,0,5,211,100,2023-05-27 14:27:39.996000+00:00,2023-05-27T14:27:40.076000+00:00,-292,-1644,542,11
2023-05-27T14:27:40.237000+00:00,0,5,218,100,2023-05-27 14:27:40.237000+00:00,2023-05-27T14:27:40.236000+00:00,-309,-1738,542,11
2023-05-27T14:27:40.637000+00:00,0,5,230,100,2023-05-27 14:27:40.637000+00:00,2023-05-27T14:27:40.695000+00:00,-386,-2016,542,11
2023-05-27T14:27:40.837000+00:00,0,5,235,100,2023-05-27 14:27:40.837000+00:00,2023-05-27T14:27:40.895000+00:00,-450,-2202,541,11
2023-05-27T14:27:41.117000+00:00,0,6,239,100,2023-05-27 14:27:41.117000+00:00,2023-05-27T14:27:41.315000+00:00,-527,-2402,541,11
2023-05-27T14:27:41.277000+00:00,0,6,243,100,2023-05-27 14:27:41.277000+00:00,2023-05-27T14:27:41.315000+00:00,-527,-2402,541,11
2023-05-27T14:27:41.637000+00:00,0,6,250,100,2023-05-27 14:27:41.637000+00:00,2023-05-27T14:27:41.575000+00:00,-596,-2567,541,11
2023-05-27T14:27:42.077000+00:00,0,6,258,100,2023-05-27 14:27:42.077000+00:00,2023-05-27T14:27:42.035000+00:00,-734,-2858,541,11
2023-05-27T14:27:42.277000+00:00,0,6,261,100,2023-05-27 14:27:42.277000+00:00,2023-05-27T14:27:42.275000+00:00,-852,-3045,542,11
2023-05-27T14:27:42.477000+00:00,0,6,262,100,2023-05-27 14:27:42.477000+00:00,2023-05-27T14:27:42.495000+00:00,-1005,-3219,542,11
2023-05-27T14:27:42.637000+00:00,0,6,263,100,2023-05-27 14:27:42.637000+00:00,2023-05-27T14:27:42.495000+00:00,-1005,-3219,542,11
2023-05-27T14:27:42.957000+00:00,0,7,266,100,2023-05-27 14:27:42.957000+00:00,2023-05-27T14:27:43.115000+00:00,-1315,-3444,542,11
2023-05-27T14:27:43.117000+00:00,0,7,269,100,2023-05-27 14:27:43.117000+00:00,2023-05-27T14:27:43.115000+00:00,-1315,-3444,542,11
2023-05-27T14:27:43.357000+00:00,0,7,271,100,2023-05-27 14:27:43.357000+00:00,2023-05-27T14:27:43.355000+00:00,-1478,-3526,541,11
2023-05-27T14:27:43.637000+00:00,0,7,272,100,2023-05-27 14:27:43.637000+00:00,2023-05-27T14:27:43.595000+00:00,-1643,-3603,540,11
2023-05-27T14:27:43.836000+00:00,0,7,275,100,2023-05-27 14:27:43.836000+00:00,2023-05-27T14:27:43.795000+00:00,-1780,-3669,540,11
2023-05-27T14:27:44.156000+00:00,0,7,278,100,2023-05-27 14:27:44.156000+00:00,2023-05-27T14:27:44.155000+00:00,-2027,-3794,541,11
2023-05-27T14:27:44.596000+00:00,0,7,278,100,2023-05-27 14:27:44.596000+00:00,2023-05-27T14:27:44.555000+00:00,-2281,-3922,541,11
2023-05-27T14:27:44.876000+00:00,0,7,283,100,2023-05-27 14:27:44.876000+00:00,2023-05-27T14:27:44.975000+00:00,-2492,-4019,542,11
2023-05-27T14:27:45.036000+00:00,0,7,285,100,2023-05-27 14:27:45.036000+00:00,2023-05-27T14:27:44.975000+00:00,-2492,-4019,542,11
2023-05-27T14:27:45.356000+00:00,0,7,288,100,2023-05-27 14:27:45.356000+00:00,2023-05-27T14:27:45.295000+00:00,-2669,-4094,543,11
2023-05-27T14:27:45.516000+00:00,0,7,288,87,2023-05-27 14:27:45.516000+00:00,2023-05-27T14:27:45.515000+00:00,-2833,-4155,542,11
2023-05-27T14:27:45.796000+00:00,100,7,265,0,2023-05-27 14:27:45.796000+00:00,2023-05-27T14:27:45.896000+00:00,-3127,-4244,539,11
2023-05-27T14:27:46.076000+00:00,100,7,224,0,2023-05-27 14:27:46.076000+00:00,2023-05-27T14:27:46.236000+00:00,-3386,-4298,529,11
2023-05-27T14:27:46.316000+00:00,100,7,204,0,2023-05-27 14:27:46.316000+00:00,2023-05-27T14:27:46.236000+00:00,-3386,-4298,529,11
2023-05-27T14:27:46.516000+00:00,100,5,184,0,2023-05-27 14:27:46.516000+00:00,2023-05-27T14:27:46.516000+00:00,-3487,-4313,524,11
2023-05-27T14:27:46.717000+00:00,100,5,164,0,2023-05-27 14:27:46.717000+00:00,2023-05-27T14:27:46.855000+00:00,-3684,-4336,515,11
2023-05-27T14:27:46.917000+00:00,100,4,149,0,2023-05-27 14:27:46.917000+00:00,2023-05-27T14:27:46.855000+00:00,-3684,-4336,515,11
2023-05-27T14:27:47.237000+00:00,100,3,128,0,2023-05-27 14:27:47.237000+00:00,2023-05-27T14:27:47.215000+00:00,-3840,-4352,507,11
2023-05-27T14:27:47.517000+00:00,100,2,110,0,2023-05-27 14:27:47.517000+00:00,2023-05-27T14:27:47.575000+00:00,-3909,-4359,504,11
2023-05-27T14:27:47.877000+00:00,100,2,92,0,2023-05-27 14:27:47.877000+00:00,2023-05-27T14:27:48.015000+00:00,-4146,-4427,494,11
2023-05-27T14:27:48.077000+00:00,100,2,89,0,2023-05-27 14:27:48.077000+00:00,2023-05-27T14:27:48.015000+00:00,-4146,-4427,494,11
2023-05-27T14:27:48.317000+00:00,0,2,84,0,2023-05-27 14:27:48.317000+00:00,2023-05-27T14:27:48.275000+00:00,-4184,-4479,493,11
2023-05-27T14:27:48.637000+00:00,100,2,78,0,2023-05-27 14:27:48.637000+00:00,2023-05-27T14:27:48.715000+00:00,-4236,-4570,490,11
2023-05-27T14:27:48.877000+00:00,100,2,74,0,2023-05-27 14:27:48.877000+00:00,2023-05-27T14:27:48.715000+00:00,-4236,-4570,490,11
2023-05-27T14:27:49.317000+00:00,0,2,66,5,2023-05-27 14:27:49.317000+00:00,2023-05-27T14:27:49.395000+00:00,-4343,-4643,490,11
2023-05-27T14:27:49.637000+00:00,0,2,69,31,2023-05-27 14:27:49.637000+00:00,2023-05-27T14:27:49.615000+00:00,-4385,-4650,490,11
2023-05-27T14:27:49.917000+00:00,0,2,78,40,2023-05-27 14:27:49.917000+00:00,2023-05-27T14:27:49.875000+00:00,-4437,-4650,490,11
2023-05-27T14:27:50.077000+00:00,0,2,83,47,2023-05-27 14:27:50.077000+00:00,2023-05-27T14:27:50.115000+00:00,-4513,-4639,490,11
2023-05-27T14:27:50.277000+00:00,0,2,87,68,2023-05-27 14:27:50.277000+00:00,2023-05-27T14:27:50.415000+00:00,-4562,-4626,490,11
2023-05-27T14:27:50.756000+00:00,0,2,107,95,2023-05-27 14:27:50.756000+00:00,2023-05-27T14:27:50.835000+00:00,-4684,-4602,490,11
2023-05-27T14:27:50.956000+00:00,0,2,126,100,2023-05-27 14:27:50.956000+00:00,2023-05-27T14:27:50.835000+00:00,-4684,-4602,490,11
2023-05-27T14:27:51.356000+00:00,0,3,147,100,2023-05-27 14:27:51.356000+00:00,2023-05-27T14:27:51.555000+00:00,-5043,-4638,489,11
2023-05-27T14:27:51.716000+00:00,0,3,162,100,2023-05-27 14:27:51.716000+00:00,2023-05-27T14:27:51.555000+00:00,-5043,-4638,489,11
2023-05-27T14:27:51.876000+00:00,0,4,174,100,2023-05-27 14:27:51.876000+00:00,2023-05-27T14:27:51.895000+00:00,-5221,-4664,490,11
2023-05-27T14:27:52.116000+00:00,0,4,183,100,2023-05-27 14:27:52.116000+00:00,2023-05-27T14:27:52.235000+00:00,-5322,-4678,489,11
2023-05-27T14:27:52.316000+00:00,0,4,191,100,2023-05-27 14:27:52.316000+00:00,2023-05-27T14:27:52.235000+00:00,-5322,-4678,489,11
2023-05-27T14:27:52.556000+00:00,0,4,199,100,2023-05-27 14:27:52.556000+00:00,2023-05-27T14:27:52.616000+00:00,-5537,-4705,490,11
2023-05-27T14:27:52.716000+00:00,0,5,205,100,2023-05-27 14:27:52.716000+00:00,2023-05-27T14:27:52.616000+00:00,-5537,-4705,490,11
2023-05-27T14:27:52.876000+00:00,0,5,211,100,2023-05-27 14:27:52.876000+00:00,2023-05-27T14:27:52.896000+00:00,-5696,-4724,490,11
2023-05-27T14:27:53.116000+00:00,0,5,214,100,2023-05-27 14:27:53.116000+00:00,2023-05-27T14:27:53.096000+00:00,-5802,-4736,490,11
2023-05-27T14:27:53.317000+00:00,0,5,222,100,2023-05-27 14:27:53.317000+00:00,2023-05-27T14:27:53.435000+00:00,-6071,-4763,490,11
2023-05-27T14:27:53.597000+00:00,0,5,229,100,2023-05-27 14:27:53.597000+00:00,2023-05-27T14:27:53.735000+00:00,-6198,-4774,490,11
2023-05-27T14:27:53.917000+00:00,100,5,218,53,2023-05-27 14:27:53.917000+00:00,2023-05-27T14:27:54.015000+00:00,-6372,-4786,489,11
2023-05-27T14:27:54.157000+00:00,100,5,202,0,2023-05-27 14:27:54.157000+00:00,2023-05-27T14:27:54.235000+00:00,-6495,-4793,490,11
2023-05-27T14:27:54.437000+00:00,100,5,181,0,2023-05-27 14:27:54.437000+00:00,2023-05-27T14:27:54.475000+00:00,-6619,-4809,491,11
2023-05-27T14:27:54.797000+00:00,0,4,168,9,2023-05-27 14:27:54.797000+00:00,2023-05-27T14:27:54.835000+00:00,-6770,-4873,490,11
2023-05-27T14:27:55.317000+00:00,0,4,165,82,2023-05-27 14:27:55.317000+00:00,2023-05-27T14:27:55.175000+00:00,-6888,-4980,488,11
2023-05-27T14:27:55.637000+00:00,0,4,175,100,2023-05-27 14:27:55.637000+00:00,2023-05-27T14:27:55.715000+00:00,-7035,-5190,485,11
2023-05-27T14:27:56.037000+00:00,0,4,187,100,2023-05-27 14:27:56.037000+00:00,2023-05-27T14:27:56.095000+00:00,-7112,-5357,483,11
2023-05-27T14:27:56.317000+00:00,0,4,196,100,2023-05-27 14:27:56.317000+00:00,2023-05-27T14:27:56.335000+00:00,-7151,-5480,483,11
2023-05-27T14:27:56.477000+00:00,0,5,202,100,2023-05-27 14:27:56.477000+00:00,2023-05-27T14:27:56.515000+00:00,-7174,-5579,482,11
2023-05-27T14:27:56.717000+00:00,0,5,212,100,2023-05-27 14:27:56.717000+00:00,2023-05-27T14:27:56.755000+00:00,-7199,-5729,482,11
2023-05-27T14:27:56.917000+00:00,0,5,216,100,2023-05-27 14:27:56.917000+00:00,2023-05-27T14:27:56.955000+00:00,-7217,-5921,482,11
2023-05-27T14:27:57.116000+00:00,0,5,221,100,2023-05-27 14:27:57.116000+00:00,2023-05-27T14:27:57.195000+00:00,-7220,-5995,482,11
2023-05-27T14:27:57.356000+00:00,0,5,225,100,2023-05-27 14:27:57.356000+00:00,2023-05-27T14:27:57.515000+00:00,-7211,-6192,482,11
2023-05-27T14:27:57.596000+00:00,0,6,230,100,2023-05-27 14:27:57.596000+00:00,2023-05-27T14:27:57.515000+00:00,-7211,-6192,482,11
2023-05-27T14:27:57.756000+00:00,0,6,232,100,2023-05-27 14:27:57.756000+00:00,2023-05-27T14:27:57.775000+00:00,-7168,-6337,481,11
2023-05-27T14:27:57.996000+00:00,0,6,234,100,2023-05-27 14:27:57.996000+00:00,2023-05-27T14:27:58.075000+00:00,-7039,-6490,480,11
2023-05-27T14:27:58.236000+00:00,0,6,238,100,2023-05-27 14:27:58.236000+00:00,2023-05-27T14:27:58.295000+00:00,-6969,-6617,481,11
2023-05-27T14:27:58.556000+00:00,0,6,246,100,2023-05-27 14:27:58.556000+00:00,2023-05-27T14:27:58.455000+00:00,-6933,-6719,480,11
2023-05-27T14:27:58.836000+00:00,0,6,244,100,2023-05-27 14:27:58.836000+00:00,2023-05-27T14:27:58.855000+00:00,-6856,-6982,479,11
2023-05-27T14:27:59.236000+00:00,100,6,242,0,2023-05-27 14:27:59.236000+00:00,2023-05-27T14:27:59.236000+00:00,-6798,-7246,479,11
2023-05-27T14:27:59.476000+00:00,100,6,199,0,2023-05-27 14:27:59.476000+00:00,2023-05-27T14:27:59.456000+00:00,-6775,-7399,479,11
2023-05-27T14:27:59.716000+00:00,100,5,181,0,2023-05-27 14:27:59.716000+00:00,2023-05-27T14:27:59.756000+00:00,-6761,-7524,479,11
2023-05-27T14:27:59.997000+00:00,100,4,164,0,2023-05-27 14:27:59.997000+00:00,2023-05-27T14:27:59.936000+00:00,-6753,-7610,479,11
2023-05-27T14:28:00.237000+00:00,100,4,164,0,2023-05-27 14:28:00.237000+00:00,2023-05-27T14:28:00.095000+00:00,-6748,-7682,479,11
2023-05-27T14:28:00.637000+00:00,100,4,141,0,2023-05-27 14:28:00.637000+00:00,2023-05-27T14:28:00.575000+00:00,-6764,-7919,479,11
2023-05-27T14:28:00.877000+00:00,100,4,132,0,2023-05-27 14:28:00.877000+00:00,2023-05-27T14:28:00.895000+00:00,-6800,-7973,479,11
2023-05-27T14:28:01.157000+00:00,100,4,130,0,2023-05-27 14:28:01.157000+00:00,2023-05-27T14:28:01.215000+00:00,-6884,-8065,479,11
2023-05-27T14:28:01.317000+00:00,0,4,127,0,2023-05-27 14:28:01.317000+00:00,2023-05-27T14:28:01.375000+00:00,-6897,-8118,479,11
2023-05-27T14:28:01.597000+00:00,0,4,122,37,2023-05-27 14:28:01.597000+00:00,2023-05-27T14:28:01.635000+00:00,-6897,-8210,478,11
2023-05-27T14:28:01.797000+00:00,0,4,124,48,2023-05-27 14:28:01.797000+00:00,2023-05-27T14:28:01.855000+00:00,-6887,-8287,478,11
2023-05-27T14:28:02.077000+00:00,0,4,134,85,2023-05-27 14:28:02.077000+00:00,2023-05-27T14:28:02.155000+00:00,-6864,-8394,477,11
2023-05-27T14:28:02.277000+00:00,0,4,142,100,2023-05-27 14:28:02.277000+00:00,2023-05-27T14:28:02.155000+00:00,-6864,-8394,477,11
2023-05-27T14:28:02.517000+00:00,0,4,150,100,2023-05-27 14:28:02.517000+00:00,2023-05-27T14:28:02.535000+00:00,-6807,-8570,476,11
2023-05-27T14:28:02.837000+00:00,0,4,160,100,2023-05-27 14:28:02.837000+00:00,2023-05-27T14:28:02.955000+00:00,-6744,-8710,478,11
2023-05-27T14:28:03.157000+00:00,0,4,173,100,2023-05-27 14:28:03.157000+00:00,2023-05-27T14:28:03.155000+00:00,-6677,-8829,478,11
2023-05-27T14:28:03.357000+00:00,0,4,181,100,2023-05-27 14:28:03.357000+00:00,2023-05-27T14:28:03.455000+00:00,-6620,-8912,478,11
2023-05-27T14:28:03.757000+00:00,0,4,195,100,2023-05-27 14:28:03.757000+00:00,2023-05-27T14:28:03.635000+00:00,-6561,-8988,477,11
2023-05-27T14:28:03.916000+00:00,0,4,200,88,2023-05-27 14:28:03.916000+00:00,2023-05-27T14:28:04.015000+00:00,-6416,-9133,478,11
2023-05-27T14:28:04.196000+00:00,100,4,178,0,2023-05-27 14:28:04.196000+00:00,2023-05-27T14:28:04.295000+00:00,-6292,-9212,478,11
2023-05-27T14:28:04.636000+00:00,100,4,149,0,2023-05-27 14:28:04.636000+00:00,2023-05-27T14:28:04.555000+00:00,-6186,-9269,478,11
2023-05-27T14:28:04.876000+00:00,100,4,124,0,2023-05-27 14:28:04.876000+00:00,2023-05-27T14:28:04.795000+00:00,-6081,-9327,481,11
2023-05-27T14:28:05.076000+00:00,100,2,103,0,2023-05-27 14:28:05.076000+00:00,2023-05-27T14:28:05.235000+00:00,-5980,-9404,483,11
2023-05-27T14:28:05.316000+00:00,100,2,93,0,2023-05-27 14:28:05.316000+00:00,2023-05-27T14:28:05.235000+00:00,-5980,-9404,483,11
2023-05-27T14:28:05.516000+00:00,100,2,86,0,2023-05-27 14:28:05.516000+00:00,2023-05-27T14:28:05.636000+00:00,-5933,-9486,484,11
2023-05-27T14:28:05.756000+00:00,100,2,83,0,2023-05-27 14:28:05.756000+00:00,2023-05-27T14:28:05.636000+00:00,-5933,-9486,484,11
2023-05-27T14:28:05.916000+00:00,100,2,75,0,2023-05-27 14:28:05.916000+00:00,2023-05-27T14:28:05.976000+00:00,-5929,-9541,485,11
2023-05-27T14:28:06.196000+00:00,0,2,71,0,2023-05-27 14:28:06.196000+00:00,2023-05-27T14:28:06.276000+00:00,-5944,-9614,487,11
2023-05-27T14:28:06.477000+00:00,0,2,69,0,2023-05-27 14:28:06.477000+00:00,2023-05-27T14:28:06.575000+00:00,-5962,-9651,488,11
2023-05-27T14:28:06.757000+00:00,0,2,63,8,2023-05-27 14:28:06.757000+00:00,2023-05-27T14:28:06.735000+00:00,-5978,-9673,488,11
2023-05-27T14:28:06.917000+00:00,0,2,61,10,2023-05-27 14:28:06.917000+00:00,2023-05-27T14:28:06.995000+00:00,-6009,-9704,490,11
2023-05-27T14:28:07.237000+00:00,0,2,65,25,2023-05-27 14:28:07.237000+00:00,2023-05-27T14:28:07.215000+00:00,-6063,-9731,493,11
2023-05-27T14:28:07.597000+00:00,0,2,76,50,2023-05-27 14:28:07.597000+00:00,2023-05-27T14:28:07.555000+00:00,-6105,-9744,496,11
2023-05-27T14:28:07.877000+00:00,0,2,82,60,2023-05-27 14:28:07.877000+00:00,2023-05-27T14:28:07.895000+00:00,-6178,-9758,500,11
2023-05-27T14:28:08.037000+00:00,0,2,86,71,2023-05-27 14:28:08.037000+00:00,2023-05-27T14:28:08.035000+00:00,-6213,-9762,501,11
2023-05-27T14:28:08.237000+00:00,0,2,97,85,2023-05-27 14:28:08.237000+00:00,2023-05-27T14:28:08.215000+00:00,-6249,-9765,503,11
2023-05-27T14:28:08.397000+00:00,0,2,114,93,2023-05-27 14:28:08.397000+00:00,2023-05-27T14:28:08.395000+00:00,-6301,-9769,506,11
2023-05-27T14:28:08.677000+00:00,100,2,120,0,2023-05-27 14:28:08.677000+00:00,2023-05-27T14:28:08.695000+00:00,-6429,-9773,511,11
2023-05-27T14:28:09.037000+00:00,100,2,109,0,2023-05-27 14:28:09.037000+00:00,2023-05-27T14:28:09.095000+00:00,-6517,-9769,516,11
2023-05-27T14:28:09.237000+00:00,100,2,95,0,2023-05-27 14:28:09.237000+00:00,2023-05-27T14:28:09.295000+00:00,-6570,-9762,518,11
2023-05-27T14:28:09.477000+00:00,0,2,90,0,2023-05-27 14:28:09.477000+00:00,2023-05-27T14:28:09.475000+00:00,-6638,-9748,520,11
2023-05-27T14:28:09.757000+00:00,0,2,86,0,2023-05-27 14:28:09.757000+00:00,2023-05-27T14:28:09.955000+00:00,-6717,-9708,520,11
2023-05-27T14:28:10.037000+00:00,0,2,84,16,2023-05-27 14:28:10.037000+00:00,2023-05-27T14:28:09.975000+00:00,-6721,-9705,520,11
2023-05-27T14:28:10.277000+00:00,0,2,84,24,2023-05-27 14:28:10.277000+00:00,2023-05-27T14:28:10.375000+00:00,-6775,-9624,514,11
2023-05-27T14:28:10.437000+00:00,0,2,87,28,2023-05-27 14:28:10.437000+00:00,2023-05-27T14:28:10.375000+00:00,-6775,-9624,514,11
2023-05-27T14:28:10.636000+00:00,0,2,89,46,2023-05-27 14:28:10.636000+00:00,2023-05-27T14:28:10.655000+00:00,-6794,-9561,511,11
2023-05-27T14:28:10.916000+00:00,0,2,96,88,2023-05-27 14:28:10.916000+00:00,2023-05-27T14:28:10.935000+00:00,-6811,-9485,510,11
2023-05-27T14:28:11.156000+00:00,0,2,118,100,2023-05-27 14:28:11.156000+00:00,2023-05-27T14:28:11.115000+00:00,-6822,-9430,509,11
2023-05-27T14:28:11.316000+00:00,0,2,118,100,2023-05-27 14:28:11.316000+00:00,2023-05-27T14:28:11.355000+00:00,-6842,-9355,507,11
2023-05-27T14:28:11.596000+00:00,0,2,141,100,2023-05-27 14:28:11.596000+00:00,2023-05-27T14:28:11.615000+00:00,-6892,-9236,506,11
2023-05-27T14:28:11.756000+00:00,0,3,141,100,2023-05-27 14:28:11.756000+00:00,2023-05-27T14:28:11.895000+00:00,-6935,-9162,505,11
2023-05-27T14:28:11.996000+00:00,0,3,168,100,2023-05-27 14:28:11.996000+00:00,2023-05-27T14:28:11.895000+00:00,-6935,-9162,505,11
2023-05-27T14:28:12.156000+00:00,0,3,168,100,2023-05-27 14:28:12.156000+00:00,2023-05-27T14:28:12.236000+00:00,-7072,-8962,504,11
2023-05-27T14:28:12.316000+00:00,0,4,177,100,2023-05-27 14:28:12.316000+00:00,2023-05-27T14:28:12.236000+00:00,-7072,-8962,504,11
2023-05-27T14:28:12.516000+00:00,0,4,191,100,2023-05-27 14:28:12.516000+00:00,2023-05-27T14:28:12.636000+00:00,-7154,-8828,504,11
2023-05-27T14:28:12.676000+00:00,0,4,198,100,2023-05-27 14:28:12.676000+00:00,2023-05-27T14:28:12.636000+00:00,-7154,-8828,504,11
2023-05-27T14:28:13.077000+00:00,0,5,209,100,2023-05-27 14:28:13.077000+00:00,2023-05-27T14:28:13.135000+00:00,-7262,-8578,503,11
2023-05-27T14:28:13.277000+00:00,0,5,209,100,2023-05-27 14:28:13.277000+00:00,2023-05-27T14:28:13.415000+00:00,-7315,-8421,503,11
2023-05-27T14:28:13.477000+00:00,0,5,223,100,2023-05-27 14:28:13.477000+00:00,2023-05-27T14:28:13.415000+00:00,-7315,-8421,503,11
2023-05-27T14:28:13.877000+00:00,0,5,234,100,2023-05-27 14:28:13.877000+00:00,2023-05-27T14:28:13.975000+00:00,-7417,-8079,503,11
2023-05-27T14:28:14.237000+00:00,0,6,242,100,2023-05-27 14:28:14.237000+00:00,2023-05-27T14:28:14.135000+00:00,-7445,-7978,502,11
2023-05-27T14:28:14.437000+00:00,0,6,247,100,2023-05-27 14:28:14.437000+00:00,2023-05-27T14:28:14.455000+00:00,-7502,-7767,502,11
2023-05-27T14:28:14.637000+00:00,0,6,254,100,2023-05-27 14:28:14.637000+00:00,2023-05-27T14:28:14.655000+00:00,-7559,-7537,502,11
2023-05-27T14:28:14.877000+00:00,0,6,259,100,2023-05-27 14:28:14.877000+00:00,2023-05-27T14:28:15.075000+00:00,-7607,-7269,503,11
2023-05-27T14:28:15.117000+00:00,0,6,262,100,2023-05-27 14:28:15.117000+00:00,2023-05-27T14:28:15.075000+00:00,-7607,-7269,503,11
2023-05-27T14:28:15.477000+00:00,0,7,265,100,2023-05-27 14:28:15.477000+00:00,2023-05-27T14:28:15.455000+00:00,-7635,-7010,503,11
2023-05-27T14:28:15.917000+00:00,0,7,275,100,2023-05-27 14:28:15.917000+00:00,2023-05-27T14:28:16.155000+00:00,-7672,-6447,503,11
2023-05-27T14:28:16.077000+00:00,0,7,277,82,2023-05-27 14:28:16.077000+00:00,2023-05-27T14:28:16.155000+00:00,-7672,-6447,503,11
2023-05-27T14:28:16.357000+00:00,100,7,275,0,2023-05-27 14:28:16.357000+00:00,2023-05-27T14:28:16.435000+00:00,-7681,-6283,503,11
2023-05-27T14:28:16.717000+00:00,100,7,259,0,2023-05-27 14:28:16.717000+00:00,2023-05-27T14:28:16.675000+00:00,-7675,-6110,503,11
2023-05-27T14:28:17.077000+00:00,100,7,233,0,2023-05-27 14:28:17.077000+00:00,2023-05-27T14:28:17.175000+00:00,-7646,-5727,503,11
2023-05-27T14:28:17.356000+00:00,100,7,228,0,2023-05-27 14:28:17.356000+00:00,2023-05-27T14:28:17.495000+00:00,-7627,-5584,509,11
2023-05-27T14:28:17.796000+00:00,100,7,198,0,2023-05-27 14:28:17.796000+00:00,2023-05-27T14:28:17.675000+00:00,-7611,-5484,514,11
2023-05-27T14:28:17.956000+00:00,100,7,198,0,2023-05-27 14:28:17.956000+00:00,2023-05-27T14:28:17.975000+00:00,-7581,-5330,518,11
2023-05-27T14:28:18.236000+00:00,100,7,165,0,2023-05-27 14:28:18.236000+00:00,2023-05-27T14:28:18.235000+00:00,-7555,-5213,520,11
2023-05-27T14:28:18.396000+00:00,100,6,148,0,2023-05-27 14:28:18.396000+00:00,2023-05-27T14:28:18.435000+00:00,-7526,-5098,522,11
2023-05-27T14:28:18.556000+00:00,100,5,148,0,2023-05-27 14:28:18.556000+00:00,2023-05-27T14:28:18.676000+00:00,-7507,-5030,524,11
2023-05-27T14:28:18.836000+00:00,100,5,137,0,2023-05-27 14:28:18.836000+00:00,2023-05-27T14:28:18.676000+00:00,-7507,-5030,524,11
2023-05-27T14:28:18.996000+00:00,100,4,125,0,2023-05-27 14:28:18.996000+00:00,2023-05-27T14:28:19.036000+00:00,-7470,-4908,529,11
2023-05-27T14:37:26.199000+00:00,0,5,217,100,2023-05-27 14:37:26.199000+00:00,2023-05-27T14:37:26.075000+00:00,-7291,-8494,502,14
2023-05-27T14:37:26.559000+00:00,0,5,225,100,2023-05-27 14:37:26.559000+00:00,2023-05-27T14:37:26.655000+00:00,-7396,-8156,503,14
2023-05-27T14:37:26.759000+00:00,0,5,230,100,2023-05-27 14:37:26.759000+00:00,2023-05-27T14:37:26.655000+00:00,-7396,-8156,503,14
2023-05-27T14:37:26.999000+00:00,0,6,235,100,2023-05-27 14:37:26.999000+00:00,2023-05-27T14:37:27.075000+00:00,-7468,-7895,502,14
2023-05-27T14:37:27.199000+00:00,0,6,242,100,2023-05-27 14:37:27.199000+00:00,2023-05-27T14:37:27.075000+00:00,-7468,-7895,502,14
2023-05-27T14:37:27.479000+00:00,0,6,248,100,2023-05-27 14:37:27.479000+00:00,2023-05-27T14:37:27.435000+00:00,-7539,-7620,502,14
2023-05-27T14:37:27.839000+00:00,0,6,254,100,2023-05-27 14:37:27.839000+00:00,2023-05-27T14:37:27.695000+00:00,-7570,-7485,502,14
2023-05-27T14:37:28.038000+00:00,0,6,258,100,2023-05-27 14:37:28.038000+00:00,2023-05-27T14:37:28.035000+00:00,-7610,-7248,503,14
2023-05-27T14:37:28.278000+00:00,0,6,263,100,2023-05-27 14:37:28.278000+00:00,2023-05-27T14:37:28.215000+00:00,-7635,-7008,503,14
2023-05-27T14:37:28.518000+00:00,0,7,267,100,2023-05-27 14:37:28.518000+00:00,2023-05-27T14:37:28.555000+00:00,-7647,-6860,502,14
2023-05-27T14:37:28.798000+00:00,0,7,271,100,2023-05-27 14:37:28.798000+00:00,2023-05-27T14:37:28.895000+00:00,-7662,-6620,502,14
2023-05-27T14:37:29.118000+00:00,0,7,276,100,2023-05-27 14:37:29.118000+00:00,2023-05-27T14:37:29.295000+00:00,-7681,-6284,503,14
2023-05-27T14:37:29.358000+00:00,0,7,278,100,2023-05-27 14:37:29.358000+00:00,2023-05-27T14:37:29.295000+00:00,-7681,-6284,503,14
2023-05-27T14:37:29.638000+00:00,0,7,282,100,2023-05-27 14:37:29.638000+00:00,2023-05-27T14:37:29.675000+00:00,-7670,-6019,503,14
2023-05-27T14:37:29.798000+00:00,0,7,283,100,2023-05-27 14:37:29.798000+00:00,2023-05-27T14:37:29.875000+00:00,-7659,-5862,503,14
2023-05-27T14:37:30.038000+00:00,100,7,284,2,2023-05-27 14:37:30.038000+00:00,2023-05-27T14:37:30.055000+00:00,-7645,-5721,503,14
2023-05-27T14:37:30.278000+00:00,100,7,255,0,2023-05-27 14:37:30.278000+00:00,2023-05-27T14:37:30.215000+00:00,-7629,-5596,509,14
2023-05-27T14:37:30.438000+00:00,100,7,243,0,2023-05-27 14:37:30.438000+00:00,2023-05-27T14:37:30.535000+00:00,-7580,-5323,518,14
2023-05-27T14:37:30.678000+00:00,100,7,204,0,2023-05-27 14:37:30.678000+00:00,2023-05-27T14:37:30.535000+00:00,-7580,-5323,518,14
2023-05-27T14:37:30.958000+00:00,100,7,180,0,2023-05-27 14:37:30.958000+00:00,2023-05-27T14:37:30.855000+00:00,-7550,-5191,521,14
2023-05-27T14:37:31.118000+00:00,100,6,163,0,2023-05-27 14:37:31.118000+00:00,2023-05-27T14:37:31.074000+00:00,-7504,-5018,524,14
2023-05-27T14:37:31.318000+00:00,100,4,146,0,2023-05-27 14:37:31.318000+00:00,2023-05-27T14:37:31.074000+00:00,-7504,-5018,524,14
2023-05-27T14:37:31.558000+00:00,100,3,138,0,2023-05-27 14:37:31.558000+00:00,2023-05-27T14:37:31.575000+00:00,-7449,-4847,532,14
2023-05-27T14:37:31.798000+00:00,0,3,122,0,2023-05-27 14:37:31.798000+00:00,2023-05-27T14:37:31.915000+00:00,-7417,-4774,535,14
2023-05-27T14:37:32.159000+00:00,0,3,115,0,2023-05-27 14:37:32.159000+00:00,2023-05-27T14:37:32.235000+00:00,-7363,-4698,537,14
2023-05-27T14:37:32.559000+00:00,0,3,113,25,2023-05-27 14:37:32.559000+00:00,2023-05-27T14:37:32.475000+00:00,-7302,-4659,538,14
2023-05-27T14:37:32.759000+00:00,0,3,115,44,2023-05-27 14:37:32.759000+00:00,2023-05-27T14:37:32.795000+00:00,-7177,-4619,542,14
2023-05-27T14:37:32.999000+00:00,0,3,119,73,2023-05-27 14:37:32.999000+00:00,2023-05-27T14:37:33.155000+00:00,-7082,-4603,547,14
2023-05-27T14:37:33.239000+00:00,0,3,132,100,2023-05-27 14:37:33.239000+00:00,2023-05-27T14:37:33.155000+00:00,-7082,-4603,547,14
2023-05-27T14:37:33.479000+00:00,0,3,148,100,2023-05-27 14:37:33.479000+00:00,2023-05-27T14:37:33.395000+00:00,-6992,-4594,552,14
2023-05-27T14:37:33.679000+00:00,0,3,158,100,2023-05-27 14:37:33.679000+00:00,2023-05-27T14:37:33.775000+00:00,-6829,-4580,565,14
2023-05-27T14:37:33.879000+00:00,0,3,166,100,2023-05-27 14:37:33.879000+00:00,2023-05-27T14:37:33.775000+00:00,-6829,-4580,565,14
2023-05-27T14:37:34.159000+00:00,0,4,176,100,2023-05-27 14:37:34.159000+00:00,2023-05-27T14:37:34.215000+00:00,-6669,-4565,579,14
2023-05-27T14:37:34.399000+00:00,0,4,187,100,2023-05-27 14:37:34.399000+00:00,2023-05-27T14:37:34.375000+00:00,-6528,-4547,590,14
2023-05-27T14:37:34.559000+00:00,0,4,191,100,2023-05-27 14:37:34.559000+00:00,2023-05-27T14:37:34.375000+00:00,-6528,-4547,590,14
2023-05-27T14:37:34.838000+00:00,0,4,197,100,2023-05-27 14:37:34.838000+00:00,2023-05-27T14:37:34.775000+00:00,-6380,-4520,602,14
2023-05-27T14:37:35.038000+00:00,0,4,206,100,2023-05-27 14:37:35.038000+00:00,2023-05-27T14:37:35.075000+00:00,-6215,-4483,617,14
2023-05-27T14:37:35.238000+00:00,0,5,212,100,2023-05-27 14:37:35.238000+00:00,2023-05-27T14:37:35.155000+00:00,-6170,-4473,621,14
2023-05-27T14:37:35.438000+00:00,0,5,214,100,2023-05-27 14:37:35.438000+00:00,2023-05-27T14:37:35.395000+00:00,-6032,-4438,633,14
2023-05-27T14:37:35.838000+00:00,0,5,227,100,2023-05-27 14:37:35.838000+00:00,2023-05-27T14:37:35.855000+00:00,-5757,-4371,658,14
2023-05-27T14:37:36.038000+00:00,0,5,231,100,2023-05-27 14:37:36.038000+00:00,2023-05-27T14:37:36.035000+00:00,-5646,-4342,669,14
2023-05-27T14:37:36.398000+00:00,0,6,239,100,2023-05-27 14:37:36.398000+00:00,2023-05-27T14:37:36.275000+00:00,-5445,-4290,687,14
2023-05-27T14:37:36.678000+00:00,0,6,244,100,2023-05-27 14:37:36.678000+00:00,2023-05-27T14:37:36.695000+00:00,-5154,-4227,715,14
2023-05-27T14:37:36.918000+00:00,0,6,248,100,2023-05-27 14:37:36.918000+00:00,2023-05-27T14:37:37.035000+00:00,-4990,-4207,730,14
2023-05-27T14:37:37.078000+00:00,0,6,249,100,2023-05-27 14:37:37.078000+00:00,2023-05-27T14:37:37.035000+00:00,-4990,-4207,730,14
2023-05-27T14:37:37.238000+00:00,0,6,252,100,2023-05-27 14:37:37.238000+00:00,2023-05-27T14:37:37.255000+00:00,-4753,-4185,752,14
2023-05-27T14:37:37.438000+00:00,0,6,254,100,2023-05-27 14:37:37.438000+00:00,2023-05-27T14:37:37.255000+00:00,-4753,-4185,752,14
2023-05-27T14:37:37.718000+00:00,0,6,258,100,2023-05-27 14:37:37.718000+00:00,2023-05-27T14:37:37.734000+00:00,-4459,-4103,779,14
2023-05-27T14:37:37.918000+00:00,0,6,259,100,2023-05-27 14:37:37.918000+00:00,2023-05-27T14:37:37.734000+00:00,-4459,-4103,779,14
2023-05-27T14:37:38.238000+00:00,0,6,262,100,2023-05-27 14:37:38.238000+00:00,2023-05-27T14:37:38.215000+00:00,-4181,-3965,803,14
2023-05-27T14:37:38.398000+00:00,0,6,264,100,2023-05-27 14:37:38.398000+00:00,2023-05-27T14:37:38.455000+00:00,-4035,-3896,816,14
2023-05-27T14:37:38.719000+00:00,0,7,266,100,2023-05-27 14:37:38.719000+00:00,2023-05-27T14:37:38.755000+00:00,-3744,-3793,838,14
2023-05-27T14:37:39.159000+00:00,0,7,268,100,2023-05-27 14:37:39.159000+00:00,2023-05-27T14:37:39.175000+00:00,-3452,-3735,855,14
2023-05-27T14:37:39.319000+00:00,0,7,270,100,2023-05-27 14:37:39.319000+00:00,2023-05-27T14:37:39.415000+00:00,-3347,-3722,859,14
2023-05-27T14:37:39.559000+00:00,0,7,273,100,2023-05-27 14:37:39.559000+00:00,2023-05-27T14:37:39.415000+00:00,-3347,-3722,859,14
2023-05-27T14:37:39.719000+00:00,100,7,273,0,2023-05-27 14:37:39.719000+00:00,2023-05-27T14:37:39.715000+00:00,-3123,-3695,862,14
2023-05-27T14:37:40.119000+00:00,100,7,242,0,2023-05-27 14:37:40.119000+00:00,2023-05-27T14:37:40.195000+00:00,-2799,-3626,862,14
2023-05-27T14:37:40.359000+00:00,100,7,228,0,2023-05-27 14:37:40.359000+00:00,2023-05-27T14:37:40.335000+00:00,-2717,-3594,862,14
2023-05-27T14:37:40.559000+00:00,100,6,216,0,2023-05-27 14:37:40.559000+00:00,2023-05-27T14:37:40.535000+00:00,-2609,-3538,863,14
2023-05-27T14:37:40.919000+00:00,100,4,192,0,2023-05-27 14:37:40.919000+00:00,2023-05-27T14:37:41.035000+00:00,-2400,-3360,866,14
2023-05-27T14:37:41.159000+00:00,100,4,183,0,2023-05-27 14:37:41.159000+00:00,2023-05-27T14:37:41.095000+00:00,-2382,-3336,866,14
2023-05-27T14:37:41.319000+00:00,0,4,177,1,2023-05-27 14:37:41.319000+00:00,2023-05-27T14:37:41.335000+00:00,-2322,-3235,867,14
2023-05-27T14:37:41.518000+00:00,0,4,172,7,2023-05-27 14:37:41.518000+00:00,2023-05-27T14:37:41.555000+00:00,-2285,-3135,869,14
2023-05-27T14:37:41.838000+00:00,0,4,168,17,2023-05-27 14:37:41.838000+00:00,2023-05-27T14:37:41.875000+00:00,-2262,-2975,871,14
2023-05-27T14:37:42.038000+00:00,0,4,163,54,2023-05-27 14:37:42.038000+00:00,2023-05-27T14:37:42.035000+00:00,-2263,-2900,872,14
2023-05-27T14:37:42.318000+00:00,0,4,166,70,2023-05-27 14:37:42.318000+00:00,2023-05-27T14:37:42.335000+00:00,-2284,-2763,874,14
2023-05-27T14:37:42.598000+00:00,0,4,169,59,2023-05-27 14:37:42.598000+00:00,2023-05-27T14:37:42.655000+00:00,-2333,-2621,884,14
2023-05-27T14:37:42.878000+00:00,0,4,171,62,2023-05-27 14:37:42.878000+00:00,2023-05-27T14:37:42.815000+00:00,-2367,-2552,884,14
2023-05-27T14:37:43.118000+00:00,0,4,172,68,2023-05-27 14:37:43.118000+00:00,2023-05-27T14:37:42.995000+00:00,-2410,-2478,885,14
2023-05-27T14:37:43.518000+00:00,0,4,169,0,2023-05-27 14:37:43.518000+00:00,2023-05-27T14:37:43.515000+00:00,-2593,-2241,885,14
2023-05-27T14:37:43.878000+00:00,0,4,151,3,2023-05-27 14:37:43.878000+00:00,2023-05-27T14:37:43.895000+00:00,-2690,-2110,887,14
2023-05-27T14:37:44.358000+00:00,0,4,145,29,2023-05-27 14:37:44.358000+00:00,2023-05-27T14:37:44.455000+00:00,-2748,-1935,892,14
2023-05-27T14:37:44.518000+00:00,0,4,144,55,2023-05-27 14:37:44.518000+00:00,2023-05-27T14:37:44.455000+00:00,-2748,-1935,892,14
2023-05-27T14:37:44.838000+00:00,0,4,148,62,2023-05-27 14:37:44.838000+00:00,2023-05-27T14:37:44.955000+00:00,-2712,-1743,895,14
2023-05-27T14:37:45.038000+00:00,0,4,151,60,2023-05-27 14:37:45.038000+00:00,2023-05-27T14:37:45.115000+00:00,-2684,-1680,893,14
2023-05-27T14:37:45.319000+00:00,0,4,155,81,2023-05-27 14:37:45.319000+00:00,2023-05-27T14:37:45.375000+00:00,-2595,-1530,880,14
2023-05-27T14:37:45.639000+00:00,0,4,164,100,2023-05-27 14:37:45.639000+00:00,2023-05-27T14:37:45.795000+00:00,-2504,-1412,869,14
2023-05-27T14:37:45.919000+00:00,0,4,168,100,2023-05-27 14:37:45.919000+00:00,2023-05-27T14:37:46.035000+00:00,-2439,-1338,861,14
2023-05-27T14:37:46.079000+00:00,0,4,185,100,2023-05-27 14:37:46.079000+00:00,2023-05-27T14:37:46.035000+00:00,-2439,-1338,861,14
2023-05-27T14:37:46.279000+00:00,0,4,193,100,2023-05-27 14:37:46.279000+00:00,2023-05-27T14:37:46.395000+00:00,-2268,-1148,844,14
2023-05-27T14:37:46.519000+00:00,0,4,199,100,2023-05-27 14:37:46.519000+00:00,2023-05-27T14:37:46.395000+00:00,-2268,-1148,844,14
2023-05-27T14:37:46.759000+00:00,0,4,206,100,2023-05-27 14:37:46.759000+00:00,2023-05-27T14:37:46.815000+00:00,-2166,-1015,831,14
2023-05-27T14:37:47.039000+00:00,0,5,215,100,2023-05-27 14:37:47.039000+00:00,2023-05-27T14:37:46.995000+00:00,-2107,-931,822,14
2023-05-27T14:37:47.319000+00:00,100,5,221,0,2023-05-27 14:37:47.319000+00:00,2023-05-27T14:37:47.435000+00:00,-1936,-683,799,14
2023-05-27T14:37:47.599000+00:00,100,5,203,0,2023-05-27 14:37:47.599000+00:00,2023-05-27T14:37:47.435000+00:00,-1936,-683,799,14
2023-05-27T14:37:47.799000+00:00,100,5,170,0,2023-05-27 14:37:47.799000+00:00,2023-05-27T14:37:47.775000+00:00,-1842,-559,788,14
2023-05-27T14:37:47.999000+00:00,100,4,152,0,2023-05-27 14:37:47.999000+00:00,2023-05-27T14:37:48.075000+00:00,-1756,-454,778,14
2023-05-27T14:37:48.238000+00:00,100,3,137,0,2023-05-27 14:37:48.238000+00:00,2023-05-27T14:37:48.255000+00:00,-1691,-377,771,14
2023-05-27T14:37:48.558000+00:00,100,2,119,0,2023-05-27 14:37:48.558000+00:00,2023-05-27T14:37:48.635000+00:00,-1597,-277,762,14
2023-05-27T14:37:48.758000+00:00,100,2,110,0,2023-05-27 14:37:48.758000+00:00,2023-05-27T14:37:48.635000+00:00,-1597,-277,762,14
2023-05-27T14:37:48.958000+00:00,100,2,101,0,2023-05-27 14:37:48.958000+00:00,2023-05-27T14:37:49.015000+00:00,-1542,-230,755,14
2023-05-27T14:37:49.238000+00:00,100,2,92,0,2023-05-27 14:37:49.238000+00:00,2023-05-27T14:37:49.155000+00:00,-1512,-212,753,14
2023-05-27T14:37:49.718000+00:00,100,2,84,0,2023-05-27 14:37:49.718000+00:00,2023-05-27T14:37:49.655000+00:00,-1399,-203,743,14
2023-05-27T14:37:50.038000+00:00,0,2,75,0,2023-05-27 14:37:50.038000+00:00,2023-05-27T14:37:49.995000+00:00,-1330,-237,737,14
2023-05-27T14:37:50.278000+00:00,0,2,75,9,2023-05-27 14:37:50.278000+00:00,2023-05-27T14:37:50.195000+00:00,-1298,-263,732,14
2023-05-27T14:37:50.518000+00:00,0,2,77,27,2023-05-27 14:37:50.518000+00:00,2023-05-27T14:37:50.515000+00:00,-1258,-316,727,14
2023-05-27T14:37:50.678000+00:00,0,2,81,35,2023-05-27 14:37:50.678000+00:00,2023-05-27T14:37:50.714000+00:00,-1232,-378,723,14
2023-05-27T14:37:51.038000+00:00,0,2,90,62,2023-05-27 14:37:51.038000+00:00,2023-05-27T14:37:51.015000+00:00,-1218,-430,720,14
2023-05-27T14:37:51.318000+00:00,0,2,102,69,2023-05-27 14:37:51.318000+00:00,2023-05-27T14:37:51.275000+00:00,-1192,-531,711,14
2023-05-27T14:37:51.558000+00:00,0,2,107,100,2023-05-27 14:37:51.558000+00:00,2023-05-27T14:37:51.575000+00:00,-1179,-578,707,14
2023-05-27T14:37:51.758000+00:00,0,2,125,100,2023-05-27 14:37:51.758000+00:00,2023-05-27T14:37:51.815000+00:00,-1154,-656,700,14
2023-05-27T14:37:51.959000+00:00,0,2,136,100,2023-05-27 14:37:51.959000+00:00,2023-05-27T14:37:52.055000+00:00,-1123,-741,693,14
2023-05-27T14:37:52.159000+00:00,0,2,146,100,2023-05-27 14:37:52.159000+00:00,2023-05-27T14:37:52.055000+00:00,-1123,-741,693,14
2023-05-27T14:37:52.479000+00:00,100,3,137,0,2023-05-27 14:37:52.479000+00:00,2023-05-27T14:37:52.475000+00:00,-1052,-897,682,14
2023-05-27T14:37:52.799000+00:00,100,3,113,0,2023-05-27 14:37:52.799000+00:00,2023-05-27T14:37:52.715000+00:00,-987,-1004,673,14
2023-05-27T14:37:53.039000+00:00,100,3,99,0,2023-05-27 14:37:53.039000+00:00,2023-05-27T14:37:53.075000+00:00,-943,-1058,669,14
2023-05-27T14:37:53.439000+00:00,100,1,79,0,2023-05-27 14:37:53.439000+00:00,2023-05-27T14:37:53.615000+00:00,-845,-1125,660,14
2023-05-27T14:37:53.599000+00:00,100,1,72,0,2023-05-27 14:37:53.599000+00:00,2023-05-27T14:37:53.615000+00:00,-845,-1125,660,14
2023-05-27T14:37:53.839000+00:00,100,1,68,0,2023-05-27 14:37:53.839000+00:00,2023-05-27T14:37:53.775000+00:00,-791,-1132,658,14
2023-05-27T14:37:53.999000+00:00,100,1,63,0,2023-05-27 14:37:53.999000+00:00,2023-05-27T14:37:54.075000+00:00,-766,-1124,655,14
2023-05-27T14:37:54.239000+00:00,100,1,57,0,2023-05-27 14:37:54.239000+00:00,2023-05-27T14:37:54.395000+00:00,-732,-1074,655,14
2023-05-27T14:37:54.639000+00:00,0,1,52,0,2023-05-27 14:37:54.639000+00:00,2023-05-27T14:37:54.855000+00:00,-735,-1007,648,14
2023-05-27T14:37:54.799000+00:00,0,1,49,0,2023-05-27 14:37:54.799000+00:00,2023-05-27T14:37:54.855000+00:00,-735,-1007,648,14
2023-05-27T14:37:54.998000+00:00,0,1,47,0,2023-05-27 14:37:54.998000+00:00,2023-05-27T14:37:54.855000+00:00,-735,-1007,648,14
2023-05-27T14:37:55.398000+00:00,0,1,45,12,2023-05-27 14:37:55.398000+00:00,2023-05-27T14:37:55.335000+00:00,-751,-960,643,14
2023-05-27T14:37:55.718000+00:00,0,1,50,21,2023-05-27 14:37:55.718000+00:00,2023-05-27T14:37:55.655000+00:00,-769,-922,641,14
2023-05-27T14:37:55.998000+00:00,0,1,56,29,2023-05-27 14:37:55.998000+00:00,2023-05-27T14:37:55.815000+00:00,-792,-886,637,14
2023-05-27T14:37:56.318000+00:00,0,1,65,37,2023-05-27 14:37:56.318000+00:00,2023-05-27T14:37:56.315000+00:00,-847,-822,629,14
2023-05-27T14:37:56.558000+00:00,0,1,72,49,2023-05-27 14:37:56.558000+00:00,2023-05-27T14:37:56.635000+00:00,-872,-796,625,14
2023-05-27T14:37:56.758000+00:00,0,1,80,58,2023-05-27 14:37:56.758000+00:00,2023-05-27T14:37:56.795000+00:00,-890,-778,623,14
2023-05-27T14:37:57.078000+00:00,0,1,100,68,2023-05-27 14:37:57.078000+00:00,2023-05-27T14:37:56.955000+00:00,-911,-756,620,14
2023-05-27T14:37:57.238000+00:00,100,1,103,3,2023-05-27 14:37:57.238000+00:00,2023-05-27T14:37:57.294000+00:00,-995,-655,610,14
2023-05-27T14:37:57.558000+00:00,100,2,103,0,2023-05-27 14:37:57.558000+00:00,2023-05-27T14:37:57.655000+00:00,-1021,-598,608,14
2023-05-27T14:37:57.798000+00:00,100,2,93,0,2023-05-27 14:37:57.798000+00:00,2023-05-27T14:37:57.915000+00:00,-1029,-535,605,14
2023-05-27T14:37:58.078000+00:00,0,2,87,0,2023-05-27 14:37:58.078000+00:00,2023-05-27T14:37:58.075000+00:00,-1024,-497,601,14
2023-05-27T14:37:58.479000+00:00,0,2,82,11,2023-05-27 14:37:58.479000+00:00,2023-05-27T14:37:58.535000+00:00,-977,-407,591,14
2023-05-27T14:37:58.799000+00:00,0,2,83,24,2023-05-27 14:37:58.799000+00:00,2023-05-27T14:37:58.735000+00:00,-943,-375,589,14
2023-05-27T14:37:58.959000+00:00,0,2,83,32,2023-05-27 14:37:58.959000+00:00,2023-05-27T14:37:59.015000+00:00,-869,-324,580,14
2023-05-27T14:37:59.359000+00:00,0,2,90,48,2023-05-27 14:37:59.359000+00:00,2023-05-27T14:37:59.275000+00:00,-834,-305,577,14
2023-05-27T14:37:59.519000+00:00,0,2,99,57,2023-05-27 14:37:59.519000+00:00,2023-05-27T14:37:59.555000+00:00,-768,-273,570,14
2023-05-27T14:37:59.799000+00:00,0,2,112,100,2023-05-27 14:37:59.799000+00:00,2023-05-27T14:37:59.775000+00:00,-711,-249,566,14
2023-05-27T14:38:00.039000+00:00,0,2,125,100,2023-05-27 14:38:00.039000+00:00,2023-05-27T14:38:00.055000+00:00,-613,-211,560,14
2023-05-27T14:38:00.359000+00:00,100,2,126,0,2023-05-27 14:38:00.359000+00:00,2023-05-27T14:38:00.295000+00:00,-544,-190,556,14
2023-05-27T14:38:00.559000+00:00,100,2,115,0,2023-05-27 14:38:00.559000+00:00,2023-05-27T14:38:00.615000+00:00,-413,-168,552,14
2023-05-27T14:38:00.879000+00:00,100,2,97,0,2023-05-27 14:38:00.879000+00:00,2023-05-27T14:38:00.975000+00:00,-344,-175,548,14
2023-05-27T14:38:01.199000+00:00,0,2,91,0,2023-05-27 14:38:01.199000+00:00,2023-05-27T14:38:01.155000+00:00,-305,-193,546,14
2023-05-27T14:38:01.359000+00:00,0,2,87,0,2023-05-27 14:38:01.359000+00:00,2023-05-27T14:38:01.455000+00:00,-255,-245,546,14
2023-05-27T14:38:01.598000+00:00,0,2,82,12,2023-05-27 14:38:01.598000+00:00,2023-05-27T14:38:01.635000+00:00,-235,-283,545,14
2023-05-27T14:38:01.798000+00:00,0,2,83,36,2023-05-27 14:38:01.798000+00:00,2023-05-27T14:38:01.835000+00:00,-217,-327,545,14
2023-05-27T14:38:01.998000+00:00,0,2,88,36,2023-05-27 14:38:01.998000+00:00,2023-05-27T14:38:02.055000+00:00,-203,-378,545,14
2023-05-27T14:38:02.238000+00:00,0,2,91,50,2023-05-27 14:38:02.238000+00:00,2023-05-27T14:38:02.255000+00:00,-194,-428,545,14
2023-05-27T14:38:02.558000+00:00,0,2,100,69,2023-05-27 14:38:02.558000+00:00,2023-05-27T14:38:02.655000+00:00,-184,-572,545,14
2023-05-27T14:38:02.918000+00:00,0,2,120,86,2023-05-27 14:38:02.918000+00:00,2023-05-27T14:38:03.135000+00:00,-188,-694,545,14
2023-05-27T14:38:03.358000+00:00,0,3,141,100,2023-05-27 14:38:03.358000+00:00,2023-05-27T14:38:03.295000+00:00,-193,-754,545,14
2023-05-27T14:38:03.518000+00:00,0,3,152,100,2023-05-27 14:38:03.518000+00:00,2023-05-27T14:38:03.475000+00:00,-201,-825,545,14
2023-05-27T14:38:03.878000+00:00,0,3,171,100,2023-05-27 14:38:03.878000+00:00,2023-05-27T14:38:03.734000+00:00,-216,-964,543,14
2023-05-27T14:38:04.118000+00:00,0,4,175,100,2023-05-27 14:38:04.118000+00:00,2023-05-27T14:38:04.155000+00:00,-244,-1216,543,14
2023-05-27T14:38:04.278000+00:00,0,4,188,100,2023-05-27 14:38:04.278000+00:00,2023-05-27T14:38:04.155000+00:00,-244,-1216,543,14
2023-05-27T14:38:04.598000+00:00,0,4,195,100,2023-05-27 14:38:04.598000+00:00,2023-05-27T14:38:04.655000+00:00,-265,-1408,543,14
2023-05-27T14:38:04.798000+00:00,0,4,206,100,2023-05-27 14:38:04.798000+00:00,2023-05-27T14:38:04.895000+00:00,-278,-1532,542,14
2023-05-27T14:38:05.079000+00:00,0,5,215,100,2023-05-27 14:38:05.079000+00:00,2023-05-27T14:38:05.195000+00:00,-303,-1706,542,14
2023-05-27T14:38:05.399000+00:00,0,5,221,100,2023-05-27 14:38:05.399000+00:00,2023-05-27T14:38:05.335000+00:00,-321,-1789,542,14
2023-05-27T14:38:05.799000+00:00,0,5,234,100,2023-05-27 14:38:05.799000+00:00,2023-05-27T14:38:05.615000+00:00,-375,-1981,542,14
2023-05-27T14:38:06.159000+00:00,0,6,240,100,2023-05-27 14:38:06.159000+00:00,2023-05-27T14:38:05.995000+00:00,-469,-2252,541,14
2023-05-27T14:38:06.439000+00:00,0,6,245,100,2023-05-27 14:38:06.439000+00:00,2023-05-27T14:38:06.415000+00:00,-547,-2452,541,14
2023-05-27T14:38:06.719000+00:00,0,6,251,100,2023-05-27 14:38:06.719000+00:00,2023-05-27T14:38:06.635000+00:00,-646,-2680,541,14
2023-05-27T14:38:06.959000+00:00,0,6,254,100,2023-05-27 14:38:06.959000+00:00,2023-05-27T14:38:06.975000+00:00,-747,-2881,541,14
2023-05-27T14:38:07.239000+00:00,0,6,257,100,2023-05-27 14:38:07.239000+00:00,2023-05-27T14:38:07.435000+00:00,-892,-3094,542,14
2023-05-27T14:38:07.399000+00:00,0,6,259,100,2023-05-27 14:38:07.399000+00:00,2023-05-27T14:38:07.435000+00:00,-892,-3094,542,14
2023-05-27T14:38:07.559000+00:00,0,6,262,100,2023-05-27 14:38:07.559000+00:00,2023-05-27T14:38:07.435000+00:00,-892,-3094,542,14
2023-05-27T14:38:07.839000+00:00,0,7,264,100,2023-05-27 14:38:07.839000+00:00,2023-05-27T14:38:07.695000+00:00,-1074,-3280,542,14
2023-05-27T14:38:07.999000+00:00,0,7,267,100,2023-05-27 14:38:07.999000+00:00,2023-05-27T14:38:08.075000+00:00,-1279,-3424,542,14
2023-05-27T14:38:08.199000+00:00,0,7,269,100,2023-05-27 14:38:08.199000+00:00,2023-05-27T14:38:08.075000+00:00,-1279,-3424,542,14
2023-05-27T14:38:08.518000+00:00,0,7,272,100,2023-05-27 14:38:08.518000+00:00,2023-05-27T14:38:08.415000+00:00,-1468,-3521,541,14
2023-05-27T14:38:08.958000+00:00,0,7,275,100,2023-05-27 14:38:08.958000+00:00,2023-05-27T14:38:08.915000+00:00,-1852,-3706,540,14
2023-05-27T14:38:09.118000+00:00,0,7,279,100,2023-05-27 14:38:09.118000+00:00,2023-05-27T14:38:09.215000+00:00,-2017,-3789,541,14
2023-05-27T14:38:09.478000+00:00,0,7,280,100,2023-05-27 14:38:09.478000+00:00,2023-05-27T14:38:09.475000+00:00,-2267,-3915,541,14
2023-05-27T14:38:09.678000+00:00,0,7,283,100,2023-05-27 14:38:09.678000+00:00,2023-05-27T14:38:09.475000+00:00,-2267,-3915,541,14
2023-05-27T14:38:09.918000+00:00,0,7,283,100,2023-05-27 14:38:09.918000+00:00,2023-05-27T14:38:09.895000+00:00,-2480,-4015,542,14
2023-05-27T14:38:10.118000+00:00,0,7,283,100,2023-05-27 14:38:10.118000+00:00,2023-05-27T14:38:10.175000+00:00,-2545,-4042,542,14
2023-05-27T14:38:10.278000+00:00,0,7,287,100,2023-05-27 14:38:10.278000+00:00,2023-05-27T14:38:10.175000+00:00,-2545,-4042,542,14
2023-05-27T14:38:10.558000+00:00,0,7,288,100,2023-05-27 14:38:10.558000+00:00,2023-05-27T14:38:10.474000+00:00,-2738,-4120,543,14
2023-05-27T14:38:10.918000+00:00,100,7,274,0,2023-05-27 14:38:10.918000+00:00,2023-05-27T14:38:10.875000+00:00,-3052,-4224,541,14
2023-05-27T14:38:11.158000+00:00,100,7,248,0,2023-05-27 14:38:11.158000+00:00,2023-05-27T14:38:11.195000+00:00,-3355,-4293,531,14
2023-05-27T14:38:11.318000+00:00,100,7,213,0,2023-05-27 14:38:11.318000+00:00,2023-05-27T14:38:11.195000+00:00,-3355,-4293,531,14
2023-05-27T14:38:11.478000+00:00,100,7,194,0,2023-05-27 14:38:11.478000+00:00,2023-05-27T14:38:11.495000+00:00,-3519,-4317,523,14
2023-05-27T14:38:11.639000+00:00,100,7,185,0,2023-05-27 14:38:11.639000+00:00,2023-05-27T14:38:11.495000+00:00,-3519,-4317,523,14
2023-05-27T14:38:11.879000+00:00,100,4,159,0,2023-05-27 14:38:11.879000+00:00,2023-05-27T14:38:11.915000+00:00,-3651,-4332,516,14
2023-05-27T14:38:12.119000+00:00,100,3,144,0,2023-05-27 14:38:12.119000+00:00,2023-05-27T14:38:12.115000+00:00,-3735,-4341,512,14
2023-05-27T14:38:12.279000+00:00,100,3,129,0,2023-05-27 14:38:12.279000+00:00,2023-05-27T14:38:12.275000+00:00,-3798,-4347,509,14
2023-05-27T14:38:12.639000+00:00,100,2,111,0,2023-05-27 14:38:12.639000+00:00,2023-05-27T14:38:12.655000+00:00,-4094,-4389,497,14
2023-05-27T14:38:12.959000+00:00,100,2,99,0,2023-05-27 14:38:12.959000+00:00,2023-05-27T14:38:13.055000+00:00,-4154,-4435,492,14
2023-05-27T14:38:13.239000+00:00,0,2,89,0,2023-05-27 14:38:13.239000+00:00,2023-05-27T14:38:13.375000+00:00,-4195,-4499,492,14
2023-05-27T14:38:13.599000+00:00,0,2,83,0,2023-05-27 14:38:13.599000+00:00,2023-05-27T14:38:13.615000+00:00,-4224,-4552,491,14
2023-05-27T14:38:13.839000+00:00,0,2,78,0,2023-05-27 14:38:13.839000+00:00,2023-05-27T14:38:13.875000+00:00,-4259,-4598,490,14
2023-05-27T14:38:14.039000+00:00,0,2,74,1,2023-05-27 14:38:14.039000+00:00,2023-05-27T14:38:14.095000+00:00,-4301,-4628,490,14
2023-05-27T14:38:14.479000+00:00,0,2,67,18,2023-05-27 14:38:14.479000+00:00,2023-05-27T14:38:14.475000+00:00,-4389,-4650,490,14
2023-05-27T14:38:14.719000+00:00,0,2,70,36,2023-05-27 14:38:14.719000+00:00,2023-05-27T14:38:14.815000+00:00,-4428,-4651,490,14
2023-05-27T14:38:15.038000+00:00,0,2,79,55,2023-05-27 14:38:15.038000+00:00,2023-05-27T14:38:14.975000+00:00,-4460,-4648,490,14
2023-05-27T14:38:15.198000+00:00,0,2,87,55,2023-05-27 14:38:15.198000+00:00,2023-05-27T14:38:15.155000+00:00,-4499,-4642,490,14
2023-05-27T14:38:15.478000+00:00,0,2,101,87,2023-05-27 14:38:15.478000+00:00,2023-05-27T14:38:15.395000+00:00,-4556,-4628,490,14
2023-05-27T14:38:15.638000+00:00,0,2,107,92,2023-05-27 14:38:15.638000+00:00,2023-05-27T14:38:15.655000+00:00,-4628,-4611,490,14
2023-05-27T14:38:15.878000+00:00,0,2,126,100,2023-05-27 14:38:15.878000+00:00,2023-05-27T14:38:15.935000+00:00,-4716,-4600,490,14
2023-05-27T14:38:16.078000+00:00,0,2,137,100,2023-05-27 14:38:16.078000+00:00,2023-05-27T14:38:16.095000+00:00,-4830,-4606,489,14
2023-05-27T14:38:16.278000+00:00,0,3,142,100,2023-05-27 14:38:16.278000+00:00,2023-05-27T14:38:16.095000+00:00,-4830,-4606,489,14
2023-05-27T14:38:16.558000+00:00,0,3,157,100,2023-05-27 14:38:16.558000+00:00,2023-05-27T14:38:16.475000+00:00,-4963,-4625,489,14
2023-05-27T14:38:16.758000+00:00,0,3,166,100,2023-05-27 14:38:16.758000+00:00,2023-05-27T14:38:16.715000+00:00,-5097,-4646,489,14
2023-05-27T14:38:17.158000+00:00,0,4,184,100,2023-05-27 14:38:17.158000+00:00,2023-05-27T14:38:17.154000+00:00,-5333,-4679,490,14
2023-05-27T14:38:17.438000+00:00,0,4,195,100,2023-05-27 14:38:17.438000+00:00,2023-05-27T14:38:17.575000+00:00,-5595,-4712,490,14
2023-05-27T14:38:17.718000+00:00,0,5,205,100,2023-05-27 14:38:17.718000+00:00,2023-05-27T14:38:17.835000+00:00,-5652,-4718,489,14
2023-05-27T14:38:17.998000+00:00,0,5,208,100,2023-05-27 14:38:17.998000+00:00,2023-05-27T14:38:18.035000+00:00,-5768,-4732,490,14
2023-05-27T14:38:18.159000+00:00,0,5,215,100,2023-05-27 14:38:18.159000+00:00,2023-05-27T14:38:18.035000+00:00,-5768,-4732,490,14
2023-05-27T14:38:18.439000+00:00,0,5,225,100,2023-05-27 14:38:18.439000+00:00,2023-05-27T14:38:18.395000+00:00,-5986,-4755,490,14
2023-05-27T14:38:18.639000+00:00,0,5,228,100,2023-05-27 14:38:18.639000+00:00,2023-05-27T14:38:18.715000+00:00,-6182,-4773,490,14
2023-05-27T14:38:18.999000+00:00,100,5,213,0,2023-05-27 14:38:18.999000+00:00,2023-05-27T14:38:18.895000+00:00,-6297,-4781,490,14
2023-05-27T14:38:19.199000+00:00,100,5,213,0,2023-05-27 14:38:19.199000+00:00,2023-05-27T14:38:19.215000+00:00,-6564,-4800,490,14
2023-05-27T14:38:19.399000+00:00,100,5,195,0,2023-05-27 14:38:19.399000+00:00,2023-05-27T14:38:19.435000+00:00,-6605,-4806,491,14
2023-05-27T14:38:19.599000+00:00,100,4,177,0,2023-05-27 14:38:19.599000+00:00,2023-05-27T14:38:19.435000+00:00,-6605,-4806,491,14
2023-05-27T14:38:19.879000+00:00,0,4,169,37,2023-05-27 14:38:19.879000+00:00,2023-05-27T14:38:19.815000+00:00,-6787,-4886,490,14
2023-05-27T14:38:20.159000+00:00,0,4,165,57,2023-05-27 14:38:20.159000+00:00,2023-05-27T14:38:20.175000+00:00,-6890,-4982,488,14
2023-05-27T14:38:20.439000+00:00,0,4,169,69,2023-05-27 14:38:20.439000+00:00,2023-05-27T14:38:20.415000+00:00,-6961,-5072,486,14
2023-05-27T14:38:20.599000+00:00,0,4,174,100,2023-05-27 14:38:20.599000+00:00,2023-05-27T14:38:20.555000+00:00,-6999,-5129,485,14
2023-05-27T14:38:20.799000+00:00,0,4,186,100,2023-05-27 14:38:20.799000+00:00,2023-05-27T14:38:20.755000+00:00,-7048,-5214,484,14
2023-05-27T14:38:21.039000+00:00,0,4,191,100,2023-05-27 14:38:21.039000+00:00,2023-05-27T14:38:20.995000+00:00,-7101,-5328,483,14
2023-05-27T14:38:21.199000+00:00,0,4,197,100,2023-05-27 14:38:21.199000+00:00,2023-05-27T14:38:21.235000+00:00,-7143,-5451,483,14
2023-05-27T14:38:21.479000+00:00,0,5,205,100,2023-05-27 14:38:21.479000+00:00,2023-05-27T14:38:21.475000+00:00,-7182,-5618,482,14
2023-05-27T14:38:21.679000+00:00,0,5,210,100,2023-05-27 14:38:21.679000+00:00,2023-05-27T14:38:21.715000+00:00,-7198,-5724,482,14
2023-05-27T14:38:21.998000+00:00,0,5,221,100,2023-05-27 14:38:21.998000+00:00,2023-05-27T14:38:21.975000+00:00,-7214,-5880,482,14
2023-05-27T14:38:22.198000+00:00,0,5,226,100,2023-05-27 14:38:22.198000+00:00,2023-05-27T14:38:22.255000+00:00,-7220,-6053,482,14
2023-05-27T14:38:22.438000+00:00,0,5,228,100,2023-05-27 14:38:22.438000+00:00,2023-05-27T14:38:22.495000+00:00,-7210,-6201,482,14
2023-05-27T14:38:22.638000+00:00,0,5,232,100,2023-05-27 14:38:22.638000+00:00,2023-05-27T14:38:22.635000+00:00,-7191,-6282,482,14
2023-05-27T14:38:22.918000+00:00,0,6,234,100,2023-05-27 14:38:22.918000+00:00,2023-05-27T14:38:22.935000+00:00,-7098,-6429,480,14
2023-05-27T14:38:23.158000+00:00,0,6,239,100,2023-05-27 14:38:23.158000+00:00,2023-05-27T14:38:23.135000+00:00,-6970,-6614,481,14
2023-05-27T14:38:23.438000+00:00,0,6,244,100,2023-05-27 14:38:23.438000+00:00,2023-05-27T14:38:23.514000+00:00,-6913,-6783,480,14
2023-05-27T14:38:23.758000+00:00,0,6,247,100,2023-05-27 14:38:23.758000+00:00,2023-05-27T14:38:23.694000+00:00,-6878,-6903,479,14
2023-05-27T14:38:24.118000+00:00,100,6,237,0,2023-05-27 14:38:24.118000+00:00,2023-05-27T14:38:24.135000+00:00,-6804,-7211,479,14
2023-05-27T14:38:24.278000+00:00,100,6,225,0,2023-05-27 14:38:24.278000+00:00,2023-05-27T14:38:24.295000+00:00,-6788,-7310,479,14
2023-05-27T14:38:24.478000+00:00,100,6,192,0,2023-05-27 14:38:24.478000+00:00,2023-05-27T14:38:24.495000+00:00,-6773,-7412,479,14
2023-05-27T14:38:24.759000+00:00,100,6,175,0,2023-05-27 14:38:24.759000+00:00,2023-05-27T14:38:24.635000+00:00,-6765,-7486,479,14
2023-05-27T14:38:25.159000+00:00,100,4,153,0,2023-05-27 14:38:25.159000+00:00,2023-05-27T14:38:25.195000+00:00,-6745,-7776,479,14
2023-05-27T14:38:25.559000+00:00,100,4,144,1,2023-05-27 14:38:25.559000+00:00,2023-05-27T14:38:25.595000+00:00,-6758,-7900,479,14
2023-05-27T14:38:25.799000+00:00,0,4,135,2,2023-05-27 14:38:25.799000+00:00,2023-05-27T14:38:25.815000+00:00,-6833,-8001,479,14
2023-05-27T14:38:26.239000+00:00,0,4,130,0,2023-05-27 14:38:26.239000+00:00,2023-05-27T14:38:26.075000+00:00,-6869,-8038,479,14
2023-05-27T14:38:26.639000+00:00,0,4,123,43,2023-05-27 14:38:26.639000+00:00,2023-05-27T14:38:26.655000+00:00,-6894,-8237,478,14
2023-05-27T14:38:26.839000+00:00,0,4,127,56,2023-05-27 14:38:26.839000+00:00,2023-05-27T14:38:26.855000+00:00,-6879,-8329,478,14
2023-05-27T14:38:27.039000+00:00,0,4,129,100,2023-05-27 14:38:27.039000+00:00,2023-05-27T14:38:26.855000+00:00,-6879,-8329,478,14
2023-05-27T14:38:27.199000+00:00,0,4,137,100,2023-05-27 14:38:27.199000+00:00,2023-05-27T14:38:27.235000+00:00,-6838,-8483,476,14
2023-05-27T14:38:27.439000+00:00,0,4,150,100,2023-05-27 14:38:27.439000+00:00,2023-05-27T14:38:27.575000+00:00,-6804,-8578,476,14
2023-05-27T14:38:27.599000+00:00,0,4,150,100,2023-05-27 14:38:27.599000+00:00,2023-05-27T14:38:27.575000+00:00,-6804,-8578,476,14
2023-05-27T14:38:27.759000+00:00,0,4,163,100,2023-05-27 14:38:27.759000+00:00,2023-05-27T14:38:27.755000+00:00,-6773,-8651,477,14
2023-05-27T14:38:28.039000+00:00,0,4,176,100,2023-05-27 14:38:28.039000+00:00,2023-05-27T14:38:28.015000+00:00,-6718,-8759,478,14
2023-05-27T14:38:28.239000+00:00,0,4,184,100,2023-05-27 14:38:28.239000+00:00,2023-05-27T14:38:28.235000+00:00,-6662,-8853,478,14
2023-05-27T14:38:28.399000+00:00,0,4,188,100,2023-05-27 14:38:28.399000+00:00,2023-05-27T14:38:28.415000+00:00,-6617,-8917,478,14
2023-05-27T14:38:28.718000+00:00,0,4,199,97,2023-05-27 14:38:28.718000+00:00,2023-05-27T14:38:28.815000+00:00,-6478,-9078,478,14
2023-05-27T14:38:28.998000+00:00,100,4,188,0,2023-05-27 14:38:28.998000+00:00,2023-05-27T14:38:28.975000+00:00,-6415,-9134,478,14
2023-05-27T14:38:29.278000+00:00,100,4,161,0,2023-05-27 14:38:29.278000+00:00,2023-05-27T14:38:29.195000+00:00,-6319,-9196,479,14
2023-05-27T14:38:29.438000+00:00,100,4,161,0,2023-05-27 14:38:29.438000+00:00,2023-05-27T14:38:29.375000+00:00,-6246,-9237,476,14
2023-05-27T14:38:29.878000+00:00,100,3,113,0,2023-05-27 14:38:29.878000+00:00,2023-05-27T14:38:29.815000+00:00,-6094,-9319,480,14
2023-05-27T14:38:30.038000+00:00,100,2,108,0,2023-05-27 14:38:30.038000+00:00,2023-05-27T14:38:30.014000+00:00,-6041,-9352,481,14
2023-05-27T14:38:30.318000+00:00,100,2,92,0,2023-05-27 14:38:30.318000+00:00,2023-05-27T14:38:30.334000+00:00,-5963,-9423,483,14
2023-05-27T14:38:30.558000+00:00,100,2,84,0,2023-05-27 14:38:30.558000+00:00,2023-05-27T14:38:30.715000+00:00,-5933,-9486,484,14
2023-05-27T14:38:30.718000+00:00,0,2,80,0,2023-05-27 14:38:30.718000+00:00,2023-05-27T14:38:30.715000+00:00,-5933,-9486,484,14
2023-05-27T14:38:30.998000+00:00,100,2,77,0,2023-05-27 14:38:30.998000+00:00,2023-05-27T14:38:30.955000+00:00,-5931,-9554,486,14
2023-05-27T14:38:31.359000+00:00,0,2,67,0,2023-05-27 14:38:31.359000+00:00,2023-05-27T14:38:31.375000+00:00,-5945,-9616,487,14
2023-05-27T14:38:31.519000+00:00,0,2,65,3,2023-05-27 14:38:31.519000+00:00,2023-05-27T14:38:31.535000+00:00,-5957,-9643,488,14
2023-05-27T14:38:31.799000+00:00,0,2,63,11,2023-05-27 14:38:31.799000+00:00,2023-05-27T14:38:31.695000+00:00,-5972,-9666,488,14
2023-05-27T14:38:32.039000+00:00,0,2,64,24,2023-05-27 14:38:32.039000+00:00,2023-05-27T14:38:31.975000+00:00,-6005,-9701,490,14
2023-05-27T14:38:32.399000+00:00,0,2,69,46,2023-05-27 14:38:32.399000+00:00,2023-05-27T14:38:32.375000+00:00,-6071,-9734,494,14
2023-05-27T14:38:32.639000+00:00,0,2,75,50,2023-05-27 14:38:32.639000+00:00,2023-05-27T14:38:32.655000+00:00,-6127,-9749,497,14
2023-05-27T14:38:32.999000+00:00,0,2,90,86,2023-05-27 14:38:32.999000+00:00,2023-05-27T14:38:32.915000+00:00,-6184,-9759,501,14
2023-05-27T14:38:33.199000+00:00,0,2,106,89,2023-05-27 14:38:33.199000+00:00,2023-05-27T14:38:33.215000+00:00,-6266,-9767,504,14
2023-05-27T14:38:33.359000+00:00,0,2,111,91,2023-05-27 14:38:33.359000+00:00,2023-05-27T14:38:33.395000+00:00,-6321,-9770,506,14
2023-05-27T14:38:33.679000+00:00,100,2,114,0,2023-05-27 14:38:33.679000+00:00,2023-05-27T14:38:33.615000+00:00,-6393,-9773,510,14
2023-05-27T14:38:33.999000+00:00,100,2,103,0,2023-05-27 14:38:33.999000+00:00,2023-05-27T14:38:33.975000+00:00,-6503,-9770,515,14
2023-05-27T14:38:34.239000+00:00,0,2,95,0,2023-05-27 14:38:34.239000+00:00,2023-05-27T14:38:34.215000+00:00,-6569,-9762,518,14
2023-05-27T14:38:34.479000+00:00,0,2,92,0,2023-05-27 14:38:34.479000+00:00,2023-05-27T14:38:34.475000+00:00,-6653,-9744,520,14
2023-05-27T14:38:34.639000+00:00,0,2,92,0,2023-05-27 14:38:34.639000+00:00,2023-05-27T14:38:34.475000+00:00,-6653,-9744,520,14
2023-05-27T14:38:34.999000+00:00,0,2,83,15,2023-05-27 14:38:34.999000+00:00,2023-05-27T14:38:34.855000+00:00,-6726,-9700,519,14
2023-05-27T14:38:35.318000+00:00,0,2,82,32,2023-05-27 14:38:35.318000+00:00,2023-05-27T14:38:35.275000+00:00,-6770,-9635,514,14
2023-05-27T14:38:35.598000+00:00,0,2,91,71,2023-05-27 14:38:35.598000+00:00,2023-05-27T14:38:35.655000+00:00,-6799,-9543,511,14
2023-05-27T14:38:35.798000+00:00,0,2,107,95,2023-05-27 14:38:35.798000+00:00,2023-05-27T14:38:35.815000+00:00,-6808,-9498,510,14
2023-05-27T14:38:36.158000+00:00,0,2,118,100,2023-05-27 14:38:36.158000+00:00,2023-05-27T14:38:36.095000+00:00,-6826,-9412,508,14
2023-05-27T14:38:36.318000+00:00,0,2,131,100,2023-05-27 14:38:36.318000+00:00,2023-05-27T14:38:36.335000+00:00,-6869,-9281,506,14
2023-05-27T14:38:36.758000+00:00,0,3,152,100,2023-05-27 14:38:36.758000+00:00,2023-05-27T14:38:36.654000+00:00,-6903,-9215,506,14
2023-05-27T14:38:36.918000+00:00,0,3,166,100,2023-05-27 14:38:36.918000+00:00,2023-05-27T14:38:36.955000+00:00,-6981,-9094,503,14
2023-05-27T14:38:37.158000+00:00,0,4,171,100,2023-05-27 14:38:37.158000+00:00,2023-05-27T14:38:37.115000+00:00,-7061,-8979,504,14
2023-05-27T14:38:37.318000+00:00,0,4,180,100,2023-05-27 14:38:37.318000+00:00,2023-05-27T14:38:37.115000+00:00,-7061,-8979,504,14
2023-05-27T14:38:37.478000+00:00,0,4,189,100,2023-05-27 14:38:37.478000+00:00,2023-05-27T14:38:37.575000+00:00,-7157,-8821,504,14
2023-05-27T14:38:37.638000+00:00,0,4,189,100,2023-05-27 14:38:37.638000+00:00,2023-05-27T14:38:37.575000+00:00,-7157,-8821,504,14
2023-05-27T14:38:37.959000+00:00,0,5,205,100,2023-05-27 14:38:37.959000+00:00,2023-05-27T14:38:37.815000+00:00,-7213,-8702,503,14
2023-05-27T14:38:38.119000+00:00,0,5,211,100,2023-05-27 14:38:38.119000+00:00,2023-05-27T14:38:38.135000+00:00,-7280,-8528,502,14
2023-05-27T14:38:38.399000+00:00,0,5,224,100,2023-05-27 14:38:38.399000+00:00,2023-05-27T14:38:38.355000+00:00,-7322,-8401,503,14
2023-05-27T14:38:38.599000+00:00,0,5,224,100,2023-05-27 14:38:38.599000+00:00,2023-05-27T14:38:38.575000+00:00,-7377,-8220,503,14
2023-05-27T14:38:38.759000+00:00,0,5,230,100,2023-05-27 14:38:38.759000+00:00,2023-05-27T14:38:38.895000+00:00,-7419,-8072,503,14
2023-05-27T14:38:39.079000+00:00,0,6,241,100,2023-05-27 14:38:39.079000+00:00,2023-05-27T14:38:39.055000+00:00,-7448,-7970,502,14
2023-05-27T14:38:39.439000+00:00,0,6,250,100,2023-05-27 14:38:39.439000+00:00,2023-05-27T14:38:39.475000+00:00,-7522,-7693,502,14
2023-05-27T14:38:39.799000+00:00,0,6,257,100,2023-05-27 14:38:39.799000+00:00,2023-05-27T14:38:39.755000+00:00,-7566,-7500,502,14
2023-05-27T14:38:39.959000+00:00,0,6,257,100,2023-05-27 14:38:39.959000+00:00,2023-05-27T14:38:39.975000+00:00,-7595,-7345,503,14
2023-05-27T14:38:40.239000+00:00,0,7,264,100,2023-05-27 14:38:40.239000+00:00,2023-05-27T14:38:40.275000+00:00,-7626,-7104,503,14
2023-05-27T14:38:40.439000+00:00,0,7,266,100,2023-05-27 14:38:40.439000+00:00,2023-05-27T14:38:40.495000+00:00,-7642,-6927,502,14
2023-05-27T14:38:40.599000+00:00,0,7,272,100,2023-05-27 14:38:40.599000+00:00,2023-05-27T14:38:40.655000+00:00,-7653,-6755,502,14
2023-05-27T14:38:40.839000+00:00,0,7,277,100,2023-05-27 14:38:40.839000+00:00,2023-05-27T14:38:40.655000+00:00,-7653,-6755,502,14
2023-05-27T14:38:41.039000+00:00,0,7,277,97,2023-05-27 14:38:41.039000+00:00,2023-05-27T14:38:41.095000+00:00,-7670,-6480,502,14
2023-05-27T14:38:41.199000+00:00,0,7,272,0,2023-05-27 14:38:41.199000+00:00,2023-05-27T14:38:41.255000+00:00,-7681,-6285,503,14
2023-05-27T14:38:41.479000+00:00,100,7,263,0,2023-05-27 14:38:41.479000+00:00,2023-05-27T14:38:41.255000+00:00,-7681,-6285,503,14
2023-05-27T14:38:41.719000+00:00,100,7,255,0,2023-05-27 14:38:41.719000+00:00,2023-05-27T14:38:41.755000+00:00,-7669,-5997,503,14
2023-05-27T14:38:41.918000+00:00,100,7,241,0,2023-05-27 14:38:41.918000+00:00,2023-05-27T14:38:41.815000+00:00,-7666,-5955,503,14
2023-05-27T14:38:42.198000+00:00,100,7,241,0,2023-05-27 14:38:42.198000+00:00,2023-05-27T14:38:42.135000+00:00,-7648,-5743,503,14
2023-05-27T14:38:42.438000+00:00,100,7,220,0,2023-05-27 14:38:42.438000+00:00,2023-05-27T14:38:42.355000+00:00,-7623,-5558,511,14
2023-05-27T14:38:42.758000+00:00,100,7,192,0,2023-05-27 14:38:42.758000+00:00,2023-05-27T14:38:42.755000+00:00,-7592,-5382,515,14
2023-05-27T14:38:42.958000+00:00,100,7,178,0,2023-05-27 14:38:42.958000+00:00,2023-05-27T14:38:42.995000+00:00,-7551,-5197,521,14
2023-05-27T14:38:43.118000+00:00,100,7,178,0,2023-05-27 14:38:43.118000+00:00,2023-05-27T14:38:42.995000+00:00,-7551,-5197,521,14
2023-05-27T14:38:43.358000+00:00,100,5,151,0,2023-05-27 14:38:43.358000+00:00,2023-05-27T14:38:43.334000+00:00,-7517,-5064,523,14
2023-05-27T14:38:43.518000+00:00,100,3,146,0,2023-05-27 14:38:43.518000+00:00,2023-05-27T14:38:43.334000+00:00,-7517,-5064,523,14
2023-05-27T14:38:43.718000+00:00,100,3,134,0,2023-05-27 14:38:43.718000+00:00,2023-05-27T14:38:43.755000+00:00,-7483,-4948,527,14
2023-05-27T14:38:43.878000+00:00,100,3,122,0,2023-05-27 14:38:43.878000+00:00,2023-05-27T14:38:43.955000+00:00,-7449,-4848,532,14
2023-05-27T14:42:21.920000+00:00,0,5,213,100,2023-05-27 14:42:21.920000+00:00,2023-05-27T14:42:22.035000+00:00,-7310,-8438,503,17
2023-05-27T14:42:22.080000+00:00,0,5,220,100,2023-05-27 14:42:22.080000+00:00,2023-05-27T14:42:22.035000+00:00,-7310,-8438,503,17
2023-05-27T14:42:22.440000+00:00,0,5,228,100,2023-05-27 14:42:22.440000+00:00,2023-05-27T14:42:22.475000+00:00,-7411,-8100,503,17
2023-05-27T14:42:22.600000+00:00,0,5,234,100,2023-05-27 14:42:22.600000+00:00,2023-05-27T14:42:22.475000+00:00,-7411,-8100,503,17
2023-05-27T14:42:22.840000+00:00,0,6,236,100,2023-05-27 14:42:22.840000+00:00,2023-05-27T14:42:22.835000+00:00,-7464,-7909,502,17
2023-05-27T14:42:23.160000+00:00,0,6,246,100,2023-05-27 14:42:23.160000+00:00,2023-05-27T14:42:23.275000+00:00,-7540,-7616,502,17
2023-05-27T14:42:23.320000+00:00,0,6,251,100,2023-05-27 14:42:23.320000+00:00,2023-05-27T14:42:23.275000+00:00,-7540,-7616,502,17
2023-05-27T14:42:23.639000+00:00,0,6,258,100,2023-05-27 14:42:23.639000+00:00,2023-05-27T14:42:23.575000+00:00,-7576,-7451,503,17
2023-05-27T14:42:23.879000+00:00,0,6,263,100,2023-05-27 14:42:23.879000+00:00,2023-05-27T14:42:23.775000+00:00,-7601,-7309,503,17
2023-05-27T14:42:24.079000+00:00,0,7,265,100,2023-05-27 14:42:24.079000+00:00,2023-05-27T14:42:24.055000+00:00,-7626,-7105,503,17
2023-05-27T14:42:24.479000+00:00,0,7,274,100,2023-05-27 14:42:24.479000+00:00,2023-05-27T14:42:24.495000+00:00,-7652,-6772,502,17
2023-05-27T14:42:24.719000+00:00,0,7,277,100,2023-05-27 14:42:24.719000+00:00,2023-05-27T14:42:24.715000+00:00,-7663,-6603,502,17
2023-05-27T14:42:25.119000+00:00,0,7,281,100,2023-05-27 14:42:25.119000+00:00,2023-05-27T14:42:25.255000+00:00,-7679,-6183,503,17
2023-05-27T14:42:25.279000+00:00,0,7,283,100,2023-05-27 14:42:25.279000+00:00,2023-05-27T14:42:25.255000+00:00,-7679,-6183,503,17
2023-05-27T14:42:25.639000+00:00,0,7,288,100,2023-05-27 14:42:25.639000+00:00,2023-05-27T14:42:25.715000+00:00,-7655,-5816,503,17
2023-05-27T14:42:25.919000+00:00,100,7,283,0,2023-05-27 14:42:25.919000+00:00,2023-05-27T14:42:25.875000+00:00,-7628,-5583,510,17
2023-05-27T14:42:26.079000+00:00,100,7,260,0,2023-05-27 14:42:26.079000+00:00,2023-05-27T14:42:25.875000+00:00,-7628,-5583,510,17
2023-05-27T14:42:26.399000+00:00,100,7,221,0,2023-05-27 14:42:26.399000+00:00,2023-05-27T14:42:26.355000+00:00,-7576,-5304,519,17
2023-05-27T14:42:26.599000+00:00,100,7,195,0,2023-05-27 14:42:26.599000+00:00,2023-05-27T14:42:26.694000+00:00,-7543,-5163,521,17
2023-05-27T14:42:26.799000+00:00,100,7,175,0,2023-05-27 14:42:26.799000+00:00,2023-05-27T14:42:26.834000+00:00,-7526,-5097,522,17
2023-05-27T14:42:27.079000+00:00,100,4,149,0,2023-05-27 14:42:27.079000+00:00,2023-05-27T14:42:27.074000+00:00,-7497,-4995,525,17
2023-05-27T14:42:27.279000+00:00,100,3,135,0,2023-05-27 14:42:27.279000+00:00,2023-05-27T14:42:27.255000+00:00,-7474,-4920,528,17
2023-05-27T14:42:27.599000+00:00,100,3,126,0,2023-05-27 14:42:27.599000+00:00,2023-05-27T14:42:27.535000+00:00,-7440,-4825,533,17
2023-05-27T14:42:27.799000+00:00,100,3,120,0,2023-05-27 14:42:27.799000+00:00,2023-05-27T14:42:27.835000+00:00,-7400,-4743,535,17
2023-05-27T14:42:28.280000+00:00,0,3,113,7,2023-05-27 14:42:28.280000+00:00,2023-05-27T14:42:28.195000+00:00,-7325,-4671,537,17
2023-05-27T14:42:28.560000+00:00,0,3,113,41,2023-05-27 14:42:28.560000+00:00,2023-05-27T14:42:28.495000+00:00,-7191,-4622,542,17
2023-05-27T14:42:28.720000+00:00,0,3,114,58,2023-05-27 14:42:28.720000+00:00,2023-05-27T14:42:28.735000+00:00,-7159,-4615,543,17
2023-05-27T14:42:29.120000+00:00,0,3,128,100,2023-05-27 14:42:29.120000+00:00,2023-05-27T14:42:29.215000+00:00,-6990,-4594,552,17
2023-05-27T14:42:29.280000+00:00,0,3,140,100,2023-05-27 14:42:29.280000+00:00,2023-05-27T14:42:29.215000+00:00,-6990,-4594,552,17
2023-05-27T14:42:29.440000+00:00,0,3,145,100,2023-05-27 14:42:29.440000+00:00,2023-05-27T14:42:29.455000+00:00,-6924,-4589,558,17
2023-05-27T14:42:29.880000+00:00,0,3,169,100,2023-05-27 14:42:29.880000+00:00,2023-05-27T14:42:29.875000+00:00,-6739,-4572,571,17
2023-05-27T14:42:30.160000+00:00,0,4,172,100,2023-05-27 14:42:30.160000+00:00,2023-05-27T14:42:30.295000+00:00,-6535,-4548,589,17
2023-05-27T14:42:30.359000+00:00,0,4,185,100,2023-05-27 14:42:30.359000+00:00,2023-05-27T14:42:30.295000+00:00,-6535,-4548,589,17
2023-05-27T14:42:30.559000+00:00,0,4,193,100,2023-05-27 14:42:30.559000+00:00,2023-05-27T14:42:30.455000+00:00,-6453,-4534,595,17
2023-05-27T14:42:30.759000+00:00,0,4,199,100,2023-05-27 14:42:30.759000+00:00,2023-05-27T14:42:30.675000+00:00,-6336,-4511,607,17
2023-05-27T14:42:30.919000+00:00,0,5,205,100,2023-05-27 14:42:30.919000+00:00,2023-05-27T14:42:30.895000+00:00,-6215,-4483,617,17
2023-05-27T14:42:31.119000+00:00,0,5,210,100,2023-05-27 14:42:31.119000+00:00,2023-05-27T14:42:31.115000+00:00,-6034,-4439,632,17
2023-05-27T14:42:31.559000+00:00,0,5,221,100,2023-05-27 14:42:31.559000+00:00,2023-05-27T14:42:31.595000+00:00,-5809,-4384,653,17
2023-05-27T14:42:31.759000+00:00,0,5,226,100,2023-05-27 14:42:31.759000+00:00,2023-05-27T14:42:31.815000+00:00,-5675,-4350,665,17
2023-05-27T14:42:31.919000+00:00,0,5,230,100,2023-05-27 14:42:31.919000+00:00,2023-05-27T14:42:31.895000+00:00,-5625,-4337,671,17
2023-05-27T14:42:32.159000+00:00,0,6,234,100,2023-05-27 14:42:32.159000+00:00,2023-05-27T14:42:32.175000+00:00,-5449,-4291,687,17
2023-05-27T14:42:32.439000+00:00,0,6,240,100,2023-05-27 14:42:32.439000+00:00,2023-05-27T14:42:32.395000+00:00,-5308,-4257,701,17
2023-05-27T14:42:32.719000+00:00,0,6,246,100,2023-05-27 14:42:32.719000+00:00,2023-05-27T14:42:32.815000+00:00,-5028,-4211,726,17
2023-05-27T14:42:32.959000+00:00,0,6,249,100,2023-05-27 14:42:32.959000+00:00,2023-05-27T14:42:33.034000+00:00,-4875,-4198,740,17
2023-05-27T14:42:33.199000+00:00,0,6,253,100,2023-05-27 14:42:33.199000+00:00,2023-05-27T14:42:33.194000+00:00,-4764,-4186,751,17
2023-05-27T14:42:33.479000+00:00,0,6,257,100,2023-05-27 14:42:33.479000+00:00,2023-05-27T14:42:33.474000+00:00,-4576,-4147,769,17
2023-05-27T14:42:33.879000+00:00,0,6,262,100,2023-05-27 14:42:33.879000+00:00,2023-05-27T14:42:33.815000+00:00,-4336,-4045,791,17
2023-05-27T14:42:34.279000+00:00,0,7,265,100,2023-05-27 14:42:34.279000+00:00,2023-05-27T14:42:34.355000+00:00,-3978,-3872,820,17
2023-05-27T14:42:34.479000+00:00,0,7,267,100,2023-05-27 14:42:34.479000+00:00,2023-05-27T14:42:34.355000+00:00,-3978,-3872,820,17
2023-05-27T14:42:34.720000+00:00,0,7,268,100,2023-05-27 14:42:34.720000+00:00,2023-05-27T14:42:34.675000+00:00,-3769,-3800,836,17
2023-05-27T14:42:35.080000+00:00,0,7,271,100,2023-05-27 14:42:35.080000+00:00,2023-05-27T14:42:34.975000+00:00,-3551,-3751,850,17
2023-05-27T14:42:35.320000+00:00,0,7,270,100,2023-05-27 14:42:35.320000+00:00,2023-05-27T14:42:35.335000+00:00,-3251,-3710,861,17
2023-05-27T14:42:35.640000+00:00,100,7,266,0,2023-05-27 14:42:35.640000+00:00,2023-05-27T14:42:35.615000+00:00,-3073,-3688,862,17
2023-05-27T14:42:35.880000+00:00,100,7,247,0,2023-05-27 14:42:35.880000+00:00,2023-05-27T14:42:35.895000+00:00,-2882,-3651,861,17
2023-05-27T14:42:36.160000+00:00,100,6,234,0,2023-05-27 14:42:36.160000+00:00,2023-05-27T14:42:36.135000+00:00,-2690,-3582,862,17
2023-05-27T14:42:36.360000+00:00,100,6,219,0,2023-05-27 14:42:36.360000+00:00,2023-05-27T14:42:36.375000+00:00,-2605,-3536,863,17
2023-05-27T14:42:36.680000+00:00,100,4,197,0,2023-05-27 14:42:36.680000+00:00,2023-05-27T14:42:36.615000+00:00,-2495,-3456,865,17
2023-05-27T14:42:36.880000+00:00,100,4,192,0,2023-05-27 14:42:36.880000+00:00,2023-05-27T14:42:36.935000+00:00,-2379,-3333,866,17
2023-05-27T14:42:37.239000+00:00,0,4,181,5,2023-05-27 14:42:37.239000+00:00,2023-05-27T14:42:37.155000+00:00,-2311,-3210,868,17
2023-05-27T14:42:37.439000+00:00,0,4,177,7,2023-05-27 14:42:37.439000+00:00,2023-05-27T14:42:37.515000+00:00,-2270,-3065,870,17
2023-05-27T14:42:37.679000+00:00,0,4,170,2,2023-05-27 14:42:37.679000+00:00,2023-05-27T14:42:37.755000+00:00,-2263,-2894,872,17
2023-05-27T14:42:37.999000+00:00,0,4,165,37,2023-05-27 14:42:37.999000+00:00,2023-05-27T14:42:38.155000+00:00,-2286,-2757,874,17
2023-05-27T14:42:38.199000+00:00,0,4,164,37,2023-05-27 14:42:38.199000+00:00,2023-05-27T14:42:38.155000+00:00,-2286,-2757,874,17
2023-05-27T14:42:38.439000+00:00,0,4,164,50,2023-05-27 14:42:38.439000+00:00,2023-05-27T14:42:38.315000+00:00,-2307,-2687,879,17
2023-05-27T14:42:38.799000+00:00,0,4,167,61,2023-05-27 14:42:38.799000+00:00,2023-05-27T14:42:38.635000+00:00,-2376,-2536,884,17
2023-05-27T14:42:38.959000+00:00,0,4,168,64,2023-05-27 14:42:38.959000+00:00,2023-05-27T14:42:39.015000+00:00,-2462,-2402,886,17
2023-05-27T14:42:39.239000+00:00,0,4,172,40,2023-05-27 14:42:39.239000+00:00,2023-05-27T14:42:39.355000+00:00,-2564,-2275,885,17
2023-05-27T14:42:39.479000+00:00,100,4,168,0,2023-05-27 14:42:39.479000+00:00,2023-05-27T14:42:39.355000+00:00,-2564,-2275,885,17
2023-05-27T14:42:39.759000+00:00,0,4,155,1,2023-05-27 14:42:39.759000+00:00,2023-05-27T14:42:39.634000+00:00,-2661,-2153,886,17
2023-05-27T14:42:39.959000+00:00,0,4,147,8,2023-05-27 14:42:39.959000+00:00,2023-05-27T14:42:40.054000+00:00,-2729,-2028,889,17
2023-05-27T14:42:40.279000+00:00,0,4,143,46,2023-05-27 14:42:40.279000+00:00,2023-05-27T14:42:40.375000+00:00,-2748,-1901,893,17
2023-05-27T14:42:40.439000+00:00,0,4,142,46,2023-05-27 14:42:40.439000+00:00,2023-05-27T14:42:40.375000+00:00,-2748,-1901,893,17
2023-05-27T14:42:40.639000+00:00,0,4,144,71,2023-05-27 14:42:40.639000+00:00,2023-05-27T14:42:40.675000+00:00,-2726,-1783,895,17
2023-05-27T14:42:40.919000+00:00,0,4,150,75,2023-05-27 14:42:40.919000+00:00,2023-05-27T14:42:40.915000+00:00,-2688,-1688,893,17
2023-05-27T14:42:41.199000+00:00,0,4,157,71,2023-05-27 14:42:41.199000+00:00,2023-05-27T14:42:41.295000+00:00,-2551,-1471,873,17
2023-05-27T14:42:41.440000+00:00,0,4,161,69,2023-05-27 14:42:41.440000+00:00,2023-05-27T14:42:41.295000+00:00,-2551,-1471,873,17
2023-05-27T14:42:41.920000+00:00,0,4,181,100,2023-05-27 14:42:41.920000+00:00,2023-05-27T14:42:41.855000+00:00,-2420,-1318,860,17
2023-05-27T14:42:42.320000+00:00,0,4,196,100,2023-05-27 14:42:42.320000+00:00,2023-05-27T14:42:42.335000+00:00,-2232,-1104,840,17
2023-05-27T14:42:42.640000+00:00,0,4,206,100,2023-05-27 14:42:42.640000+00:00,2023-05-27T14:42:42.775000+00:00,-2105,-927,822,17
2023-05-27T14:42:42.880000+00:00,0,5,215,100,2023-05-27 14:42:42.880000+00:00,2023-05-27T14:42:42.935000+00:00,-2051,-848,815,17
2023-05-27T14:42:43.040000+00:00,0,5,215,100,2023-05-27 14:42:43.040000+00:00,2023-05-27T14:42:43.135000+00:00,-1930,-675,798,17
2023-05-27T14:42:43.200000+00:00,100,5,220,100,2023-05-27 14:42:43.200000+00:00,2023-05-27T14:42:43.135000+00:00,-1930,-675,798,17
2023-05-27T14:42:43.440000+00:00,100,5,201,0,2023-05-27 14:42:43.440000+00:00,2023-05-27T14:42:43.455000+00:00,-1848,-567,788,17
2023-05-27T14:42:43.759000+00:00,100,5,170,0,2023-05-27 14:42:43.759000+00:00,2023-05-27T14:42:43.795000+00:00,-1703,-392,773,17
2023-05-27T14:42:43.959000+00:00,100,4,150,0,2023-05-27 14:42:43.959000+00:00,2023-05-27T14:42:44.035000+00:00,-1678,-362,770,17
2023-05-27T14:42:44.159000+00:00,100,3,136,0,2023-05-27 14:42:44.159000+00:00,2023-05-27T14:42:44.035000+00:00,-1678,-362,770,17
2023-05-27T14:42:44.399000+00:00,100,2,118,0,2023-05-27 14:42:44.399000+00:00,2023-05-27T14:42:44.355000+00:00,-1577,-258,759,17
2023-05-27T14:42:44.759000+00:00,100,2,104,0,2023-05-27 14:42:44.759000+00:00,2023-05-27T14:42:44.795000+00:00,-1470,-198,750,17
2023-05-27T14:42:45.039000+00:00,100,2,94,0,2023-05-27 14:42:45.039000+00:00,2023-05-27T14:42:45.115000+00:00,-1422,-198,746,17
2023-05-27T14:42:45.279000+00:00,100,2,91,0,2023-05-27 14:42:45.279000+00:00,2023-05-27T14:42:45.295000+00:00,-1378,-210,741,17
2023-05-27T14:42:45.479000+00:00,100,2,81,0,2023-05-27 14:42:45.479000+00:00,2023-05-27T14:42:45.615000+00:00,-1300,-261,732,17
2023-05-27T14:42:45.719000+00:00,0,2,77,0,2023-05-27 14:42:45.719000+00:00,2023-05-27T14:42:45.615000+00:00,-1300,-261,732,17
2023-05-27T14:42:45.959000+00:00,0,2,78,0,2023-05-27 14:42:45.959000+00:00,2023-05-27T14:42:45.995000+00:00,-1261,-311,728,17
2023-05-27T14:42:46.119000+00:00,0,2,73,16,2023-05-27 14:42:46.119000+00:00,2023-05-27T14:42:45.995000+00:00,-1261,-311,728,17
2023-05-27T14:42:46.439000+00:00,0,2,79,31,2023-05-27 14:42:46.439000+00:00,2023-05-27T14:42:46.274000+00:00,-1229,-390,722,17
2023-05-27T14:42:46.639000+00:00,0,2,83,41,2023-05-27 14:42:46.639000+00:00,2023-05-27T14:42:46.634000+00:00,-1215,-444,718,17
2023-05-27T14:42:46.879000+00:00,0,2,94,69,2023-05-27 14:42:46.879000+00:00,2023-05-27T14:42:46.814000+00:00,-1205,-485,715,17
2023-05-27T14:42:47.239000+00:00,0,2,107,78,2023-05-27 14:42:47.239000+00:00,2023-05-27T14:42:47.275000+00:00,-1168,-616,704,17
2023-05-27T14:42:47.479000+00:00,0,2,124,100,2023-05-27 14:42:47.479000+00:00,2023-05-27T14:42:47.515000+00:00,-1137,-705,696,17
2023-05-27T14:42:47.679000+00:00,0,3,136,100,2023-05-27 14:42:47.679000+00:00,2023-05-27T14:42:47.515000+00:00,-1137,-705,696,17
2023-05-27T14:42:48+00:00,0,3,152,100,2023-05-27 14:42:48+00:00,2023-05-27T14:42:47.875000+00:00,-1093,-811,689,17
2023-05-27T14:42:48.240000+00:00,100,3,150,0,2023-05-27 14:42:48.240000+00:00,2023-05-27T14:42:48.195000+00:00,-1034,-930,679,17
2023-05-27T14:42:48.400000+00:00,100,3,133,0,2023-05-27 14:42:48.400000+00:00,2023-05-27T14:42:48.375000+00:00,-1001,-983,679,17
2023-05-27T14:42:48.720000+00:00,100,2,117,0,2023-05-27 14:42:48.720000+00:00,2023-05-27T14:42:48.715000+00:00,-950,-1050,670,17
2023-05-27T14:42:49.120000+00:00,100,1,85,0,2023-05-27 14:42:49.120000+00:00,2023-05-27T14:42:49.175000+00:00,-891,-1102,663,17
2023-05-27T14:42:49.280000+00:00,100,1,76,0,2023-05-27 14:42:49.280000+00:00,2023-05-27T14:42:49.315000+00:00,-865,-1117,662,17
2023-05-27T14:42:49.480000+00:00,100,1,70,0,2023-05-27 14:42:49.480000+00:00,2023-05-27T14:42:49.515000+00:00,-829,-1130,660,17
2023-05-27T14:42:49.760000+00:00,100,1,68,0,2023-05-27 14:42:49.760000+00:00,2023-05-27T14:42:49.755000+00:00,-787,-1132,658,17
2023-05-27T14:42:49.960000+00:00,100,1,61,0,2023-05-27 14:42:49.960000+00:00,2023-05-27T14:42:49.955000+00:00,-746,-1107,656,17
2023-05-27T14:42:50.120000+00:00,100,1,57,0,2023-05-27 14:42:50.120000+00:00,2023-05-27T14:42:49.955000+00:00,-746,-1107,656,17
2023-05-27T14:42:50.280000+00:00,0,1,55,0,2023-05-27 14:42:50.280000+00:00,2023-05-27T14:42:50.315000+00:00,-732,-1074,655,17
2023-05-27T14:42:50.519000+00:00,0,1,52,0,2023-05-27 14:42:50.519000+00:00,2023-05-27T14:42:50.555000+00:00,-730,-1037,652,17
2023-05-27T14:42:50.799000+00:00,0,1,48,0,2023-05-27 14:42:50.799000+00:00,2023-05-27T14:42:50.735000+00:00,-734,-1011,648,17
2023-05-27T14:42:51.039000+00:00,0,1,47,3,2023-05-27 14:42:51.039000+00:00,2023-05-27T14:42:50.975000+00:00,-749,-962,643,17
2023-05-27T14:42:51.279000+00:00,0,1,48,14,2023-05-27 14:42:51.279000+00:00,2023-05-27T14:42:51.315000+00:00,-760,-939,642,17
2023-05-27T14:42:51.519000+00:00,0,1,51,19,2023-05-27 14:42:51.519000+00:00,2023-05-27T14:42:51.495000+00:00,-772,-917,640,17
2023-05-27T14:42:51.719000+00:00,0,1,53,23,2023-05-27 14:42:51.719000+00:00,2023-05-27T14:42:51.755000+00:00,-794,-885,637,17
2023-05-27T14:42:51.999000+00:00,0,1,62,32,2023-05-27 14:42:51.999000+00:00,2023-05-27T14:42:51.935000+00:00,-811,-862,633,17
2023-05-27T14:42:52.439000+00:00,0,1,76,57,2023-05-27 14:42:52.439000+00:00,2023-05-27T14:42:52.455000+00:00,-885,-782,623,17
2023-05-27T14:42:52.639000+00:00,0,1,86,72,2023-05-27 14:42:52.639000+00:00,2023-05-27T14:42:52.774000+00:00,-934,-732,617,17
2023-05-27T14:42:52.999000+00:00,100,2,103,0,2023-05-27 14:42:52.999000+00:00,2023-05-27T14:42:52.934000+00:00,-963,-699,614,17
2023-05-27T14:42:53.159000+00:00,100,2,103,0,2023-05-27 14:42:53.159000+00:00,2023-05-27T14:42:53.214000+00:00,-1006,-636,609,17
2023-05-27T14:42:53.399000+00:00,100,2,98,0,2023-05-27 14:42:53.399000+00:00,2023-05-27T14:42:53.374000+00:00,-1021,-598,608,17
2023-05-27T14:42:53.559000+00:00,0,2,90,0,2023-05-27 14:42:53.559000+00:00,2023-05-27T14:42:53.695000+00:00,-1028,-516,604,17
2023-05-27T14:42:53.879000+00:00,0,2,90,0,2023-05-27 14:42:53.879000+00:00,2023-05-27T14:42:53.895000+00:00,-1004,-445,596,17
2023-05-27T14:42:54.119000+00:00,0,2,84,5,2023-05-27 14:42:54.119000+00:00,2023-05-27T14:42:54.315000+00:00,-964,-394,591,17
2023-05-27T14:42:54.319000+00:00,0,2,84,8,2023-05-27 14:42:54.319000+00:00,2023-05-27T14:42:54.315000+00:00,-964,-394,591,17
2023-05-27T14:42:54.720000+00:00,0,2,85,36,2023-05-27 14:42:54.720000+00:00,2023-05-27T14:42:54.655000+00:00,-870,-325,582,17
2023-05-27T14:42:54.880000+00:00,0,2,88,40,2023-05-27 14:42:54.880000+00:00,2023-05-27T14:42:55.095000+00:00,-803,-289,573,17
2023-05-27T14:42:55.120000+00:00,0,2,92,41,2023-05-27 14:42:55.120000+00:00,2023-05-27T14:42:55.095000+00:00,-803,-289,573,17
2023-05-27T14:42:55.400000+00:00,0,2,103,79,2023-05-27 14:42:55.400000+00:00,2023-05-27T14:42:55.415000+00:00,-724,-254,567,17
2023-05-27T14:42:55.600000+00:00,0,2,113,100,2023-05-27 14:42:55.600000+00:00,2023-05-27T14:42:55.655000+00:00,-656,-227,562,17
2023-05-27T14:42:55.840000+00:00,0,2,126,92,2023-05-27 14:42:55.840000+00:00,2023-05-27T14:42:55.815000+00:00,-605,-208,560,17
2023-05-27T14:42:56.040000+00:00,100,2,127,0,2023-05-27 14:42:56.040000+00:00,2023-05-27T14:42:56.155000+00:00,-491,-177,555,17
2023-05-27T14:42:56.360000+00:00,100,2,112,0,2023-05-27 14:42:56.360000+00:00,2023-05-27T14:42:56.435000+00:00,-406,-168,551,17
2023-05-27T14:42:56.760000+00:00,100,2,99,0,2023-05-27 14:42:56.760000+00:00,2023-05-27T14:42:56.595000+00:00,-362,-171,549,17
2023-05-27T14:42:56.960000+00:00,100,2,93,0,2023-05-27 14:42:56.960000+00:00,2023-05-27T14:42:56.955000+00:00,-282,-210,546,17
2023-05-27T14:42:57.319000+00:00,0,2,84,0,2023-05-27 14:42:57.319000+00:00,2023-05-27T14:42:57.235000+00:00,-242,-267,545,17
2023-05-27T14:42:57.599000+00:00,0,2,83,30,2023-05-27 14:42:57.599000+00:00,2023-05-27T14:42:57.615000+00:00,-206,-367,545,17
2023-05-27T14:42:57.879000+00:00,0,2,90,47,2023-05-27 14:42:57.879000+00:00,2023-05-27T14:42:57.935000+00:00,-194,-430,545,17
2023-05-27T14:42:58.079000+00:00,0,2,94,55,2023-05-27 14:42:58.079000+00:00,2023-05-27T14:42:58.155000+00:00,-188,-487,545,17
2023-05-27T14:42:58.359000+00:00,0,2,99,61,2023-05-27 14:42:58.359000+00:00,2023-05-27T14:42:58.455000+00:00,-186,-534,545,17
2023-05-27T14:42:58.799000+00:00,0,2,123,100,2023-05-27 14:42:58.799000+00:00,2023-05-27T14:42:58.735000+00:00,-185,-610,545,17
2023-05-27T14:42:58.959000+00:00,0,3,128,100,2023-05-27 14:42:58.959000+00:00,2023-05-27T14:42:59.055000+00:00,-191,-724,545,17
2023-05-27T14:42:59.279000+00:00,0,3,151,100,2023-05-27 14:42:59.279000+00:00,2023-05-27T14:42:59.254000+00:00,-198,-803,545,17
2023-05-27T14:42:59.479000+00:00,0,3,162,100,2023-05-27 14:42:59.479000+00:00,2023-05-27T14:42:59.314000+00:00,-201,-828,545,17
2023-05-27T14:42:59.639000+00:00,0,3,166,100,2023-05-27 14:42:59.639000+00:00,2023-05-27T14:42:59.694000+00:00,-220,-998,543,17
2023-05-27T14:42:59.799000+00:00,0,4,176,100,2023-05-27 14:42:59.799000+00:00,2023-05-27T14:42:59.854000+00:00,-235,-1134,543,17
2023-05-27T14:42:59.959000+00:00,0,4,176,100,2023-05-27 14:42:59.959000+00:00,2023-05-27T14:42:59.854000+00:00,-235,-1134,543,17
2023-05-27T14:43:00.159000+00:00,0,4,188,100,2023-05-27 14:43:00.159000+00:00,2023-05-27T14:43:00.175000+00:00,-248,-1248,543,17
2023-05-27T14:43:00.439000+00:00,0,4,199,100,2023-05-27 14:43:00.439000+00:00,2023-05-27T14:43:00.395000+00:00,-261,-1367,543,17
2023-05-27T14:43:00.879000+00:00,0,5,212,100,2023-05-27 14:43:00.879000+00:00,2023-05-27T14:43:00.975000+00:00,-300,-1689,542,17
2023-05-27T14:43:01.200000+00:00,0,5,224,100,2023-05-27 14:43:01.200000+00:00,2023-05-27T14:43:01.155000+00:00,-323,-1796,542,17
2023-05-27T14:43:01.400000+00:00,0,5,228,100,2023-05-27 14:43:01.400000+00:00,2023-05-27T14:43:01.415000+00:00,-366,-1952,542,17
2023-05-27T14:43:01.680000+00:00,0,5,235,100,2023-05-27 14:43:01.680000+00:00,2023-05-27T14:43:01.635000+00:00,-409,-2085,541,17
2023-05-27T14:43:01.920000+00:00,0,6,240,100,2023-05-27 14:43:01.920000+00:00,2023-05-27T14:43:01.835000+00:00,-453,-2209,541,17
2023-05-27T14:43:02.080000+00:00,0,6,243,100,2023-05-27 14:43:02.080000+00:00,2023-05-27T14:43:02.155000+00:00,-566,-2498,541,17
2023-05-27T14:43:02.440000+00:00,0,6,247,100,2023-05-27 14:43:02.440000+00:00,2023-05-27T14:43:02.555000+00:00,-637,-2660,541,17
2023-05-27T14:43:02.600000+00:00,0,6,252,100,2023-05-27 14:43:02.600000+00:00,2023-05-27T14:43:02.555000+00:00,-637,-2660,541,17
2023-05-27T14:43:02.880000+00:00,0,6,257,100,2023-05-27 14:43:02.880000+00:00,2023-05-27T14:43:02.935000+00:00,-758,-2899,541,17
2023-05-27T14:43:03.160000+00:00,0,6,259,100,2023-05-27 14:43:03.160000+00:00,2023-05-27T14:43:03.095000+00:00,-910,-3117,542,17
2023-05-27T14:43:03.440000+00:00,0,7,262,100,2023-05-27 14:43:03.440000+00:00,2023-05-27T14:43:03.475000+00:00,-1031,-3243,543,17
2023-05-27T14:43:03.680000+00:00,0,7,265,100,2023-05-27 14:43:03.680000+00:00,2023-05-27T14:43:03.675000+00:00,-1144,-3336,542,17
2023-05-27T14:43:03.999000+00:00,0,7,268,100,2023-05-27 14:43:03.999000+00:00,2023-05-27T14:43:04.075000+00:00,-1401,-3488,541,17
2023-05-27T14:43:04.199000+00:00,0,7,270,100,2023-05-27 14:43:04.199000+00:00,2023-05-27T14:43:04.075000+00:00,-1401,-3488,541,17
2023-05-27T14:43:04.399000+00:00,0,7,272,100,2023-05-27 14:43:04.399000+00:00,2023-05-27T14:43:04.395000+00:00,-1620,-3592,540,17
2023-05-27T14:43:04.799000+00:00,0,7,275,100,2023-05-27 14:43:04.799000+00:00,2023-05-27T14:43:04.855000+00:00,-2002,-3782,541,17
2023-05-27T14:43:04.959000+00:00,0,7,277,100,2023-05-27 14:43:04.959000+00:00,2023-05-27T14:43:04.855000+00:00,-2002,-3782,541,17
2023-05-27T14:43:05.159000+00:00,0,7,278,100,2023-05-27 14:43:05.159000+00:00,2023-05-27T14:43:05.215000+00:00,-2182,-3873,541,17
2023-05-27T14:43:05.359000+00:00,0,7,280,100,2023-05-27 14:43:05.359000+00:00,2023-05-27T14:43:05.355000+00:00,-2280,-3921,541,17
2023-05-27T14:43:05.719000+00:00,0,7,282,100,2023-05-27 14:43:05.719000+00:00,2023-05-27T14:43:05.834000+00:00,-2621,-4074,543,17
2023-05-27T14:43:05.999000+00:00,0,7,286,100,2023-05-27 14:43:05.999000+00:00,2023-05-27T14:43:06.134000+00:00,-2919,-4184,542,17
2023-05-27T14:43:06.319000+00:00,0,7,287,100,2023-05-27 14:43:06.319000+00:00,2023-05-27T14:43:06.134000+00:00,-2919,-4184,542,17
2023-05-27T14:43:06.639000+00:00,100,7,281,0,2023-05-27 14:43:06.639000+00:00,2023-05-27T14:43:06.554000+00:00,-3282,-4279,533,17
2023-05-27T14:43:06.919000+00:00,100,7,242,0,2023-05-27 14:43:06.919000+00:00,2023-05-27T14:43:06.855000+00:00,-3392,-4299,529,17
2023-05-27T14:43:07.199000+00:00,100,7,207,0,2023-05-27 14:43:07.199000+00:00,2023-05-27T14:43:07.315000+00:00,-3654,-4333,516,17
2023-05-27T14:43:07.559000+00:00,100,5,189,0,2023-05-27 14:43:07.559000+00:00,2023-05-27T14:43:07.575000+00:00,-3785,-4346,510,17
2023-05-27T14:43:07.800000+00:00,100,3,151,0,2023-05-27 14:43:07.800000+00:00,2023-05-27T14:43:07.795000+00:00,-3914,-4360,503,17
2023-05-27T14:43:08+00:00,100,3,143,0,2023-05-27 14:43:08+00:00,2023-05-27T14:43:08.195000+00:00,-4031,-4377,499,17
2023-05-27T14:43:08.400000+00:00,100,2,112,0,2023-05-27 14:43:08.400000+00:00,2023-05-27T14:43:08.375000+00:00,-4083,-4391,497,17
2023-05-27T14:43:08.600000+00:00,100,2,103,0,2023-05-27 14:43:08.600000+00:00,2023-05-27T14:43:08.575000+00:00,-4162,-4442,492,17
2023-05-27T14:43:08.760000+00:00,100,2,99,0,2023-05-27 14:43:08.760000+00:00,2023-05-27T14:43:08.915000+00:00,-4197,-4500,492,17
2023-05-27T14:43:09.200000+00:00,0,2,87,1,2023-05-27 14:43:09.200000+00:00,2023-05-27T14:43:09.295000+00:00,-4248,-4585,490,17
2023-05-27T14:43:09.600000+00:00,100,2,78,0,2023-05-27 14:43:09.600000+00:00,2023-05-27T14:43:09.535000+00:00,-4287,-4620,490,17
2023-05-27T14:43:09.840000+00:00,0,2,75,0,2023-05-27 14:43:09.840000+00:00,2023-05-27T14:43:09.875000+00:00,-4352,-4646,490,17
2023-05-27T14:43:10.280000+00:00,0,2,66,21,2023-05-27 14:43:10.280000+00:00,2023-05-27T14:43:10.375000+00:00,-4446,-4649,490,17
2023-05-27T14:43:10.479000+00:00,0,2,68,26,2023-05-27 14:43:10.479000+00:00,2023-05-27T14:43:10.375000+00:00,-4446,-4649,490,17
2023-05-27T14:43:10.639000+00:00,0,2,70,38,2023-05-27 14:43:10.639000+00:00,2023-05-27T14:43:10.735000+00:00,-4520,-4637,490,17
2023-05-27T14:43:10.839000+00:00,0,2,75,42,2023-05-27 14:43:10.839000+00:00,2023-05-27T14:43:10.735000+00:00,-4520,-4637,490,17
2023-05-27T14:43:11.039000+00:00,0,2,83,57,2023-05-27 14:43:11.039000+00:00,2023-05-27T14:43:11.115000+00:00,-4623,-4611,489,17
2023-05-27T14:43:11.319000+00:00,0,2,98,82,2023-05-27 14:43:11.319000+00:00,2023-05-27T14:43:11.455000+00:00,-4689,-4601,490,17
2023-05-27T14:43:11.719000+00:00,0,2,120,100,2023-05-27 14:43:11.719000+00:00,2023-05-27T14:43:11.795000+00:00,-4827,-4606,490,17
2023-05-27T14:43:11.879000+00:00,0,3,131,100,2023-05-27 14:43:11.879000+00:00,2023-05-27T14:43:11.795000+00:00,-4827,-4606,490,17
2023-05-27T14:43:12.159000+00:00,0,3,143,100,2023-05-27 14:43:12.159000+00:00,2023-05-27T14:43:12.115000+00:00,-4911,-4618,489,17
2023-05-27T14:43:12.319000+00:00,0,3,153,100,2023-05-27 14:43:12.319000+00:00,2023-05-27T14:43:12.275000+00:00,-4977,-4628,489,17
2023-05-27T14:43:12.599000+00:00,0,4,168,100,2023-05-27 14:43:12.599000+00:00,2023-05-27T14:43:12.594000+00:00,-5183,-4659,489,17
2023-05-27T14:43:12.919000+00:00,0,4,181,100,2023-05-27 14:43:12.919000+00:00,2023-05-27T14:43:12.894000+00:00,-5262,-4670,489,17
2023-05-27T14:43:13.239000+00:00,0,4,192,100,2023-05-27 14:43:13.239000+00:00,2023-05-27T14:43:13.315000+00:00,-5492,-4699,489,17
2023-05-27T14:43:13.399000+00:00,0,4,199,100,2023-05-27 14:43:13.399000+00:00,2023-05-27T14:43:13.315000+00:00,-5492,-4699,489,17
2023-05-27T14:43:13.639000+00:00,0,5,205,100,2023-05-27 14:43:13.639000+00:00,2023-05-27T14:43:13.495000+00:00,-5591,-4711,490,17
2023-05-27T14:43:13.879000+00:00,0,5,214,100,2023-05-27 14:43:13.879000+00:00,2023-05-27T14:43:13.835000+00:00,-5787,-4734,490,17
2023-05-27T14:43:14.200000+00:00,0,5,223,100,2023-05-27 14:43:14.200000+00:00,2023-05-27T14:43:14.295000+00:00,-6054,-4761,490,17
2023-05-27T14:43:14.680000+00:00,100,5,233,0,2023-05-27 14:43:14.680000+00:00,2023-05-27T14:43:14.675000+00:00,-6349,-4784,489,17
2023-05-27T14:43:14.880000+00:00,100,5,214,0,2023-05-27 14:43:14.880000+00:00,2023-05-27T14:43:14.975000+00:00,-6470,-4792,490,17
2023-05-27T14:43:15.240000+00:00,100,5,190,0,2023-05-27 14:43:15.240000+00:00,2023-05-27T14:43:15.295000+00:00,-6681,-4826,491,17
2023-05-27T14:43:15.480000+00:00,100,4,176,4,2023-05-27 14:43:15.480000+00:00,2023-05-27T14:43:15.615000+00:00,-6770,-4873,490,17
2023-05-27T14:43:15.640000+00:00,0,4,173,11,2023-05-27 14:43:15.640000+00:00,2023-05-27T14:43:15.615000+00:00,-6770,-4873,490,17
2023-05-27T14:43:15.880000+00:00,0,4,169,45,2023-05-27 14:43:15.880000+00:00,2023-05-27T14:43:15.795000+00:00,-6837,-4927,488,17
2023-05-27T14:43:16.200000+00:00,0,4,169,57,2023-05-27 14:43:16.200000+00:00,2023-05-27T14:43:16.115000+00:00,-6962,-5073,486,17
2023-05-27T14:43:16.480000+00:00,0,4,176,100,2023-05-27 14:43:16.480000+00:00,2023-05-27T14:43:16.555000+00:00,-7053,-5223,484,17
2023-05-27T14:43:16.640000+00:00,0,4,179,100,2023-05-27 14:43:16.640000+00:00,2023-05-27T14:43:16.615000+00:00,-7066,-5250,483,17
2023-05-27T14:43:16.920000+00:00,0,4,190,100,2023-05-27 14:43:16.920000+00:00,2023-05-27T14:43:16.955000+00:00,-7141,-5446,483,17
2023-05-27T14:43:17.160000+00:00,0,4,197,100,2023-05-27 14:43:17.160000+00:00,2023-05-27T14:43:17.195000+00:00,-7163,-5531,483,17
2023-05-27T14:43:17.399000+00:00,0,5,206,100,2023-05-27 14:43:17.399000+00:00,2023-05-27T14:43:17.555000+00:00,-7200,-5741,482,17
2023-05-27T14:43:17.599000+00:00,0,5,212,100,2023-05-27 14:43:17.599000+00:00,2023-05-27T14:43:17.555000+00:00,-7200,-5741,482,17
2023-05-27T14:43:17.959000+00:00,0,5,217,100,2023-05-27 14:43:17.959000+00:00,2023-05-27T14:43:17.875000+00:00,-7218,-5932,482,17
2023-05-27T14:43:18.199000+00:00,0,5,226,100,2023-05-27 14:43:18.199000+00:00,2023-05-27T14:43:18.295000+00:00,-7212,-6189,482,17
2023-05-27T14:43:18.399000+00:00,0,5,228,100,2023-05-27 14:43:18.399000+00:00,2023-05-27T14:43:18.495000+00:00,-7184,-6303,481,17
2023-05-27T14:43:18.719000+00:00,0,6,233,100,2023-05-27 14:43:18.719000+00:00,2023-05-27T14:43:18.755000+00:00,-7099,-6428,480,17
2023-05-27T14:43:18.879000+00:00,0,6,236,100,2023-05-27 14:43:18.879000+00:00,2023-05-27T14:43:18.914000+00:00,-7016,-6521,480,17
2023-05-27T14:43:19.079000+00:00,0,6,239,100,2023-05-27 14:43:19.079000+00:00,2023-05-27T14:43:19.074000+00:00,-6971,-6613,481,17
2023-05-27T14:43:19.439000+00:00,0,6,245,100,2023-05-27 14:43:19.439000+00:00,2023-05-27T14:43:19.434000+00:00,-6872,-6924,479,17
2023-05-27T14:43:19.679000+00:00,0,6,248,100,2023-05-27 14:43:19.679000+00:00,2023-05-27T14:43:19.774000+00:00,-6809,-7184,479,17
2023-05-27T14:43:19.959000+00:00,100,6,245,38,2023-05-27 14:43:19.959000+00:00,2023-05-27T14:43:20.095000+00:00,-6789,-7298,479,17
2023-05-27T14:43:20.199000+00:00,100,6,211,0,2023-05-27 14:43:20.199000+00:00,2023-05-27T14:43:20.095000+00:00,-6789,-7298,479,17
2023-05-27T14:43:20.599000+00:00,100,5,176,0,2023-05-27 14:43:20.599000+00:00,2023-05-27T14:43:20.475000+00:00,-6761,-7519,479,17
2023-05-27T14:43:20.760000+00:00,100,4,167,0,2023-05-27 14:43:20.760000+00:00,2023-05-27T14:43:20.855000+00:00,-6745,-7738,479,17
2023-05-27T14:43:20.920000+00:00,100,4,158,0,2023-05-27 14:43:20.920000+00:00,2023-05-27T14:43:20.855000+00:00,-6745,-7738,479,17
2023-05-27T14:43:21.120000+00:00,100,4,149,0,2023-05-27 14:43:21.120000+00:00,2023-05-27T14:43:21.235000+00:00,-6748,-7836,479,17
2023-05-27T14:43:21.400000+00:00,100,4,142,0,2023-05-27 14:43:21.400000+00:00,2023-05-27T14:43:21.475000+00:00,-6765,-7922,479,17
2023-05-27T14:43:21.680000+00:00,0,4,135,16,2023-05-27 14:43:21.680000+00:00,2023-05-27T14:43:21.655000+00:00,-6827,-7996,479,17
2023-05-27T14:43:22+00:00,0,4,133,3,2023-05-27 14:43:22+00:00,2023-05-27T14:43:21.995000+00:00,-6887,-8072,479,17
2023-05-27T14:43:22.200000+00:00,0,4,127,14,2023-05-27 14:43:22.200000+00:00,2023-05-27T14:43:22.255000+00:00,-6899,-8164,479,17
2023-05-27T14:43:22.480000+00:00,0,4,129,14,2023-05-27 14:43:22.480000+00:00,2023-05-27T14:43:22.415000+00:00,-6896,-8222,478,17
2023-05-27T14:43:22.800000+00:00,0,4,135,89,2023-05-27 14:43:22.800000+00:00,2023-05-27T14:43:22.775000+00:00,-6874,-8354,477,17
2023-05-27T14:43:23+00:00,0,4,143,100,2023-05-27 14:43:23+00:00,2023-05-27T14:43:22.995000+00:00,-6853,-8436,476,17
2023-05-27T14:43:23.280000+00:00,0,4,156,100,2023-05-27 14:43:23.280000+00:00,2023-05-27T14:43:23.235000+00:00,-6822,-8530,476,17
2023-05-27T14:43:23.560000+00:00,0,4,160,100,2023-05-27 14:43:23.560000+00:00,2023-05-27T14:43:23.495000+00:00,-6779,-8638,477,17
2023-05-27T14:43:23.880000+00:00,0,4,181,100,2023-05-27 14:43:23.880000+00:00,2023-05-27T14:43:23.875000+00:00,-6695,-8800,478,17
2023-05-27T14:43:24.039000+00:00,0,4,186,100,2023-05-27 14:43:24.039000+00:00,2023-05-27T14:43:24.175000+00:00,-6611,-8925,478,17
2023-05-27T14:43:24.319000+00:00,0,4,195,100,2023-05-27 14:43:24.319000+00:00,2023-05-27T14:43:24.355000+00:00,-6550,-9001,477,17
2023-05-27T14:43:24.559000+00:00,0,4,198,100,2023-05-27 14:43:24.559000+00:00,2023-05-27T14:43:24.555000+00:00,-6475,-9081,478,17
2023-05-27T14:43:24.799000+00:00,100,4,192,0,2023-05-27 14:43:24.799000+00:00,2023-05-27T14:43:24.835000+00:00,-6356,-9174,479,17
2023-05-27T14:43:25.159000+00:00,100,4,166,0,2023-05-27 14:43:25.159000+00:00,2023-05-27T14:43:25.095000+00:00,-6242,-9239,476,17
2023-05-27T14:43:25.359000+00:00,100,4,156,0,2023-05-27 14:43:25.359000+00:00,2023-05-27T14:43:25.415000+00:00,-6123,-9303,480,17
2023-05-27T14:43:25.559000+00:00,100,4,130,0,2023-05-27 14:43:25.559000+00:00,2023-05-27T14:43:25.574000+00:00,-6073,-9332,481,17
2023-05-27T14:43:25.839000+00:00,100,2,107,0,2023-05-27 14:43:25.839000+00:00,2023-05-27T14:43:25.794000+00:00,-6016,-9371,482,17
2023-05-27T14:43:26.239000+00:00,100,2,89,0,2023-05-27 14:43:26.239000+00:00,2023-05-27T14:43:26.254000+00:00,-5942,-9460,483,17
2023-05-27T14:43:26.559000+00:00,100,2,79,0,2023-05-27 14:43:26.559000+00:00,2023-05-27T14:43:26.575000+00:00,-5929,-9534,485,17
2023-05-27T14:43:26.759000+00:00,100,2,75,0,2023-05-27 14:43:26.759000+00:00,2023-05-27T14:43:26.855000+00:00,-5937,-9592,487,17
2023-05-27T14:43:27.039000+00:00,0,2,68,0,2023-05-27 14:43:27.039000+00:00,2023-05-27T14:43:27.035000+00:00,-5947,-9621,487,17
2023-05-27T14:43:27.239000+00:00,0,2,64,0,2023-05-27 14:43:27.239000+00:00,2023-05-27T14:43:27.195000+00:00,-5959,-9647,488,17
2023-05-27T14:43:27.600000+00:00,0,2,60,16,2023-05-27 14:43:27.600000+00:00,2023-05-27T14:43:27.635000+00:00,-6007,-9702,490,17
2023-05-27T14:43:27.840000+00:00,0,2,62,20,2023-05-27 14:43:27.840000+00:00,2023-05-27T14:43:27.875000+00:00,-6052,-9726,492,17
2023-05-27T14:43:28.240000+00:00,0,2,72,47,2023-05-27 14:43:28.240000+00:00,2023-05-27T14:43:28.155000+00:00,-6091,-9739,495,17
2023-05-27T14:43:28.480000+00:00,0,2,83,64,2023-05-27 14:43:28.480000+00:00,2023-05-27T14:43:28.375000+00:00,-6135,-9751,497,17
2023-05-27T14:43:28.880000+00:00,0,2,103,88,2023-05-27 14:43:28.880000+00:00,2023-05-27T14:43:28.775000+00:00,-6227,-9763,502,17
2023-05-27T14:43:29.320000+00:00,100,2,123,0,2023-05-27 14:43:29.320000+00:00,2023-05-27T14:43:29.195000+00:00,-6354,-9772,508,17
2023-05-27T14:43:29.720000+00:00,100,2,104,0,2023-05-27 14:43:29.720000+00:00,2023-05-27T14:43:29.535000+00:00,-6495,-9771,515,17
2023-05-27T14:43:29.960000+00:00,100,2,97,0,2023-05-27 14:43:29.960000+00:00,2023-05-27T14:43:29.955000+00:00,-6583,-9760,518,17
2023-05-27T14:43:30.320000+00:00,0,2,87,0,2023-05-27 14:43:30.320000+00:00,2023-05-27T14:43:30.475000+00:00,-6700,-9721,520,17
2023-05-27T14:43:30.520000+00:00,0,2,85,14,2023-05-27 14:43:30.520000+00:00,2023-05-27T14:43:30.475000+00:00,-6700,-9721,520,17
2023-05-27T14:43:30.759000+00:00,0,2,84,12,2023-05-27 14:43:30.759000+00:00,2023-05-27T14:43:30.735000+00:00,-6743,-9681,518,17
2023-05-27T14:43:30.999000+00:00,0,2,84,32,2023-05-27 14:43:30.999000+00:00,2023-05-27T14:43:30.855000+00:00,-6758,-9658,516,17
2023-05-27T14:43:31.159000+00:00,0,2,88,35,2023-05-27 14:43:31.159000+00:00,2023-05-27T14:43:31.175000+00:00,-6796,-9555,511,17
2023-05-27T14:43:31.599000+00:00,0,2,112,100,2023-05-27 14:43:31.599000+00:00,2023-05-27T14:43:31.535000+00:00,-6810,-9488,510,17
2023-05-27T14:43:31.839000+00:00,0,2,118,100,2023-05-27 14:43:31.839000+00:00,2023-05-27T14:43:31.855000+00:00,-6833,-9386,507,17
2023-05-27T14:43:32.159000+00:00,0,3,141,100,2023-05-27 14:43:32.159000+00:00,2023-05-27T14:43:32.154000+00:00,-6870,-9280,506,17
2023-05-27T14:43:32.599000+00:00,0,4,162,100,2023-05-27 14:43:32.599000+00:00,2023-05-27T14:43:32.634000+00:00,-6976,-9101,503,17
2023-05-27T14:43:32.959000+00:00,0,4,181,100,2023-05-27 14:43:32.959000+00:00,2023-05-27T14:43:32.854000+00:00,-7037,-9014,504,17
2023-05-27T14:43:33.199000+00:00,0,4,186,100,2023-05-27 14:43:33.199000+00:00,2023-05-27T14:43:33.195000+00:00,-7137,-8859,504,17
2023-05-27T14:43:33.439000+00:00,0,4,201,100,2023-05-27 14:43:33.439000+00:00,2023-05-27T14:43:33.455000+00:00,-7200,-8731,504,17
2023-05-27T14:43:33.679000+00:00,0,5,211,100,2023-05-27 14:43:33.679000+00:00,2023-05-27T14:43:33.615000+00:00,-7232,-8657,503,17
2023-05-27T14:43:33.879000+00:00,0,5,215,100,2023-05-27 14:43:33.879000+00:00,2023-05-27T14:43:33.815000+00:00,-7273,-8546,502,17
2023-05-27T14:43:34.120000+00:00,0,5,223,100,2023-05-27 14:43:34.120000+00:00,2023-05-27T14:43:34.075000+00:00,-7349,-8312,503,17
2023-05-27T14:43:34.400000+00:00,0,6,230,100,2023-05-27 14:43:34.400000+00:00,2023-05-27T14:43:34.455000+00:00,-7414,-8089,503,17
2023-05-27T14:43:34.680000+00:00,0,6,240,100,2023-05-27 14:43:34.680000+00:00,2023-05-27T14:43:34.735000+00:00,-7443,-7986,502,17
2023-05-27T14:43:35.040000+00:00,0,6,247,100,2023-05-27 14:43:35.040000+00:00,2023-05-27T14:43:34.995000+00:00,-7489,-7816,502,17
2023-05-27T14:43:35.240000+00:00,0,6,252,100,2023-05-27 14:43:35.240000+00:00,2023-05-27T14:43:35.255000+00:00,-7534,-7641,502,17
2023-05-27T14:43:35.560000+00:00,0,6,258,100,2023-05-27 14:43:35.560000+00:00,2023-05-27T14:43:35.595000+00:00,-7585,-7405,502,17
2023-05-27T14:43:35.880000+00:00,0,6,265,100,2023-05-27 14:43:35.880000+00:00,2023-05-27T14:43:35.815000+00:00,-7610,-7247,503,17
2023-05-27T14:43:36.040000+00:00,0,7,265,100,2023-05-27 14:43:36.040000+00:00,2023-05-27T14:43:36.035000+00:00,-7628,-7086,503,17
2023-05-27T14:43:36.240000+00:00,0,7,270,100,2023-05-27 14:43:36.240000+00:00,2023-05-27T14:43:36.335000+00:00,-7653,-6757,502,17
2023-05-27T14:43:36.640000+00:00,0,7,276,11,2023-05-27 14:43:36.640000+00:00,2023-05-27T14:43:36.595000+00:00,-7659,-6665,502,17
2023-05-27T14:43:36.960000+00:00,0,7,268,0,2023-05-27 14:43:36.960000+00:00,2023-05-27T14:43:36.935000+00:00,-7674,-6409,503,17
2023-05-27T14:43:37.160000+00:00,0,7,263,0,2023-05-27 14:43:37.160000+00:00,2023-05-27T14:43:37.115000+00:00,-7681,-6277,503,17
2023-05-27T14:43:37.559000+00:00,100,7,253,0,2023-05-27 14:43:37.559000+00:00,2023-05-27T14:43:37.775000+00:00,-7655,-5816,503,17
2023-05-27T14:43:37.879000+00:00,100,7,231,0,2023-05-27 14:43:37.879000+00:00,2023-05-27T14:43:37.955000+00:00,-7643,-5701,503,17
2023-05-27T14:43:38.039000+00:00,100,7,225,0,2023-05-27 14:43:38.039000+00:00,2023-05-27T14:43:37.955000+00:00,-7643,-5701,503,17
2023-05-27T14:43:38.279000+00:00,100,7,203,0,2023-05-27 14:43:38.279000+00:00,2023-05-27T14:43:38.335000+00:00,-7610,-5478,514,17
2023-05-27T14:43:38.559000+00:00,100,7,188,0,2023-05-27 14:43:38.559000+00:00,2023-05-27T14:43:38.575000+00:00,-7572,-5287,520,17
2023-05-27T14:43:38.719000+00:00,100,6,173,0,2023-05-27 14:43:38.719000+00:00,2023-05-27T14:43:38.575000+00:00,-7572,-5287,520,17
2023-05-27T14:43:38.999000+00:00,100,5,153,0,2023-05-27 14:43:38.999000+00:00,2023-05-27T14:43:38.934000+00:00,-7549,-5187,521,17
2023-05-27T14:43:39.359000+00:00,100,4,136,0,2023-05-27 14:43:39.359000+00:00,2023-05-27T14:43:39.334000+00:00,-7506,-5027,524,17
2023-05-27T14:43:39.679000+00:00,100,3,121,0,2023-05-27 14:43:39.679000+00:00,2023-05-27T14:43:39.555000+00:00,-7482,-4946,527,17
2023-05-27T14:50:24.321000+00:00,0,5,205,100,2023-05-27 14:50:24.321000+00:00,2023-05-27T14:50:24.435000+00:00,-7332,-8367,503,20
2023-05-27T14:50:24.561000+00:00,0,5,212,100,2023-05-27 14:50:24.561000+00:00,2023-05-27T14:50:24.435000+00:00,-7332,-8367,503,20
2023-05-27T14:50:24.801000+00:00,0,5,225,100,2023-05-27 14:50:24.801000+00:00,2023-05-27T14:50:24.795000+00:00,-7375,-8225,503,20
2023-05-27T14:50:25.001000+00:00,0,5,230,100,2023-05-27 14:50:25.001000+00:00,2023-05-27T14:50:25.035000+00:00,-7417,-8079,503,20
2023-05-27T14:50:25.201000+00:00,0,5,236,100,2023-05-27 14:50:25.201000+00:00,2023-05-27T14:50:25.095000+00:00,-7428,-8041,502,20
2023-05-27T14:50:25.401000+00:00,0,6,238,100,2023-05-27 14:50:25.401000+00:00,2023-05-27T14:50:25.315000+00:00,-7466,-7902,502,20
2023-05-27T14:50:25.761000+00:00,0,6,248,100,2023-05-27 14:50:25.761000+00:00,2023-05-27T14:50:25.735000+00:00,-7538,-7626,502,20
2023-05-27T14:50:25.961000+00:00,0,6,253,100,2023-05-27 14:50:25.961000+00:00,2023-05-27T14:50:26.034000+00:00,-7582,-7420,502,20
2023-05-27T14:50:26.161000+00:00,0,6,257,100,2023-05-27 14:50:26.161000+00:00,2023-05-27T14:50:26.214000+00:00,-7603,-7294,503,20
2023-05-27T14:50:26.361000+00:00,0,6,260,100,2023-05-27 14:50:26.361000+00:00,2023-05-27T14:50:26.454000+00:00,-7625,-7115,503,20
2023-05-27T14:50:26.601000+00:00,0,7,263,100,2023-05-27 14:50:26.601000+00:00,2023-05-27T14:50:26.634000+00:00,-7638,-6970,502,20
2023-05-27T14:50:26.881000+00:00,0,7,272,100,2023-05-27 14:50:26.881000+00:00,2023-05-27T14:50:26.834000+00:00,-7649,-6820,502,20
2023-05-27T14:50:27.041000+00:00,0,7,272,100,2023-05-27 14:50:27.041000+00:00,2023-05-27T14:50:27.094000+00:00,-7662,-6620,502,20
2023-05-27T14:50:27.320000+00:00,0,7,278,100,2023-05-27 14:50:27.320000+00:00,2023-05-27T14:50:27.294000+00:00,-7676,-6389,503,20
2023-05-27T14:50:27.720000+00:00,0,7,283,100,2023-05-27 14:50:27.720000+00:00,2023-05-27T14:50:27.675000+00:00,-7678,-6155,503,20
2023-05-27T14:50:28.160000+00:00,100,7,287,58,2023-05-27 14:50:28.160000+00:00,2023-05-27T14:50:28.115000+00:00,-7646,-5728,503,20
2023-05-27T14:50:28.321000+00:00,100,7,278,0,2023-05-27 14:50:28.321000+00:00,2023-05-27T14:50:28.495000+00:00,-7620,-5538,513,20
2023-05-27T14:50:28.481000+00:00,100,7,256,0,2023-05-27 14:50:28.481000+00:00,2023-05-27T14:50:28.495000+00:00,-7620,-5538,513,20
2023-05-27T14:50:28.641000+00:00,100,7,245,0,2023-05-27 14:50:28.641000+00:00,2023-05-27T14:50:28.735000+00:00,-7592,-5379,515,20
2023-05-27T14:50:28.801000+00:00,100,7,222,0,2023-05-27 14:50:28.801000+00:00,2023-05-27T14:50:28.735000+00:00,-7592,-5379,515,20
2023-05-27T14:50:29.041000+00:00,100,6,210,0,2023-05-27 14:50:29.041000+00:00,2023-05-27T14:50:28.935000+00:00,-7548,-5184,521,20
2023-05-27T14:50:29.361000+00:00,100,5,180,0,2023-05-27 14:50:29.361000+00:00,2023-05-27T14:50:29.335000+00:00,-7515,-5056,523,20
2023-05-27T14:50:29.641000+00:00,100,3,149,0,2023-05-27 14:50:29.641000+00:00,2023-05-27T14:50:29.615000+00:00,-7480,-4939,527,20
2023-05-27T14:50:30.001000+00:00,100,3,127,0,2023-05-27 14:50:30.001000+00:00,2023-05-27T14:50:30.175000+00:00,-7407,-4754,535,20
2023-05-27T14:50:30.441000+00:00,0,3,116,3,2023-05-27 14:50:30.441000+00:00,2023-05-27T14:50:30.435000+00:00,-7341,-4680,537,20
2023-05-27T14:50:30.601000+00:00,0,3,115,10,2023-05-27 14:50:30.601000+00:00,2023-05-27T14:50:30.735000+00:00,-7279,-4648,538,20
2023-05-27T14:50:30.841000+00:00,0,3,113,26,2023-05-27 14:50:30.841000+00:00,2023-05-27T14:50:30.915000+00:00,-7223,-4630,541,20
2023-05-27T14:50:31.241000+00:00,0,3,117,67,2023-05-27 14:50:31.241000+00:00,2023-05-27T14:50:31.255000+00:00,-7066,-4602,548,20
2023-05-27T14:50:31.601000+00:00,0,3,130,100,2023-05-27 14:50:31.601000+00:00,2023-05-27T14:50:31.695000+00:00,-6919,-4588,556,20
2023-05-27T14:50:31.761000+00:00,0,3,135,100,2023-05-27 14:50:31.761000+00:00,2023-05-27T14:50:31.695000+00:00,-6919,-4588,556,20
2023-05-27T14:50:32.121000+00:00,0,3,156,100,2023-05-27 14:50:32.121000+00:00,2023-05-27T14:50:32.195000+00:00,-6794,-4577,568,20
2023-05-27T14:50:32.281000+00:00,0,3,166,100,2023-05-27 14:50:32.281000+00:00,2023-05-27T14:50:32.195000+00:00,-6794,-4577,568,20
2023-05-27T14:50:32.681000+00:00,0,4,183,100,2023-05-27 14:50:32.681000+00:00,2023-05-27T14:50:32.714000+00:00,-6515,-4545,591,20
2023-05-27T14:50:32.881000+00:00,0,4,190,100,2023-05-27 14:50:32.881000+00:00,2023-05-27T14:50:32.974000+00:00,-6411,-4526,599,20
2023-05-27T14:50:33.081000+00:00,0,4,197,100,2023-05-27 14:50:33.081000+00:00,2023-05-27T14:50:32.974000+00:00,-6411,-4526,599,20
2023-05-27T14:50:33.281000+00:00,0,4,202,100,2023-05-27 14:50:33.281000+00:00,2023-05-27T14:50:33.294000+00:00,-6193,-4478,618,20
2023-05-27T14:50:33.561000+00:00,0,5,208,100,2023-05-27 14:50:33.561000+00:00,2023-05-27T14:50:33.714000+00:00,-5955,-4420,640,20
2023-05-27T14:50:33.880000+00:00,0,5,219,100,2023-05-27 14:50:33.880000+00:00,2023-05-27T14:50:33.714000+00:00,-5955,-4420,640,20
2023-05-27T14:50:34.040000+00:00,0,5,222,100,2023-05-27 14:50:34.040000+00:00,2023-05-27T14:50:34.055000+00:00,-5789,-4379,655,20
2023-05-27T14:50:34.360000+00:00,0,5,229,100,2023-05-27 14:50:34.360000+00:00,2023-05-27T14:50:34.455000+00:00,-5542,-4316,679,20
2023-05-27T14:50:34.520000+00:00,0,6,233,100,2023-05-27 14:50:34.520000+00:00,2023-05-27T14:50:34.455000+00:00,-5542,-4316,679,20
2023-05-27T14:50:34.760000+00:00,0,6,237,100,2023-05-27 14:50:34.760000+00:00,2023-05-27T14:50:34.855000+00:00,-5300,-4255,702,20
2023-05-27T14:50:35.081000+00:00,0,6,244,100,2023-05-27 14:50:35.081000+00:00,2023-05-27T14:50:35.155000+00:00,-5102,-4219,720,20
2023-05-27T14:50:35.361000+00:00,0,6,248,100,2023-05-27 14:50:35.361000+00:00,2023-05-27T14:50:35.495000+00:00,-4866,-4197,741,20
2023-05-27T14:50:35.641000+00:00,0,6,252,100,2023-05-27 14:50:35.641000+00:00,2023-05-27T14:50:35.755000+00:00,-4687,-4174,759,20
2023-05-27T14:50:35.921000+00:00,0,6,255,100,2023-05-27 14:50:35.921000+00:00,2023-05-27T14:50:35.955000+00:00,-4555,-4140,772,20
2023-05-27T14:50:36.081000+00:00,0,6,258,100,2023-05-27 14:50:36.081000+00:00,2023-05-27T14:50:36.195000+00:00,-4394,-4074,785,20
2023-05-27T14:50:36.281000+00:00,0,6,260,100,2023-05-27 14:50:36.281000+00:00,2023-05-27T14:50:36.195000+00:00,-4394,-4074,785,20
2023-05-27T14:50:36.561000+00:00,0,7,262,100,2023-05-27 14:50:36.561000+00:00,2023-05-27T14:50:36.435000+00:00,-4182,-3966,803,20
2023-05-27T14:50:36.801000+00:00,0,7,265,100,2023-05-27 14:50:36.801000+00:00,2023-05-27T14:50:36.815000+00:00,-3983,-3874,820,20
2023-05-27T14:50:37.001000+00:00,0,7,267,100,2023-05-27 14:50:37.001000+00:00,2023-05-27T14:50:37.015000+00:00,-3845,-3824,831,20
2023-05-27T14:50:37.321000+00:00,0,7,269,100,2023-05-27 14:50:37.321000+00:00,2023-05-27T14:50:37.435000+00:00,-3541,-3749,851,20
2023-05-27T14:50:37.521000+00:00,0,7,270,100,2023-05-27 14:50:37.521000+00:00,2023-05-27T14:50:37.595000+00:00,-3364,-3722,858,20
2023-05-27T14:50:37.721000+00:00,0,7,271,100,2023-05-27 14:50:37.721000+00:00,2023-05-27T14:50:37.835000+00:00,-3184,-3702,862,20
2023-05-27T14:50:37.961000+00:00,100,7,269,10,2023-05-27 14:50:37.961000+00:00,2023-05-27T14:50:37.995000+00:00,-3068,-3687,862,20
2023-05-27T14:50:38.161000+00:00,100,7,258,0,2023-05-27 14:50:38.161000+00:00,2023-05-27T14:50:38.135000+00:00,-2970,-3671,861,20
2023-05-27T14:50:38.441000+00:00,100,7,242,0,2023-05-27 14:50:38.441000+00:00,2023-05-27T14:50:38.435000+00:00,-2692,-3583,862,20
2023-05-27T14:50:38.681000+00:00,100,5,230,0,2023-05-27 14:50:38.681000+00:00,2023-05-27T14:50:38.795000+00:00,-2572,-3514,864,20
2023-05-27T14:50:39.001000+00:00,100,5,216,0,2023-05-27 14:50:39.001000+00:00,2023-05-27T14:50:39.054000+00:00,-2454,-3419,865,20
2023-05-27T14:50:39.281000+00:00,100,4,192,0,2023-05-27 14:50:39.281000+00:00,2023-05-27T14:50:39.154000+00:00,-2416,-3379,866,20
2023-05-27T14:50:39.601000+00:00,100,4,181,0,2023-05-27 14:50:39.601000+00:00,2023-05-27T14:50:39.474000+00:00,-2302,-3187,868,20
2023-05-27T14:50:39.761000+00:00,0,4,179,0,2023-05-27 14:50:39.761000+00:00,2023-05-27T14:50:39.794000+00:00,-2275,-3091,869,20
2023-05-27T14:50:40.001000+00:00,0,4,175,4,2023-05-27 14:50:40.001000+00:00,2023-05-27T14:50:40.134000+00:00,-2263,-2971,871,20
2023-05-27T14:50:40.361000+00:00,0,4,165,40,2023-05-27 14:50:40.361000+00:00,2023-05-27T14:50:40.274000+00:00,-2264,-2906,872,20
2023-05-27T14:50:40.521000+00:00,0,4,166,62,2023-05-27 14:50:40.521000+00:00,2023-05-27T14:50:40.575000+00:00,-2295,-2725,874,20
2023-05-27T14:50:40.760000+00:00,0,4,168,72,2023-05-27 14:50:40.760000+00:00,2023-05-27T14:50:40.795000+00:00,-2316,-2662,882,20
2023-05-27T14:50:40.960000+00:00,0,4,171,72,2023-05-27 14:50:40.960000+00:00,2023-05-27T14:50:41.095000+00:00,-2378,-2532,884,20
2023-05-27T14:50:41.360000+00:00,0,4,173,74,2023-05-27 14:50:41.360000+00:00,2023-05-27T14:50:41.455000+00:00,-2470,-2392,886,20
2023-05-27T14:50:41.761000+00:00,100,4,175,5,2023-05-27 14:50:41.761000+00:00,2023-05-27T14:50:41.675000+00:00,-2539,-2305,885,20
2023-05-27T14:50:41.921000+00:00,100,4,175,0,2023-05-27 14:50:41.921000+00:00,2023-05-27T14:50:41.895000+00:00,-2610,-2219,885,20
2023-05-27T14:50:42.161000+00:00,100,4,155,0,2023-05-27 14:50:42.161000+00:00,2023-05-27T14:50:42.115000+00:00,-2672,-2137,886,20
2023-05-27T14:50:42.401000+00:00,0,4,146,13,2023-05-27 14:50:42.401000+00:00,2023-05-27T14:50:42.375000+00:00,-2723,-2045,889,20
2023-05-27T14:50:42.561000+00:00,0,4,145,18,2023-05-27 14:50:42.561000+00:00,2023-05-27T14:50:42.575000+00:00,-2748,-1943,892,20
2023-05-27T14:50:42.761000+00:00,0,4,143,41,2023-05-27 14:50:42.761000+00:00,2023-05-27T14:50:42.575000+00:00,-2748,-1943,892,20
2023-05-27T14:50:43.161000+00:00,0,4,146,48,2023-05-27 14:50:43.161000+00:00,2023-05-27T14:50:43.135000+00:00,-2715,-1752,895,20
2023-05-27T14:50:43.321000+00:00,0,4,149,59,2023-05-27 14:50:43.321000+00:00,2023-05-27T14:50:43.255000+00:00,-2696,-1705,894,20
2023-05-27T14:50:43.561000+00:00,0,4,151,73,2023-05-27 14:50:43.561000+00:00,2023-05-27T14:50:43.555000+00:00,-2630,-1583,885,20
2023-05-27T14:50:43.921000+00:00,0,4,165,100,2023-05-27 14:50:43.921000+00:00,2023-05-27T14:50:43.955000+00:00,-2522,-1434,870,20
2023-05-27T14:50:44.241000+00:00,0,4,177,100,2023-05-27 14:50:44.241000+00:00,2023-05-27T14:50:44.355000+00:00,-2392,-1286,857,20
2023-05-27T14:50:44.641000+00:00,0,4,193,100,2023-05-27 14:50:44.641000+00:00,2023-05-27T14:50:44.555000+00:00,-2279,-1160,845,20
2023-05-27T14:50:44.801000+00:00,0,4,200,100,2023-05-27 14:50:44.801000+00:00,2023-05-27T14:50:44.955000+00:00,-2136,-974,826,20
2023-05-27T14:50:45.201000+00:00,0,5,213,100,2023-05-27 14:50:45.201000+00:00,2023-05-27T14:50:45.355000+00:00,-2065,-868,817,20
2023-05-27T14:50:45.681000+00:00,100,5,223,0,2023-05-27 14:50:45.681000+00:00,2023-05-27T14:50:45.614000+00:00,-1926,-669,798,20
2023-05-27T14:50:46.041000+00:00,100,5,193,0,2023-05-27 14:50:46.041000+00:00,2023-05-27T14:50:46.034000+00:00,-1787,-492,782,20
2023-05-27T14:50:46.241000+00:00,100,5,161,0,2023-05-27 14:50:46.241000+00:00,2023-05-27T14:50:46.034000+00:00,-1787,-492,782,20
2023-05-27T14:50:46.521000+00:00,100,3,137,0,2023-05-27 14:50:46.521000+00:00,2023-05-27T14:50:46.454000+00:00,-1688,-374,771,20
2023-05-27T14:50:46.921000+00:00,100,2,114,0,2023-05-27 14:50:46.921000+00:00,2023-05-27T14:50:46.794000+00:00,-1628,-308,766,20
2023-05-27T14:50:47.081000+00:00,100,2,105,0,2023-05-27 14:50:47.081000+00:00,2023-05-27T14:50:47.115000+00:00,-1537,-227,755,20
2023-05-27T14:50:47.281000+00:00,100,2,97,0,2023-05-27 14:50:47.281000+00:00,2023-05-27T14:50:47.115000+00:00,-1537,-227,755,20
2023-05-27T14:50:47.440000+00:00,100,2,94,0,2023-05-27 14:50:47.440000+00:00,2023-05-27T14:50:47.475000+00:00,-1476,-200,750,20
2023-05-27T14:50:47.720000+00:00,100,2,89,0,2023-05-27 14:50:47.720000+00:00,2023-05-27T14:50:47.695000+00:00,-1424,-198,746,20
2023-05-27T14:50:48.040000+00:00,0,2,80,0,2023-05-27 14:50:48.040000+00:00,2023-05-27T14:50:47.935000+00:00,-1347,-226,738,20
2023-05-27T14:50:48.281000+00:00,0,2,80,0,2023-05-27 14:50:48.281000+00:00,2023-05-27T14:50:48.255000+00:00,-1314,-249,734,20
2023-05-27T14:50:48.481000+00:00,0,2,77,7,2023-05-27 14:50:48.481000+00:00,2023-05-27T14:50:48.435000+00:00,-1287,-275,731,20
2023-05-27T14:50:48.761000+00:00,0,2,76,17,2023-05-27 14:50:48.761000+00:00,2023-05-27T14:50:48.755000+00:00,-1250,-331,727,20
2023-05-27T14:50:49.201000+00:00,0,2,87,57,2023-05-27 14:50:49.201000+00:00,2023-05-27T14:50:49.375000+00:00,-1207,-473,716,20
2023-05-27T14:50:49.441000+00:00,0,2,95,69,2023-05-27 14:50:49.441000+00:00,2023-05-27T14:50:49.495000+00:00,-1199,-506,713,20
2023-05-27T14:50:49.761000+00:00,0,2,109,85,2023-05-27 14:50:49.761000+00:00,2023-05-27T14:50:49.835000+00:00,-1156,-650,701,20
2023-05-27T14:50:49.961000+00:00,0,2,120,100,2023-05-27 14:50:49.961000+00:00,2023-05-27T14:50:49.835000+00:00,-1156,-650,701,20
2023-05-27T14:50:50.161000+00:00,0,2,127,100,2023-05-27 14:50:50.161000+00:00,2023-05-27T14:50:50.135000+00:00,-1138,-701,696,20
2023-05-27T14:50:50.441000+00:00,0,3,148,100,2023-05-27 14:50:50.441000+00:00,2023-05-27T14:50:50.375000+00:00,-1103,-789,691,20
2023-05-27T14:50:50.681000+00:00,100,3,141,0,2023-05-27 14:50:50.681000+00:00,2023-05-27T14:50:50.715000+00:00,-1043,-914,681,20
2023-05-27T14:50:50.881000+00:00,100,3,141,0,2023-05-27 14:50:50.881000+00:00,2023-05-27T14:50:50.875000+00:00,-1021,-952,677,20
2023-05-27T14:50:51.201000+00:00,100,2,104,0,2023-05-27 14:50:51.201000+00:00,2023-05-27T14:50:51.155000+00:00,-971,-1025,671,20
2023-05-27T14:50:51.561000+00:00,100,1,86,0,2023-05-27 14:50:51.561000+00:00,2023-05-27T14:50:51.515000+00:00,-907,-1090,665,20
2023-05-27T14:50:51.801000+00:00,100,1,78,0,2023-05-27 14:50:51.801000+00:00,2023-05-27T14:50:51.755000+00:00,-838,-1128,660,20
2023-05-27T14:50:52.041000+00:00,100,1,69,0,2023-05-27 14:50:52.041000+00:00,2023-05-27T14:50:52.214000+00:00,-783,-1130,658,20
2023-05-27T14:50:52.441000+00:00,0,1,58,0,2023-05-27 14:50:52.441000+00:00,2023-05-27T14:50:52.514000+00:00,-746,-1106,656,20
2023-05-27T14:50:52.721000+00:00,0,1,54,0,2023-05-27 14:50:52.721000+00:00,2023-05-27T14:50:52.894000+00:00,-730,-1041,652,20
2023-05-27T14:50:53.081000+00:00,0,1,50,1,2023-05-27 14:50:53.081000+00:00,2023-05-27T14:50:52.894000+00:00,-730,-1041,652,20
2023-05-27T14:50:53.281000+00:00,0,1,49,0,2023-05-27 14:50:53.281000+00:00,2023-05-27T14:50:53.294000+00:00,-738,-996,645,20
2023-05-27T14:50:53.521000+00:00,0,1,45,9,2023-05-27 14:50:53.521000+00:00,2023-05-27T14:50:53.554000+00:00,-749,-964,644,20
2023-05-27T14:50:53.801000+00:00,0,1,48,20,2023-05-27 14:50:53.801000+00:00,2023-05-27T14:50:53.875000+00:00,-769,-922,641,20
2023-05-27T14:50:53.961000+00:00,0,1,51,20,2023-05-27 14:50:53.961000+00:00,2023-05-27T14:50:54.035000+00:00,-782,-902,638,20
2023-05-27T14:50:54.160000+00:00,0,1,55,27,2023-05-27 14:50:54.160000+00:00,2023-05-27T14:50:54.255000+00:00,-802,-874,635,20
2023-05-27T14:50:54.440000+00:00,0,1,62,31,2023-05-27 14:50:54.440000+00:00,2023-05-27T14:50:54.515000+00:00,-841,-828,629,20
2023-05-27T14:50:54.600000+00:00,0,1,65,34,2023-05-27 14:50:54.600000+00:00,2023-05-27T14:50:54.515000+00:00,-841,-828,629,20
2023-05-27T14:50:54.801000+00:00,0,1,71,49,2023-05-27 14:50:54.801000+00:00,2023-05-27T14:50:54.835000+00:00,-889,-779,623,20
2023-05-27T14:50:55.161000+00:00,0,1,84,64,2023-05-27 14:50:55.161000+00:00,2023-05-27T14:50:55.275000+00:00,-931,-734,617,20
2023-05-27T14:50:55.481000+00:00,100,2,102,4,2023-05-27 14:50:55.481000+00:00,2023-05-27T14:50:55.455000+00:00,-965,-697,614,20
2023-05-27T14:50:55.881000+00:00,0,2,96,0,2023-05-27 14:50:55.881000+00:00,2023-05-27T14:50:55.775000+00:00,-1015,-614,608,20
2023-05-27T14:50:56.201000+00:00,100,2,92,0,2023-05-27 14:50:56.201000+00:00,2023-05-27T14:50:56.095000+00:00,-1028,-516,604,20
2023-05-27T14:50:56.441000+00:00,0,2,86,0,2023-05-27 14:50:56.441000+00:00,2023-05-27T14:50:56.515000+00:00,-1006,-448,597,20
2023-05-27T14:50:56.721000+00:00,0,2,84,5,2023-05-27 14:50:56.721000+00:00,2023-05-27T14:50:56.675000+00:00,-986,-417,592,20
2023-05-27T14:50:57.001000+00:00,0,2,84,18,2023-05-27 14:50:57.001000+00:00,2023-05-27T14:50:57.095000+00:00,-911,-350,586,20
2023-05-27T14:50:57.161000+00:00,0,2,84,26,2023-05-27 14:50:57.161000+00:00,2023-05-27T14:50:57.095000+00:00,-911,-350,586,20
2023-05-27T14:50:57.361000+00:00,0,2,89,35,2023-05-27 14:50:57.361000+00:00,2023-05-27T14:50:57.255000+00:00,-878,-329,582,20
2023-05-27T14:50:57.521000+00:00,0,2,92,48,2023-05-27 14:50:57.521000+00:00,2023-05-27T14:50:57.595000+00:00,-774,-276,570,20
2023-05-27T14:50:57.961000+00:00,0,2,104,82,2023-05-27 14:50:57.961000+00:00,2023-05-27T14:50:57.995000+00:00,-682,-237,563,20
2023-05-27T14:50:58.121000+00:00,0,2,116,100,2023-05-27 14:50:58.121000+00:00,2023-05-27T14:50:57.995000+00:00,-682,-237,563,20
2023-05-27T14:50:58.441000+00:00,100,2,131,0,2023-05-27 14:50:58.441000+00:00,2023-05-27T14:50:58.475000+00:00,-544,-190,556,20
2023-05-27T14:50:58.601000+00:00,100,2,126,0,2023-05-27 14:50:58.601000+00:00,2023-05-27T14:50:58.475000+00:00,-544,-190,556,20
2023-05-27T14:50:58.841000+00:00,100,2,112,0,2023-05-27 14:50:58.841000+00:00,2023-05-27T14:50:58.734000+00:00,-460,-172,553,20
2023-05-27T14:50:59.241000+00:00,100,2,100,0,2023-05-27 14:50:59.241000+00:00,2023-05-27T14:50:59.194000+00:00,-333,-178,548,20
2023-05-27T14:50:59.521000+00:00,0,2,94,0,2023-05-27 14:50:59.521000+00:00,2023-05-27T14:50:59.534000+00:00,-266,-229,546,20
2023-05-27T14:50:59.761000+00:00,0,2,88,0,2023-05-27 14:50:59.761000+00:00,2023-05-27T14:50:59.694000+00:00,-244,-263,545,20
2023-05-27T14:50:59.961000+00:00,0,2,83,0,2023-05-27 14:50:59.961000+00:00,2023-05-27T14:51:00.074000+00:00,-211,-348,545,20
2023-05-27T14:51:00.281000+00:00,0,2,87,37,2023-05-27 14:51:00.281000+00:00,2023-05-27T14:51:00.254000+00:00,-196,-414,545,20
2023-05-27T14:51:00.641000+00:00,0,2,94,58,2023-05-27 14:51:00.641000+00:00,2023-05-27T14:51:00.635000+00:00,-188,-491,545,20
2023-05-27T14:51:00.840000+00:00,0,2,101,76,2023-05-27 14:51:00.840000+00:00,2023-05-27T14:51:00.875000+00:00,-186,-512,545,20
2023-05-27T14:51:01+00:00,0,2,112,92,2023-05-27 14:51:01+00:00,2023-05-27T14:51:01.095000+00:00,-185,-615,545,20
2023-05-27T14:51:01.241000+00:00,0,2,117,96,2023-05-27 14:51:01.241000+00:00,2023-05-27T14:51:01.095000+00:00,-185,-615,545,20
2023-05-27T14:51:01.521000+00:00,0,3,139,100,2023-05-27 14:51:01.521000+00:00,2023-05-27T14:51:01.435000+00:00,-193,-755,545,20
2023-05-27T14:51:01.801000+00:00,0,3,155,100,2023-05-27 14:51:01.801000+00:00,2023-05-27T14:51:01.895000+00:00,-208,-890,544,20
2023-05-27T14:51:02.081000+00:00,0,3,169,100,2023-05-27 14:51:02.081000+00:00,2023-05-27T14:51:02.115000+00:00,-224,-1028,543,20
2023-05-27T14:51:02.241000+00:00,0,3,169,100,2023-05-27 14:51:02.241000+00:00,2023-05-27T14:51:02.115000+00:00,-224,-1028,543,20
2023-05-27T14:51:02.401000+00:00,0,4,183,100,2023-05-27 14:51:02.401000+00:00,2023-05-27T14:51:02.495000+00:00,-240,-1179,543,20
2023-05-27T14:51:02.641000+00:00,0,4,190,100,2023-05-27 14:51:02.641000+00:00,2023-05-27T14:51:02.695000+00:00,-252,-1285,543,20
2023-05-27T14:51:02.921000+00:00,0,4,198,100,2023-05-27 14:51:02.921000+00:00,2023-05-27T14:51:02.895000+00:00,-263,-1394,543,20
2023-05-27T14:51:03.241000+00:00,0,5,211,100,2023-05-27 14:51:03.241000+00:00,2023-05-27T14:51:03.195000+00:00,-282,-1566,542,20
2023-05-27T14:51:03.441000+00:00,0,5,217,100,2023-05-27 14:51:03.441000+00:00,2023-05-27T14:51:03.375000+00:00,-297,-1672,542,20
2023-05-27T14:51:03.641000+00:00,0,5,223,100,2023-05-27 14:51:03.641000+00:00,2023-05-27T14:51:03.535000+00:00,-316,-1767,542,20
2023-05-27T14:51:04.001000+00:00,0,5,233,100,2023-05-27 14:51:04.001000+00:00,2023-05-27T14:51:04.095000+00:00,-417,-2109,541,20
2023-05-27T14:51:04.161000+00:00,0,6,235,100,2023-05-27 14:51:04.161000+00:00,2023-05-27T14:51:04.095000+00:00,-417,-2109,541,20
2023-05-27T14:51:04.481000+00:00,0,6,239,100,2023-05-27 14:51:04.481000+00:00,2023-05-27T14:51:04.455000+00:00,-500,-2333,541,20
2023-05-27T14:51:04.801000+00:00,0,6,249,100,2023-05-27 14:51:04.801000+00:00,2023-05-27T14:51:04.695000+00:00,-561,-2485,541,20
2023-05-27T14:51:05.081000+00:00,0,6,253,100,2023-05-27 14:51:05.081000+00:00,2023-05-27T14:51:04.975000+00:00,-667,-2726,541,20
2023-05-27T14:51:05.361000+00:00,0,6,256,100,2023-05-27 14:51:05.361000+00:00,2023-05-27T14:51:05.374000+00:00,-852,-3045,542,20
2023-05-27T14:51:05.521000+00:00,0,6,259,100,2023-05-27 14:51:05.521000+00:00,2023-05-27T14:51:05.374000+00:00,-852,-3045,542,20
2023-05-27T14:51:05.761000+00:00,0,6,261,100,2023-05-27 14:51:05.761000+00:00,2023-05-27T14:51:05.734000+00:00,-954,-3167,542,20
2023-05-27T14:51:05.921000+00:00,0,7,262,100,2023-05-27 14:51:05.921000+00:00,2023-05-27T14:51:05.894000+00:00,-1037,-3248,542,20
2023-05-27T14:51:06.161000+00:00,0,7,265,100,2023-05-27 14:51:06.161000+00:00,2023-05-27T14:51:06.234000+00:00,-1302,-3437,542,20
2023-05-27T14:51:06.641000+00:00,0,7,270,100,2023-05-27 14:51:06.641000+00:00,2023-05-27T14:51:06.574000+00:00,-1464,-3519,541,20
2023-05-27T14:51:07.081000+00:00,0,7,276,100,2023-05-27 14:51:07.081000+00:00,2023-05-27T14:51:07.015000+00:00,-1849,-3704,540,20
2023-05-27T14:51:07.281000+00:00,0,7,277,100,2023-05-27 14:51:07.281000+00:00,2023-05-27T14:51:07.375000+00:00,-2027,-3795,541,20
2023-05-27T14:51:07.560000+00:00,0,7,279,100,2023-05-27 14:51:07.560000+00:00,2023-05-27T14:51:07.535000+00:00,-2124,-3844,541,20
2023-05-27T14:51:07.841000+00:00,0,7,281,100,2023-05-27 14:51:07.841000+00:00,2023-05-27T14:51:07.835000+00:00,-2334,-3947,541,20
2023-05-27T14:51:08.281000+00:00,0,7,286,100,2023-05-27 14:51:08.281000+00:00,2023-05-27T14:51:08.395000+00:00,-2481,-4014,542,20
2023-05-27T14:51:08.521000+00:00,0,7,287,100,2023-05-27 14:51:08.521000+00:00,2023-05-27T14:51:08.555000+00:00,-2599,-4065,542,20
2023-05-27T14:51:08.881000+00:00,0,7,288,79,2023-05-27 14:51:08.881000+00:00,2023-05-27T14:51:08.815000+00:00,-2793,-4141,543,20
2023-05-27T14:51:09.161000+00:00,100,7,275,0,2023-05-27 14:51:09.161000+00:00,2023-05-27T14:51:09.175000+00:00,-3059,-4226,540,20
2023-05-27T14:51:09.481000+00:00,100,7,224,0,2023-05-27 14:51:09.481000+00:00,2023-05-27T14:51:09.375000+00:00,-3190,-4259,537,20
2023-05-27T14:51:09.721000+00:00,100,7,213,0,2023-05-27 14:51:09.721000+00:00,2023-05-27T14:51:09.735000+00:00,-3401,-4300,529,20
2023-05-27T14:51:09.881000+00:00,100,7,184,0,2023-05-27 14:51:09.881000+00:00,2023-05-27T14:51:09.895000+00:00,-3484,-4312,525,20
2023-05-27T14:51:10.361000+00:00,100,4,148,0,2023-05-27 14:51:10.361000+00:00,2023-05-27T14:51:10.355000+00:00,-3725,-4340,513,20
2023-05-27T14:51:10.601000+00:00,100,3,128,0,2023-05-27 14:51:10.601000+00:00,2023-05-27T14:51:10.755000+00:00,-4092,-4389,497,20
2023-05-27T14:51:10.841000+00:00,100,2,115,0,2023-05-27 14:51:10.841000+00:00,2023-05-27T14:51:10.755000+00:00,-4092,-4389,497,20
2023-05-27T14:51:11.201000+00:00,100,2,100,0,2023-05-27 14:51:11.201000+00:00,2023-05-27T14:51:11.355000+00:00,-4191,-4491,492,20
2023-05-27T14:51:11.481000+00:00,100,2,89,0,2023-05-27 14:51:11.481000+00:00,2023-05-27T14:51:11.355000+00:00,-4191,-4491,492,20
2023-05-27T14:51:11.641000+00:00,100,2,85,0,2023-05-27 14:51:11.641000+00:00,2023-05-27T14:51:11.734000+00:00,-4240,-4575,490,20
2023-05-27T14:51:11.881000+00:00,100,2,77,0,2023-05-27 14:51:11.881000+00:00,2023-05-27T14:51:11.734000+00:00,-4240,-4575,490,20
2023-05-27T14:51:12.041000+00:00,100,2,75,0,2023-05-27 14:51:12.041000+00:00,2023-05-27T14:51:12.074000+00:00,-4267,-4605,490,20
2023-05-27T14:51:12.361000+00:00,0,2,68,0,2023-05-27 14:51:12.361000+00:00,2023-05-27T14:51:12.314000+00:00,-4304,-4630,490,20
2023-05-27T14:51:12.761000+00:00,0,2,63,13,2023-05-27 14:51:12.761000+00:00,2023-05-27T14:51:12.794000+00:00,-4388,-4650,490,20
2023-05-27T14:51:13.041000+00:00,0,2,69,41,2023-05-27 14:51:13.041000+00:00,2023-05-27T14:51:13.014000+00:00,-4430,-4650,490,20
2023-05-27T14:51:13.401000+00:00,0,2,83,67,2023-05-27 14:51:13.401000+00:00,2023-05-27T14:51:13.354000+00:00,-4501,-4641,490,20
2023-05-27T14:51:13.641000+00:00,0,2,94,83,2023-05-27 14:51:13.641000+00:00,2023-05-27T14:51:13.555000+00:00,-4554,-4628,490,20
2023-05-27T14:51:13.841000+00:00,0,2,105,88,2023-05-27 14:51:13.841000+00:00,2023-05-27T14:51:13.935000+00:00,-4662,-4604,490,20
2023-05-27T14:51:14.280000+00:00,0,2,135,100,2023-05-27 14:51:14.280000+00:00,2023-05-27T14:51:14.355000+00:00,-4906,-4616,489,20
2023-05-27T14:51:14.561000+00:00,0,3,146,100,2023-05-27 14:51:14.561000+00:00,2023-05-27T14:51:14.355000+00:00,-4906,-4616,489,20
2023-05-27T14:51:14.761000+00:00,0,3,156,100,2023-05-27 14:51:14.761000+00:00,2023-05-27T14:51:14.795000+00:00,-5036,-4637,489,20
2023-05-27T14:51:14.961000+00:00,0,3,166,100,2023-05-27 14:51:14.961000+00:00,2023-05-27T14:51:14.955000+00:00,-5109,-4648,489,20
2023-05-27T14:51:15.241000+00:00,0,4,179,100,2023-05-27 14:51:15.241000+00:00,2023-05-27T14:51:15.175000+00:00,-5214,-4663,489,20
2023-05-27T14:51:15.481000+00:00,0,4,191,100,2023-05-27 14:51:15.481000+00:00,2023-05-27T14:51:15.455000+00:00,-5357,-4682,490,20
2023-05-27T14:51:15.721000+00:00,0,4,198,100,2023-05-27 14:51:15.721000+00:00,2023-05-27T14:51:15.555000+00:00,-5410,-4689,490,20
2023-05-27T14:51:16.001000+00:00,0,5,208,100,2023-05-27 14:51:16.001000+00:00,2023-05-27T14:51:16.095000+00:00,-5713,-4726,490,20
2023-05-27T14:51:16.321000+00:00,0,5,217,100,2023-05-27 14:51:16.321000+00:00,2023-05-27T14:51:16.315000+00:00,-5844,-4740,489,20
2023-05-27T14:51:16.721000+00:00,0,5,227,100,2023-05-27 14:51:16.721000+00:00,2023-05-27T14:51:16.735000+00:00,-6152,-4770,490,20
2023-05-27T14:51:17.041000+00:00,100,5,233,41,2023-05-27 14:51:17.041000+00:00,2023-05-27T14:51:17.155000+00:00,-6425,-4789,490,20
2023-05-27T14:51:17.361000+00:00,100,5,210,0,2023-05-27 14:51:17.361000+00:00,2023-05-27T14:51:17.455000+00:00,-6537,-4797,490,20
2023-05-27T14:51:17.561000+00:00,100,5,194,0,2023-05-27 14:51:17.561000+00:00,2023-05-27T14:51:17.455000+00:00,-6537,-4797,490,20
2023-05-27T14:51:17.801000+00:00,100,4,179,5,2023-05-27 14:51:17.801000+00:00,2023-05-27T14:51:17.715000+00:00,-6664,-4821,491,20
2023-05-27T14:51:18.081000+00:00,0,4,171,40,2023-05-27 14:51:18.081000+00:00,2023-05-27T14:51:17.955000+00:00,-6786,-4884,490,20
2023-05-27T14:51:18.281000+00:00,0,4,171,57,2023-05-27 14:51:18.281000+00:00,2023-05-27T14:51:18.235000+00:00,-6866,-4956,488,20
2023-05-27T14:51:18.481000+00:00,0,4,174,71,2023-05-27 14:51:18.481000+00:00,2023-05-27T14:51:18.474000+00:00,-6943,-5046,487,20
2023-05-27T14:51:18.801000+00:00,0,4,179,82,2023-05-27 14:51:18.801000+00:00,2023-05-27T14:51:18.734000+00:00,-7014,-5153,485,20
2023-05-27T14:51:19.201000+00:00,0,4,190,100,2023-05-27 14:51:19.201000+00:00,2023-05-27T14:51:19.354000+00:00,-7140,-5441,483,20
2023-05-27T14:51:19.441000+00:00,0,5,196,100,2023-05-27 14:51:19.441000+00:00,2023-05-27T14:51:19.354000+00:00,-7140,-5441,483,20
2023-05-27T14:51:19.801000+00:00,0,5,209,100,2023-05-27 14:51:19.801000+00:00,2023-05-27T14:51:19.674000+00:00,-7182,-5620,482,20
2023-05-27T14:51:20.041000+00:00,0,5,216,100,2023-05-27 14:51:20.041000+00:00,2023-05-27T14:51:19.974000+00:00,-7215,-5895,482,20
2023-05-27T14:51:20.241000+00:00,0,5,220,100,2023-05-27 14:51:20.241000+00:00,2023-05-27T14:51:20.415000+00:00,-7220,-6079,482,20
2023-05-27T14:51:20.601000+00:00,0,5,228,100,2023-05-27 14:51:20.601000+00:00,2023-05-27T14:51:20.635000+00:00,-7210,-6202,482,20
2023-05-27T14:51:20.801000+00:00,0,5,231,100,2023-05-27 14:51:20.801000+00:00,2023-05-27T14:51:20.915000+00:00,-7158,-6355,481,20
2023-05-27T14:51:20.961000+00:00,0,6,233,100,2023-05-27 14:51:20.961000+00:00,2023-05-27T14:51:20.915000+00:00,-7158,-6355,481,20
2023-05-27T14:51:21.321000+00:00,0,6,238,100,2023-05-27 14:51:21.321000+00:00,2023-05-27T14:51:21.215000+00:00,-7022,-6513,480,20
2023-05-27T14:51:21.601000+00:00,0,6,244,100,2023-05-27 14:51:21.601000+00:00,2023-05-27T14:51:21.495000+00:00,-6932,-6721,480,20
2023-05-27T14:51:21.841000+00:00,0,6,246,100,2023-05-27 14:51:21.841000+00:00,2023-05-27T14:51:21.795000+00:00,-6858,-6973,479,20
2023-05-27T14:51:22.241000+00:00,100,6,250,2,2023-05-27 14:51:22.241000+00:00,2023-05-27T14:51:22.255000+00:00,-6809,-7186,479,20
2023-05-27T14:51:22.401000+00:00,100,6,232,0,2023-05-27 14:51:22.401000+00:00,2023-05-27T14:51:22.415000+00:00,-6791,-7289,479,20
2023-05-27T14:51:22.721000+00:00,100,5,199,0,2023-05-27 14:51:22.721000+00:00,2023-05-27T14:51:22.715000+00:00,-6767,-7461,479,20
2023-05-27T14:51:23.121000+00:00,100,4,167,0,2023-05-27 14:51:23.121000+00:00,2023-05-27T14:51:23.075000+00:00,-6747,-7700,479,20
2023-05-27T14:51:23.481000+00:00,100,4,149,0,2023-05-27 14:51:23.481000+00:00,2023-05-27T14:51:23.475000+00:00,-6746,-7810,479,20
2023-05-27T14:51:23.641000+00:00,0,4,146,0,2023-05-27 14:51:23.641000+00:00,2023-05-27T14:51:23.695000+00:00,-6756,-7894,479,20
2023-05-27T14:51:24.001000+00:00,0,4,136,0,2023-05-27 14:51:24.001000+00:00,2023-05-27T14:51:23.955000+00:00,-6835,-8003,479,20
2023-05-27T14:51:24.321000+00:00,0,4,133,3,2023-05-27 14:51:24.321000+00:00,2023-05-27T14:51:24.295000+00:00,-6887,-8073,479,20
2023-05-27T14:51:24.561000+00:00,0,4,129,11,2023-05-27 14:51:24.561000+00:00,2023-05-27T14:51:24.555000+00:00,-6899,-8165,479,20
2023-05-27T14:51:24.721000+00:00,0,4,127,41,2023-05-27 14:51:24.721000+00:00,2023-05-27T14:51:24.795000+00:00,-6892,-8254,478,20
2023-05-27T14:51:24.961000+00:00,0,4,130,67,2023-05-27 14:51:24.961000+00:00,2023-05-27T14:51:24.914000+00:00,-6885,-8298,478,20
2023-05-27T14:51:25.161000+00:00,0,4,137,78,2023-05-27 14:51:25.161000+00:00,2023-05-27T14:51:25.094000+00:00,-6872,-8364,477,20
2023-05-27T14:51:25.441000+00:00,0,4,149,100,2023-05-27 14:51:25.441000+00:00,2023-05-27T14:51:25.514000+00:00,-6822,-8529,476,20
2023-05-27T14:51:25.601000+00:00,0,4,158,100,2023-05-27 14:51:25.601000+00:00,2023-05-27T14:51:25.514000+00:00,-6822,-8529,476,20
2023-05-27T14:51:25.801000+00:00,0,4,167,100,2023-05-27 14:51:25.801000+00:00,2023-05-27T14:51:25.694000+00:00,-6793,-8604,476,20
2023-05-27T14:51:26.081000+00:00,0,4,180,100,2023-05-27 14:51:26.081000+00:00,2023-05-27T14:51:26.034000+00:00,-6689,-8810,478,20
2023-05-27T14:51:26.321000+00:00,0,4,187,100,2023-05-27 14:51:26.321000+00:00,2023-05-27T14:51:26.454000+00:00,-6554,-8997,477,20
2023-05-27T14:51:26.641000+00:00,0,4,191,100,2023-05-27 14:51:26.641000+00:00,2023-05-27T14:51:26.454000+00:00,-6554,-8997,477,20
2023-05-27T14:51:26.961000+00:00,100,4,201,100,2023-05-27 14:51:26.961000+00:00,2023-05-27T14:51:27.015000+00:00,-6388,-9154,478,20
2023-05-27T14:51:27.241000+00:00,100,4,195,0,2023-05-27 14:51:27.241000+00:00,2023-05-27T14:51:27.235000+00:00,-6234,-9244,477,20
2023-05-27T14:51:27.401000+00:00,100,4,178,0,2023-05-27 14:51:27.401000+00:00,2023-05-27T14:51:27.235000+00:00,-6234,-9244,477,20
2023-05-27T14:51:27.641000+00:00,100,4,148,0,2023-05-27 14:51:27.641000+00:00,2023-05-27T14:51:27.615000+00:00,-6136,-9296,480,20
2023-05-27T14:51:28.041000+00:00,100,3,116,0,2023-05-27 14:51:28.041000+00:00,2023-05-27T14:51:27.995000+00:00,-6020,-9367,482,20
2023-05-27T14:51:28.481000+00:00,100,2,90,0,2023-05-27 14:51:28.481000+00:00,2023-05-27T14:51:28.475000+00:00,-5939,-9465,483,20
2023-05-27T14:51:28.641000+00:00,100,2,83,0,2023-05-27 14:51:28.641000+00:00,2023-05-27T14:51:28.675000+00:00,-5929,-9509,484,20
2023-05-27T14:51:29.081000+00:00,0,2,73,0,2023-05-27 14:51:29.081000+00:00,2023-05-27T14:51:29.155000+00:00,-5943,-9611,487,20
2023-05-27T14:51:29.361000+00:00,100,2,64,0,2023-05-27 14:51:29.361000+00:00,2023-05-27T14:51:29.335000+00:00,-5957,-9643,488,20
2023-05-27T14:51:29.561000+00:00,100,2,58,0,2023-05-27 14:51:29.561000+00:00,2023-05-27T14:51:29.575000+00:00,-5980,-9676,489,20
2023-05-27T14:51:29.761000+00:00,0,2,55,1,2023-05-27 14:51:29.761000+00:00,2023-05-27T14:51:29.855000+00:00,-6010,-9704,490,20
2023-05-27T14:51:30.081000+00:00,0,2,52,19,2023-05-27 14:51:30.081000+00:00,2023-05-27T14:51:30.015000+00:00,-6049,-9725,492,20
2023-05-27T14:51:30.241000+00:00,0,2,54,23,2023-05-27 14:51:30.241000+00:00,2023-05-27T14:51:30.455000+00:00,-6095,-9740,495,20
2023-05-27T14:51:30.401000+00:00,0,2,58,37,2023-05-27 14:51:30.401000+00:00,2023-05-27T14:51:30.455000+00:00,-6095,-9740,495,20
2023-05-27T14:51:30.601000+00:00,0,2,64,43,2023-05-27 14:51:30.601000+00:00,2023-05-27T14:51:30.635000+00:00,-6126,-9748,497,20
2023-05-27T14:51:30.921000+00:00,0,2,74,62,2023-05-27 14:51:30.921000+00:00,2023-05-27T14:51:30.855000+00:00,-6168,-9756,499,20
2023-05-27T14:51:31.121000+00:00,0,2,83,74,2023-05-27 14:51:31.121000+00:00,2023-05-27T14:51:31.015000+00:00,-6202,-9760,501,20
2023-05-27T14:51:31.361000+00:00,0,2,94,83,2023-05-27 14:51:31.361000+00:00,2023-05-27T14:51:31.235000+00:00,-6255,-9765,504,20
2023-05-27T14:51:31.761000+00:00,0,2,111,91,2023-05-27 14:51:31.761000+00:00,2023-05-27T14:51:31.834000+00:00,-6400,-9773,510,20
2023-05-27T14:51:31.961000+00:00,100,2,120,0,2023-05-27 14:51:31.961000+00:00,2023-05-27T14:51:32.074000+00:00,-6478,-9772,514,20
2023-05-27T14:51:32.281000+00:00,100,2,101,0,2023-05-27 14:51:32.281000+00:00,2023-05-27T14:51:32.314000+00:00,-6548,-9765,517,20
2023-05-27T14:51:32.441000+00:00,100,2,96,0,2023-05-27 14:51:32.441000+00:00,2023-05-27T14:51:32.314000+00:00,-6548,-9765,517,20
2023-05-27T14:51:32.681000+00:00,100,2,87,0,2023-05-27 14:51:32.681000+00:00,2023-05-27T14:51:32.614000+00:00,-6625,-9752,520,20
2023-05-27T14:51:32.881000+00:00,100,2,84,0,2023-05-27 14:51:32.881000+00:00,2023-05-27T14:51:32.874000+00:00,-6682,-9731,521,20
2023-05-27T14:51:33.121000+00:00,0,2,83,14,2023-05-27 14:51:33.121000+00:00,2023-05-27T14:51:33.215000+00:00,-6742,-9681,518,20
2023-05-27T14:51:33.441000+00:00,0,2,84,30,2023-05-27 14:51:33.441000+00:00,2023-05-27T14:51:33.395000+00:00,-6765,-9646,515,20
2023-05-27T14:51:33.721000+00:00,0,2,89,44,2023-05-27 14:51:33.721000+00:00,2023-05-27T14:51:33.775000+00:00,-6794,-9562,511,20
2023-05-27T14:51:34.081000+00:00,0,2,106,100,2023-05-27 14:51:34.081000+00:00,2023-05-27T14:51:34.015000+00:00,-6809,-9497,510,20
2023-05-27T14:51:34.481000+00:00,0,2,134,100,2023-05-27 14:51:34.481000+00:00,2023-05-27T14:51:34.415000+00:00,-6837,-9369,507,20
2023-05-27T14:51:34.641000+00:00,0,2,137,100,2023-05-27 14:51:34.641000+00:00,2023-05-27T14:51:34.695000+00:00,-6877,-9263,506,20
2023-05-27T14:51:35.081000+00:00,0,3,164,100,2023-05-27 14:51:35.081000+00:00,2023-05-27T14:51:35.015000+00:00,-6941,-9153,505,20
2023-05-27T14:51:35.361000+00:00,0,4,169,100,2023-05-27 14:51:35.361000+00:00,2023-05-27T14:51:35.335000+00:00,-7029,-9026,504,20
2023-05-27T14:51:35.601000+00:00,0,4,187,100,2023-05-27 14:51:35.601000+00:00,2023-05-27T14:51:35.715000+00:00,-7157,-8822,504,20
2023-05-27T14:51:35.881000+00:00,0,4,199,100,2023-05-27 14:51:35.881000+00:00,2023-05-27T14:51:35.975000+00:00,-7204,-8722,504,20
2023-05-27T14:51:36.081000+00:00,0,5,206,100,2023-05-27 14:51:36.081000+00:00,2023-05-27T14:51:35.975000+00:00,-7204,-8722,504,20
2023-05-27T14:51:36.241000+00:00,0,5,210,100,2023-05-27 14:51:36.241000+00:00,2023-05-27T14:51:36.215000+00:00,-7256,-8594,503,20
2023-05-27T14:51:36.481000+00:00,0,5,219,100,2023-05-27 14:51:36.481000+00:00,2023-05-27T14:51:36.435000+00:00,-7299,-8470,503,20
2023-05-27T14:51:36.761000+00:00,0,5,225,100,2023-05-27 14:51:36.761000+00:00,2023-05-27T14:51:36.715000+00:00,-7366,-8257,503,20
2023-05-27T14:51:36.961000+00:00,0,5,231,100,2023-05-27 14:51:36.961000+00:00,2023-05-27T14:51:37.035000+00:00,-7409,-8108,503,20
2023-05-27T14:51:37.201000+00:00,0,6,239,100,2023-05-27 14:51:37.201000+00:00,2023-05-27T14:51:37.255000+00:00,-7448,-7967,502,20
2023-05-27T14:51:37.401000+00:00,0,6,241,100,2023-05-27 14:51:37.401000+00:00,2023-05-27T14:51:37.495000+00:00,-7491,-7811,502,20
2023-05-27T14:51:37.721000+00:00,0,6,251,100,2023-05-27 14:51:37.721000+00:00,2023-05-27T14:51:37.755000+00:00,-7536,-7636,502,20
2023-05-27T14:51:38.081000+00:00,0,6,259,100,2023-05-27 14:51:38.081000+00:00,2023-05-27T14:51:38.034000+00:00,-7578,-7442,502,20
2023-05-27T14:51:38.241000+00:00,0,6,261,100,2023-05-27 14:51:38.241000+00:00,2023-05-27T14:51:38.374000+00:00,-7619,-7169,503,20
2023-05-27T14:51:38.521000+00:00,0,7,266,100,2023-05-27 14:51:38.521000+00:00,2023-05-27T14:51:38.374000+00:00,-7619,-7169,503,20
2023-05-27T14:51:38.841000+00:00,0,7,272,100,2023-05-27 14:51:38.841000+00:00,2023-05-27T14:51:38.794000+00:00,-7652,-6770,502,20
2023-05-27T14:51:39.201000+00:00,0,7,269,0,2023-05-27 14:51:39.201000+00:00,2023-05-27T14:51:39.154000+00:00,-7666,-6545,502,20
2023-05-27T14:51:39.481000+00:00,100,7,259,0,2023-05-27 14:51:39.481000+00:00,2023-05-27T14:51:39.494000+00:00,-7678,-6341,503,20
2023-05-27T14:51:39.761000+00:00,100,7,250,0,2023-05-27 14:51:39.761000+00:00,2023-05-27T14:51:39.674000+00:00,-7680,-6215,503,20
2023-05-27T14:51:40.081000+00:00,100,7,237,0,2023-05-27 14:51:40.081000+00:00,2023-05-27T14:51:40.035000+00:00,-7666,-5958,503,20
2023-05-27T14:51:40.281000+00:00,100,7,224,0,2023-05-27 14:51:40.281000+00:00,2023-05-27T14:51:40.355000+00:00,-7642,-5696,503,20
2023-05-27T14:51:40.561000+00:00,100,7,215,0,2023-05-27 14:51:40.561000+00:00,2023-05-27T14:51:40.735000+00:00,-7622,-5547,512,20
2023-05-27T14:51:40.722000+00:00,100,5,205,0,2023-05-27 14:51:40.722000+00:00,2023-05-27T14:51:40.735000+00:00,-7622,-5547,512,20
2023-05-27T14:51:40.922000+00:00,100,5,195,0,2023-05-27 14:51:40.922000+00:00,2023-05-27T14:51:40.975000+00:00,-7599,-5419,514,20
2023-05-27T14:51:41.201000+00:00,100,5,181,0,2023-05-27 14:51:41.201000+00:00,2023-05-27T14:51:41.235000+00:00,-7560,-5233,521,20
2023-05-27T14:51:41.481000+00:00,100,5,175,0,2023-05-27 14:51:41.481000+00:00,2023-05-27T14:51:41.515000+00:00,-7542,-5160,521,20
2023-05-27T14:51:41.801000+00:00,100,3,148,0,2023-05-27 14:51:41.801000+00:00,2023-05-27T14:51:41.855000+00:00,-7505,-5021,524,20
2023-05-27T14:51:42.081000+00:00,100,3,135,0,2023-05-27 14:51:42.081000+00:00,2023-05-27T14:51:41.975000+00:00,-7492,-4977,526,20
2023-05-27T15:00:24.923000+00:00,0,5,210,100,2023-05-27 15:00:24.923000+00:00,2023-05-27T15:00:25.274000+00:00,-7369,-8248,503,23
2023-05-27T15:00:25.282000+00:00,0,5,222,100,2023-05-27 15:00:25.282000+00:00,2023-05-27T15:00:25.274000+00:00,-7369,-8248,503,23
2023-05-27T15:00:25.522000+00:00,0,5,227,100,2023-05-27 15:00:25.522000+00:00,2023-05-27T15:00:25.754000+00:00,-7452,-7953,502,23
2023-05-27T15:00:25.722000+00:00,0,5,231,100,2023-05-27 15:00:25.722000+00:00,2023-05-27T15:00:25.754000+00:00,-7452,-7953,502,23
2023-05-27T15:00:25.962000+00:00,0,6,234,100,2023-05-27 15:00:25.962000+00:00,2023-05-27T15:00:26.115000+00:00,-7504,-7761,502,23
2023-05-27T15:00:26.202000+00:00,0,6,243,100,2023-05-27 15:00:26.202000+00:00,2023-05-27T15:00:26.115000+00:00,-7504,-7761,502,23
2023-05-27T15:00:26.442000+00:00,0,6,247,100,2023-05-27 15:00:26.442000+00:00,2023-05-27T15:00:26.355000+00:00,-7547,-7589,502,23
2023-05-27T15:00:26.722000+00:00,0,6,253,100,2023-05-27 15:00:26.722000+00:00,2023-05-27T15:00:26.815000+00:00,-7602,-7300,503,23
2023-05-27T15:00:26.882000+00:00,0,6,257,100,2023-05-27 15:00:26.882000+00:00,2023-05-27T15:00:26.815000+00:00,-7602,-7300,503,23
2023-05-27T15:00:27.163000+00:00,0,6,259,100,2023-05-27 15:00:27.163000+00:00,2023-05-27T15:00:27.115000+00:00,-7628,-7090,503,23
2023-05-27T15:00:27.483000+00:00,0,7,266,100,2023-05-27 15:00:27.483000+00:00,2023-05-27T15:00:27.615000+00:00,-7655,-6733,502,23
2023-05-27T15:00:27.803000+00:00,0,7,272,100,2023-05-27 15:00:27.803000+00:00,2023-05-27T15:00:27.675000+00:00,-7658,-6688,502,23
2023-05-27T15:00:28.083000+00:00,0,7,276,100,2023-05-27 15:00:28.083000+00:00,2023-05-27T15:00:28.135000+00:00,-7679,-6338,503,23
2023-05-27T15:00:28.323000+00:00,0,7,279,100,2023-05-27 15:00:28.323000+00:00,2023-05-27T15:00:28.335000+00:00,-7679,-6184,503,23
2023-05-27T15:00:28.643000+00:00,0,7,281,100,2023-05-27 15:00:28.643000+00:00,2023-05-27T15:00:28.555000+00:00,-7670,-6011,503,23
2023-05-27T15:00:28.803000+00:00,0,7,284,100,2023-05-27 15:00:28.803000+00:00,2023-05-27T15:00:28.855000+00:00,-7639,-5666,504,23
2023-05-27T15:00:29.003000+00:00,0,7,286,5,2023-05-27 15:00:29.003000+00:00,2023-05-27T15:00:28.855000+00:00,-7639,-5666,504,23
2023-05-27T15:00:29.283000+00:00,100,7,257,0,2023-05-27 15:00:29.283000+00:00,2023-05-27T15:00:29.175000+00:00,-7619,-5529,513,23
2023-05-27T15:00:29.523000+00:00,100,7,231,0,2023-05-27 15:00:29.523000+00:00,2023-05-27T15:00:29.415000+00:00,-7576,-5304,519,23
2023-05-27T15:00:29.803000+00:00,100,6,192,0,2023-05-27 15:00:29.803000+00:00,2023-05-27T15:00:29.734000+00:00,-7547,-5180,521,23
2023-05-27T15:00:30.083000+00:00,100,5,173,0,2023-05-27 15:00:30.083000+00:00,2023-05-27T15:00:30.094000+00:00,-7496,-4991,525,23
2023-05-27T15:00:30.403000+00:00,100,3,137,0,2023-05-27 15:00:30.403000+00:00,2023-05-27T15:00:30.434000+00:00,-7460,-4877,530,23
2023-05-27T15:00:30.683000+00:00,100,3,128,0,2023-05-27 15:00:30.683000+00:00,2023-05-27T15:00:30.654000+00:00,-7432,-4805,534,23
2023-05-27T15:00:30.963000+00:00,0,3,119,0,2023-05-27 15:00:30.963000+00:00,2023-05-27T15:00:30.794000+00:00,-7389,-4727,536,23
2023-05-27T15:00:31.123000+00:00,0,3,116,12,2023-05-27 15:00:31.123000+00:00,2023-05-27T15:00:31.154000+00:00,-7344,-4682,537,23
2023-05-27T15:00:31.443000+00:00,0,3,115,29,2023-05-27 15:00:31.443000+00:00,2023-05-27T15:00:31.434000+00:00,-7263,-4642,539,23
2023-05-27T15:00:31.603000+00:00,0,3,115,53,2023-05-27 15:00:31.603000+00:00,2023-05-27T15:00:31.614000+00:00,-7206,-4625,541,23
2023-05-27T15:00:31.803000+00:00,0,3,121,87,2023-05-27 15:00:31.803000+00:00,2023-05-27T15:00:31.794000+00:00,-7146,-4613,544,23
2023-05-27T15:00:32.082000+00:00,0,3,133,100,2023-05-27 15:00:32.082000+00:00,2023-05-27T15:00:32.074000+00:00,-7008,-4595,551,23
2023-05-27T15:00:32.362000+00:00,0,3,143,100,2023-05-27 15:00:32.362000+00:00,2023-05-27T15:00:32.474000+00:00,-6908,-4587,559,23
2023-05-27T15:00:32.722000+00:00,0,3,162,100,2023-05-27 15:00:32.722000+00:00,2023-05-27T15:00:32.775000+00:00,-6765,-4575,570,23
2023-05-27T15:00:32.962000+00:00,0,4,171,100,2023-05-27 15:00:32.962000+00:00,2023-05-27T15:00:33.115000+00:00,-6560,-4552,587,23
2023-05-27T15:00:33.202000+00:00,0,4,184,100,2023-05-27 15:00:33.202000+00:00,2023-05-27T15:00:33.115000+00:00,-6560,-4552,587,23
2023-05-27T15:00:33.402000+00:00,0,4,191,100,2023-05-27 15:00:33.402000+00:00,2023-05-27T15:00:33.515000+00:00,-6370,-4518,603,23
2023-05-27T15:00:33.723000+00:00,0,4,201,100,2023-05-27 15:00:33.723000+00:00,2023-05-27T15:00:33.875000+00:00,-6149,-4468,623,23
2023-05-27T15:00:34.123000+00:00,0,5,212,100,2023-05-27 15:00:34.123000+00:00,2023-05-27T15:00:34.335000+00:00,-5905,-4407,645,23
2023-05-27T15:00:34.363000+00:00,0,5,215,100,2023-05-27 15:00:34.363000+00:00,2023-05-27T15:00:34.335000+00:00,-5905,-4407,645,23
2023-05-27T15:00:34.643000+00:00,0,5,224,100,2023-05-27 15:00:34.643000+00:00,2023-05-27T15:00:34.775000+00:00,-5674,-4350,666,23
2023-05-27T15:00:34.803000+00:00,0,5,227,100,2023-05-27 15:00:34.803000+00:00,2023-05-27T15:00:34.775000+00:00,-5674,-4350,666,23
2023-05-27T15:00:35.083000+00:00,0,6,235,100,2023-05-27 15:00:35.083000+00:00,2023-05-27T15:00:35.055000+00:00,-5499,-4304,682,23
2023-05-27T15:00:35.283000+00:00,0,6,239,100,2023-05-27 15:00:35.283000+00:00,2023-05-27T15:00:35.275000+00:00,-5352,-4267,697,23
2023-05-27T15:00:35.483000+00:00,0,6,242,100,2023-05-27 15:00:35.483000+00:00,2023-05-27T15:00:35.555000+00:00,-5168,-4229,713,23
2023-05-27T15:00:35.683000+00:00,0,6,246,100,2023-05-27 15:00:35.683000+00:00,2023-05-27T15:00:35.795000+00:00,-5006,-4209,729,23
2023-05-27T15:00:36.003000+00:00,0,6,251,100,2023-05-27 15:00:36.003000+00:00,2023-05-27T15:00:36.015000+00:00,-4769,-4187,750,23
2023-05-27T15:00:36.163000+00:00,0,6,252,100,2023-05-27 15:00:36.163000+00:00,2023-05-27T15:00:36.274000+00:00,-4674,-4172,760,23
2023-05-27T15:00:36.483000+00:00,0,6,257,100,2023-05-27 15:00:36.483000+00:00,2023-05-27T15:00:36.534000+00:00,-4501,-4121,776,23
2023-05-27T15:00:36.643000+00:00,0,6,257,100,2023-05-27 15:00:36.643000+00:00,2023-05-27T15:00:36.534000+00:00,-4501,-4121,776,23
2023-05-27T15:00:36.843000+00:00,0,6,260,100,2023-05-27 15:00:36.843000+00:00,2023-05-27T15:00:36.754000+00:00,-4288,-4020,794,23
2023-05-27T15:00:37.163000+00:00,0,7,263,100,2023-05-27 15:00:37.163000+00:00,2023-05-27T15:00:37.094000+00:00,-4130,-3940,808,23
2023-05-27T15:00:37.323000+00:00,0,7,265,100,2023-05-27 15:00:37.323000+00:00,2023-05-27T15:00:37.394000+00:00,-3928,-3853,825,23
2023-05-27T15:00:37.643000+00:00,0,7,268,100,2023-05-27 15:00:37.643000+00:00,2023-05-27T15:00:37.674000+00:00,-3731,-3789,839,23
2023-05-27T15:00:37.883000+00:00,0,7,270,100,2023-05-27 15:00:37.883000+00:00,2023-05-27T15:00:37.994000+00:00,-3496,-3742,853,23
2023-05-27T15:00:38.123000+00:00,0,7,271,100,2023-05-27 15:00:38.123000+00:00,2023-05-27T15:00:38.214000+00:00,-3281,-3713,860,23
2023-05-27T15:00:38.363000+00:00,0,7,271,100,2023-05-27 15:00:38.363000+00:00,2023-05-27T15:00:38.454000+00:00,-3042,-3683,862,23
2023-05-27T15:00:38.563000+00:00,100,7,271,3,2023-05-27 15:00:38.563000+00:00,2023-05-27T15:00:38.454000+00:00,-3042,-3683,862,23
2023-05-27T15:00:38.882000+00:00,100,7,252,0,2023-05-27 15:00:38.882000+00:00,2023-05-27T15:00:38.774000+00:00,-2874,-3649,861,23
2023-05-27T15:00:39.082000+00:00,100,6,232,0,2023-05-27 15:00:39.082000+00:00,2023-05-27T15:00:39.094000+00:00,-2679,-3576,862,23
2023-05-27T15:00:39.362000+00:00,100,5,218,0,2023-05-27 15:00:39.362000+00:00,2023-05-27T15:00:39.415000+00:00,-2508,-3467,865,23
2023-05-27T15:00:39.562000+00:00,100,5,211,0,2023-05-27 15:00:39.562000+00:00,2023-05-27T15:00:39.595000+00:00,-2433,-3397,866,23
2023-05-27T15:00:39.922000+00:00,100,4,187,1,2023-05-27 15:00:39.922000+00:00,2023-05-27T15:00:39.875000+00:00,-2331,-3254,867,23
2023-05-27T15:00:40.083000+00:00,100,4,181,3,2023-05-27 15:00:40.083000+00:00,2023-05-27T15:00:40.135000+00:00,-2296,-3171,868,23
2023-05-27T15:00:40.323000+00:00,0,4,176,8,2023-05-27 15:00:40.323000+00:00,2023-05-27T15:00:40.415000+00:00,-2266,-3038,870,23
2023-05-27T15:00:40.563000+00:00,0,4,169,16,2023-05-27 15:00:40.563000+00:00,2023-05-27T15:00:40.415000+00:00,-2266,-3038,870,23
2023-05-27T15:00:40.803000+00:00,0,4,166,28,2023-05-27 15:00:40.803000+00:00,2023-05-27T15:00:40.795000+00:00,-2264,-2894,872,23
2023-05-27T15:00:41.083000+00:00,0,4,164,56,2023-05-27 15:00:41.083000+00:00,2023-05-27T15:00:41.095000+00:00,-2303,-2698,877,23
2023-05-27T15:00:41.323000+00:00,0,4,164,38,2023-05-27 15:00:41.323000+00:00,2023-05-27T15:00:41.435000+00:00,-2337,-2613,884,23
2023-05-27T15:00:41.563000+00:00,0,4,163,60,2023-05-27 15:00:41.563000+00:00,2023-05-27T15:00:41.435000+00:00,-2337,-2613,884,23
2023-05-27T15:00:41.963000+00:00,0,4,168,68,2023-05-27 15:00:41.963000+00:00,2023-05-27T15:00:41.955000+00:00,-2488,-2367,886,23
2023-05-27T15:00:42.323000+00:00,0,4,170,2,2023-05-27 15:00:42.323000+00:00,2023-05-27T15:00:42.235000+00:00,-2543,-2300,885,23
2023-05-27T15:00:42.483000+00:00,100,4,169,1,2023-05-27 15:00:42.483000+00:00,2023-05-27T15:00:42.455000+00:00,-2610,-2220,885,23
2023-05-27T15:00:42.683000+00:00,100,4,157,0,2023-05-27 15:00:42.683000+00:00,2023-05-27T15:00:42.635000+00:00,-2660,-2155,886,23
2023-05-27T15:00:42.843000+00:00,0,4,157,0,2023-05-27 15:00:42.843000+00:00,2023-05-27T15:00:42.874000+00:00,-2712,-2070,888,23
2023-05-27T15:00:43.203000+00:00,0,4,146,24,2023-05-27 15:00:43.203000+00:00,2023-05-27T15:00:43.094000+00:00,-2741,-1989,893,23
2023-05-27T15:00:43.523000+00:00,0,4,145,46,2023-05-27 15:00:43.523000+00:00,2023-05-27T15:00:43.434000+00:00,-2739,-1832,895,23
2023-05-27T15:00:43.723000+00:00,0,4,146,39,2023-05-27 15:00:43.723000+00:00,2023-05-27T15:00:43.734000+00:00,-2709,-1737,895,23
2023-05-27T15:00:43.923000+00:00,0,4,145,14,2023-05-27 15:00:43.923000+00:00,2023-05-27T15:00:43.974000+00:00,-2667,-1647,891,23
2023-05-27T15:00:44.163000+00:00,0,4,143,14,2023-05-27 15:00:44.163000+00:00,2023-05-27T15:00:44.254000+00:00,-2598,-1534,881,23
2023-05-27T15:00:44.363000+00:00,0,4,141,23,2023-05-27 15:00:44.363000+00:00,2023-05-27T15:00:44.414000+00:00,-2560,-1482,875,23
2023-05-27T15:00:44.683000+00:00,0,4,155,100,2023-05-27 15:00:44.683000+00:00,2023-05-27T15:00:44.614000+00:00,-2485,-1391,867,23
2023-05-27T15:00:44.843000+00:00,0,4,160,100,2023-05-27 15:00:44.843000+00:00,2023-05-27T15:00:45.014000+00:00,-2389,-1284,857,23
2023-05-27T15:00:45.043000+00:00,0,4,170,100,2023-05-27 15:00:45.043000+00:00,2023-05-27T15:00:45.014000+00:00,-2389,-1284,857,23
2023-05-27T15:00:45.362000+00:00,0,4,182,100,2023-05-27 15:00:45.362000+00:00,2023-05-27T15:00:45.294000+00:00,-2290,-1173,847,23
2023-05-27T15:00:45.602000+00:00,0,4,193,100,2023-05-27 15:00:45.602000+00:00,2023-05-27T15:00:45.715000+00:00,-2097,-916,822,23
2023-05-27T15:00:45.842000+00:00,0,4,200,100,2023-05-27 15:00:45.842000+00:00,2023-05-27T15:00:45.715000+00:00,-2097,-916,822,23
2023-05-27T15:00:46.122000+00:00,0,5,209,100,2023-05-27 15:00:46.122000+00:00,2023-05-27T15:00:46.115000+00:00,-2013,-791,809,23
2023-05-27T15:00:46.322000+00:00,0,5,215,98,2023-05-27 15:00:46.322000+00:00,2023-05-27T15:00:46.335000+00:00,-1926,-670,798,23
2023-05-27T15:00:46.562000+00:00,100,5,204,0,2023-05-27 15:00:46.562000+00:00,2023-05-27T15:00:46.495000+00:00,-1871,-596,791,23
2023-05-27T15:00:46.803000+00:00,100,5,173,0,2023-05-27 15:00:46.803000+00:00,2023-05-27T15:00:46.895000+00:00,-1744,-440,777,23
2023-05-27T15:00:47.003000+00:00,100,5,156,0,2023-05-27 15:00:47.003000+00:00,2023-05-27T15:00:46.895000+00:00,-1744,-440,777,23
2023-05-27T15:00:47.283000+00:00,100,3,140,0,2023-05-27 15:00:47.283000+00:00,2023-05-27T15:00:47.155000+00:00,-1658,-341,768,23
2023-05-27T15:00:47.443000+00:00,100,3,127,0,2023-05-27 15:00:47.443000+00:00,2023-05-27T15:00:47.515000+00:00,-1554,-239,755,23
2023-05-27T15:00:47.763000+00:00,100,2,111,0,2023-05-27 15:00:47.763000+00:00,2023-05-27T15:00:47.795000+00:00,-1522,-217,754,23
2023-05-27T15:00:48.123000+00:00,100,2,93,0,2023-05-27 15:00:48.123000+00:00,2023-05-27T15:00:48.095000+00:00,-1451,-196,749,23
2023-05-27T15:00:48.523000+00:00,100,2,85,0,2023-05-27 15:00:48.523000+00:00,2023-05-27T15:00:48.315000+00:00,-1371,-213,741,23
2023-05-27T15:00:48.843000+00:00,0,2,80,0,2023-05-27 15:00:48.843000+00:00,2023-05-27T15:00:48.775000+00:00,-1285,-277,731,23
2023-05-27T15:00:49.083000+00:00,0,2,72,7,2023-05-27 15:00:49.083000+00:00,2023-05-27T15:00:49.135000+00:00,-1259,-315,727,23
2023-05-27T15:00:49.243000+00:00,0,2,74,10,2023-05-27 15:00:49.243000+00:00,2023-05-27T15:00:49.135000+00:00,-1259,-315,727,23
2023-05-27T15:00:49.403000+00:00,0,2,76,21,2023-05-27 15:00:49.403000+00:00,2023-05-27T15:00:49.394000+00:00,-1237,-365,723,23
2023-05-27T15:00:49.683000+00:00,0,2,81,39,2023-05-27 15:00:49.683000+00:00,2023-05-27T15:00:49.594000+00:00,-1223,-411,721,23
2023-05-27T15:00:49.963000+00:00,0,2,86,51,2023-05-27 15:00:49.963000+00:00,2023-05-27T15:00:49.974000+00:00,-1202,-494,714,23
2023-05-27T15:00:50.363000+00:00,0,2,102,82,2023-05-27 15:00:50.363000+00:00,2023-05-27T15:00:50.254000+00:00,-1183,-566,708,23
2023-05-27T15:00:50.523000+00:00,0,2,112,99,2023-05-27 15:00:50.523000+00:00,2023-05-27T15:00:50.494000+00:00,-1161,-635,702,23
2023-05-27T15:00:50.763000+00:00,0,2,124,100,2023-05-27 15:00:50.763000+00:00,2023-05-27T15:00:50.814000+00:00,-1110,-772,692,23
2023-05-27T15:00:50.923000+00:00,0,3,135,100,2023-05-27 15:00:50.923000+00:00,2023-05-27T15:00:50.814000+00:00,-1110,-772,692,23
2023-05-27T15:00:51.083000+00:00,0,3,146,100,2023-05-27 15:00:51.083000+00:00,2023-05-27T15:00:51.154000+00:00,-1071,-860,685,23
2023-05-27T15:00:51.443000+00:00,100,3,148,0,2023-05-27 15:00:51.443000+00:00,2023-05-27T15:00:51.494000+00:00,-1019,-956,679,23
2023-05-27T15:00:51.603000+00:00,100,3,130,0,2023-05-27 15:00:51.603000+00:00,2023-05-27T15:00:51.494000+00:00,-1019,-956,679,23
2023-05-27T15:00:51.803000+00:00,100,3,114,0,2023-05-27 15:00:51.803000+00:00,2023-05-27T15:00:51.794000+00:00,-976,-1018,672,23
2023-05-27T15:00:52.003000+00:00,100,1,99,0,2023-05-27 15:00:52.003000+00:00,2023-05-27T15:00:51.954000+00:00,-919,-1081,666,23
2023-05-27T15:00:52.242000+00:00,100,1,88,0,2023-05-27 15:00:52.242000+00:00,2023-05-27T15:00:52.375000+00:00,-862,-1119,662,23
2023-05-27T15:00:52.562000+00:00,100,1,76,0,2023-05-27 15:00:52.562000+00:00,2023-05-27T15:00:52.675000+00:00,-795,-1133,658,23
2023-05-27T15:00:52.722000+00:00,100,1,69,0,2023-05-27 15:00:52.722000+00:00,2023-05-27T15:00:52.675000+00:00,-795,-1133,658,23
2023-05-27T15:00:53.002000+00:00,0,1,63,0,2023-05-27 15:00:53.002000+00:00,2023-05-27T15:00:52.995000+00:00,-759,-1120,655,23
2023-05-27T15:00:53.483000+00:00,0,1,55,0,2023-05-27 15:00:53.483000+00:00,2023-05-27T15:00:53.615000+00:00,-731,-1032,650,23
2023-05-27T15:00:53.803000+00:00,0,1,50,0,2023-05-27 15:00:53.803000+00:00,2023-05-27T15:00:53.795000+00:00,-735,-1005,648,23
2023-05-27T15:00:54.083000+00:00,0,1,46,2,2023-05-27 15:00:54.083000+00:00,2023-05-27T15:00:54.095000+00:00,-748,-966,644,23
2023-05-27T15:00:54.283000+00:00,0,1,44,11,2023-05-27 15:00:54.283000+00:00,2023-05-27T15:00:54.335000+00:00,-768,-924,641,23
2023-05-27T15:00:54.443000+00:00,0,1,46,11,2023-05-27 15:00:54.443000+00:00,2023-05-27T15:00:54.335000+00:00,-768,-924,641,23
2023-05-27T15:00:54.643000+00:00,0,1,49,17,2023-05-27 15:00:54.643000+00:00,2023-05-27T15:00:54.735000+00:00,-789,-891,638,23
2023-05-27T15:00:54.843000+00:00,0,1,51,23,2023-05-27 15:00:54.843000+00:00,2023-05-27T15:00:54.915000+00:00,-805,-870,635,23
2023-05-27T15:00:55.163000+00:00,0,1,59,32,2023-05-27 15:00:55.163000+00:00,2023-05-27T15:00:55.235000+00:00,-840,-830,629,23
2023-05-27T15:00:55.363000+00:00,0,1,62,39,2023-05-27 15:00:55.363000+00:00,2023-05-27T15:00:55.235000+00:00,-840,-830,629,23
2023-05-27T15:00:56.283000+00:00,100,2,104,0,2023-05-27 15:00:56.283000+00:00,2023-05-27T15:00:56.174000+00:00,-961,-701,614,23
2023-05-27T15:00:56.483000+00:00,100,2,101,0,2023-05-27 15:00:56.483000+00:00,2023-05-27T15:00:56.454000+00:00,-1005,-637,609,23
2023-05-27T15:00:56.683000+00:00,100,2,94,0,2023-05-27 15:00:56.683000+00:00,2023-05-27T15:00:56.634000+00:00,-1022,-594,607,23
2023-05-27T15:00:57.003000+00:00,0,2,89,0,2023-05-27 15:00:57.003000+00:00,2023-05-27T15:00:57.014000+00:00,-1025,-502,603,23
2023-05-27T15:00:57.323000+00:00,0,2,82,2,2023-05-27 15:00:57.323000+00:00,2023-05-27T15:00:57.334000+00:00,-978,-408,591,23
2023-05-27T15:00:57.563000+00:00,0,2,83,8,2023-05-27 15:00:57.563000+00:00,2023-05-27T15:00:57.694000+00:00,-941,-373,589,23
2023-05-27T15:00:57.763000+00:00,0,2,81,17,2023-05-27 15:00:57.763000+00:00,2023-05-27T15:00:57.694000+00:00,-941,-373,589,23
2023-05-27T15:00:58.123000+00:00,0,2,88,44,2023-05-27 15:00:58.123000+00:00,2023-05-27T15:00:58.214000+00:00,-812,-294,575,23
2023-05-27T15:00:58.403000+00:00,0,2,98,65,2023-05-27 15:00:58.403000+00:00,2023-05-27T15:00:58.494000+00:00,-766,-272,570,23
2023-05-27T15:00:58.723000+00:00,0,2,109,88,2023-05-27 15:00:58.723000+00:00,2023-05-27T15:00:58.754000+00:00,-694,-242,564,23
2023-05-27T15:00:58.922000+00:00,0,2,122,100,2023-05-27 15:00:58.922000+00:00,2023-05-27T15:00:58.995000+00:00,-611,-210,560,23
2023-05-27T15:00:59.122000+00:00,0,2,131,0,2023-05-27 15:00:59.122000+00:00,2023-05-27T15:00:59.215000+00:00,-536,-187,556,23
2023-05-27T15:00:59.362000+00:00,100,2,127,0,2023-05-27 15:00:59.362000+00:00,2023-05-27T15:00:59.375000+00:00,-484,-176,555,23
2023-05-27T15:00:59.522000+00:00,100,2,113,0,2023-05-27 15:00:59.522000+00:00,2023-05-27T15:00:59.555000+00:00,-436,-169,552,23
2023-05-27T15:00:59.883000+00:00,100,2,100,0,2023-05-27 15:00:59.883000+00:00,2023-05-27T15:00:59.995000+00:00,-319,-185,547,23
2023-05-27T15:01:00.043000+00:00,0,2,98,0,2023-05-27 15:01:00.043000+00:00,2023-05-27T15:00:59.995000+00:00,-319,-185,547,23
2023-05-27T15:01:00.283000+00:00,0,2,93,0,2023-05-27 15:01:00.283000+00:00,2023-05-27T15:01:00.215000+00:00,-275,-218,545,23
2023-05-27T15:01:00.523000+00:00,0,2,87,0,2023-05-27 15:01:00.523000+00:00,2023-05-27T15:01:00.495000+00:00,-225,-305,545,23
2023-05-27T15:01:00.843000+00:00,0,2,83,7,2023-05-27 15:01:00.843000+00:00,2023-05-27T15:01:00.915000+00:00,-205,-373,545,23
2023-05-27T15:01:01.003000+00:00,0,2,83,25,2023-05-27 15:01:01.003000+00:00,2023-05-27T15:01:00.915000+00:00,-205,-373,545,23
2023-05-27T15:01:01.323000+00:00,0,2,89,47,2023-05-27 15:01:01.323000+00:00,2023-05-27T15:01:01.235000+00:00,-192,-448,545,23
2023-05-27T15:01:01.483000+00:00,0,2,93,61,2023-05-27 15:01:01.483000+00:00,2023-05-27T15:01:01.575000+00:00,-187,-491,545,23
2023-05-27T15:01:01.723000+00:00,0,2,101,74,2023-05-27 15:01:01.723000+00:00,2023-05-27T15:01:01.735000+00:00,-186,-537,545,23
2023-05-27T15:01:01.883000+00:00,0,2,110,94,2023-05-27 15:01:01.883000+00:00,2023-05-27T15:01:01.935000+00:00,-185,-597,545,23
2023-05-27T15:01:02.163000+00:00,0,2,122,100,2023-05-27 15:01:02.163000+00:00,2023-05-27T15:01:02.075000+00:00,-186,-644,545,23
2023-05-27T15:01:02.403000+00:00,0,2,139,100,2023-05-27 15:01:02.403000+00:00,2023-05-27T15:01:02.355000+00:00,-192,-744,545,23
2023-05-27T15:01:02.643000+00:00,0,3,151,100,2023-05-27 15:01:02.643000+00:00,2023-05-27T15:01:02.634000+00:00,-209,-902,544,23
2023-05-27T15:01:03.043000+00:00,0,3,170,100,2023-05-27 15:01:03.043000+00:00,2023-05-27T15:01:02.894000+00:00,-217,-973,543,23
2023-05-27T15:01:03.483000+00:00,0,4,187,100,2023-05-27 15:01:03.483000+00:00,2023-05-27T15:01:03.454000+00:00,-256,-1324,543,23
2023-05-27T15:01:03.683000+00:00,0,4,198,100,2023-05-27 15:01:03.683000+00:00,2023-05-27T15:01:03.834000+00:00,-270,-1457,543,23
2023-05-27T15:01:03.883000+00:00,0,5,205,100,2023-05-27 15:01:03.883000+00:00,2023-05-27T15:01:03.834000+00:00,-270,-1457,543,23
2023-05-27T15:01:04.323000+00:00,0,5,217,100,2023-05-27 15:01:04.323000+00:00,2023-05-27T15:01:04.274000+00:00,-314,-1759,542,23
2023-05-27T15:01:04.523000+00:00,0,5,223,100,2023-05-27 15:01:04.523000+00:00,2023-05-27T15:01:04.674000+00:00,-366,-1952,542,23
2023-05-27T15:01:04.683000+00:00,0,5,227,100,2023-05-27 15:01:04.683000+00:00,2023-05-27T15:01:04.674000+00:00,-366,-1952,542,23
2023-05-27T15:01:04.843000+00:00,0,5,230,100,2023-05-27 15:01:04.843000+00:00,2023-05-27T15:01:04.954000+00:00,-435,-2159,541,23
2023-05-27T15:01:05.123000+00:00,0,6,237,100,2023-05-27 15:01:05.123000+00:00,2023-05-27T15:01:04.954000+00:00,-435,-2159,541,23
2023-05-27T15:01:05.482000+00:00,0,6,244,100,2023-05-27 15:01:05.482000+00:00,2023-05-27T15:01:05.555000+00:00,-609,-2598,541,23
2023-05-27T15:01:05.642000+00:00,0,6,246,100,2023-05-27 15:01:05.642000+00:00,2023-05-27T15:01:05.555000+00:00,-609,-2598,541,23
2023-05-27T15:01:05.922000+00:00,0,6,251,100,2023-05-27 15:01:05.922000+00:00,2023-05-27T15:01:05.875000+00:00,-660,-2712,541,23
2023-05-27T15:01:06.162000+00:00,0,6,254,100,2023-05-27 15:01:06.162000+00:00,2023-05-27T15:01:06.255000+00:00,-786,-2946,541,23
2023-05-27T15:01:06.563000+00:00,0,6,260,100,2023-05-27 15:01:06.563000+00:00,2023-05-27T15:01:06.515000+00:00,-915,-3123,542,23
2023-05-27T15:01:06.763000+00:00,0,6,262,100,2023-05-27 15:01:06.763000+00:00,2023-05-27T15:01:06.735000+00:00,-1026,-3238,542,23
2023-05-27T15:01:07.043000+00:00,0,7,263,100,2023-05-27 15:01:07.043000+00:00,2023-05-27T15:01:07.035000+00:00,-1198,-3374,542,23
2023-05-27T15:01:07.243000+00:00,0,7,264,100,2023-05-27 15:01:07.243000+00:00,2023-05-27T15:01:07.075000+00:00,-1222,-3390,542,23
2023-05-27T15:01:07.643000+00:00,0,7,270,100,2023-05-27 15:01:07.643000+00:00,2023-05-27T15:01:07.815000+00:00,-1775,-3667,540,23
2023-05-27T15:01:07.803000+00:00,0,7,271,100,2023-05-27 15:01:07.803000+00:00,2023-05-27T15:01:07.815000+00:00,-1775,-3667,540,23
2023-05-27T15:01:08.163000+00:00,0,7,275,100,2023-05-27 15:01:08.163000+00:00,2023-05-27T15:01:08.115000+00:00,-1925,-3742,541,23
2023-05-27T15:01:08.483000+00:00,0,7,279,100,2023-05-27 15:01:08.483000+00:00,2023-05-27T15:01:08.495000+00:00,-2186,-3875,541,23
2023-05-27T15:01:08.923000+00:00,0,7,282,100,2023-05-27 15:01:08.923000+00:00,2023-05-27T15:01:08.915000+00:00,-2509,-4027,542,23
2023-05-27T15:01:09.083000+00:00,0,7,285,100,2023-05-27 15:01:09.083000+00:00,2023-05-27T15:01:08.915000+00:00,-2509,-4027,542,23
2023-05-27T15:01:09.243000+00:00,0,7,285,100,2023-05-27 15:01:09.243000+00:00,2023-05-27T15:01:09.254000+00:00,-2729,-4117,543,23
2023-05-27T15:01:09.483000+00:00,0,7,286,100,2023-05-27 15:01:09.483000+00:00,2023-05-27T15:01:09.514000+00:00,-3030,-4218,541,23
2023-05-27T15:01:09.683000+00:00,0,7,287,100,2023-05-27 15:01:09.683000+00:00,2023-05-27T15:01:09.794000+00:00,-3137,-4247,539,23
2023-05-27T15:01:09.963000+00:00,100,7,283,0,2023-05-27 15:01:09.963000+00:00,2023-05-27T15:01:09.794000+00:00,-3137,-4247,539,23
2023-05-27T15:01:10.323000+00:00,100,7,231,0,2023-05-27 15:01:10.323000+00:00,2023-05-27T15:01:10.334000+00:00,-3596,-4326,519,23
2023-05-27T15:01:10.563000+00:00,100,7,210,0,2023-05-27 15:01:10.563000+00:00,2023-05-27T15:01:10.334000+00:00,-3596,-4326,519,23
2023-05-27T15:01:10.843000+00:00,100,6,181,0,2023-05-27 15:01:10.843000+00:00,2023-05-27T15:01:10.794000+00:00,-3766,-4344,510,23
2023-05-27T15:01:11.163000+00:00,100,3,150,0,2023-05-27 15:01:11.163000+00:00,2023-05-27T15:01:11.194000+00:00,-3957,-4365,502,23
2023-05-27T15:01:11.403000+00:00,100,2,128,0,2023-05-27 15:01:11.403000+00:00,2023-05-27T15:01:11.454000+00:00,-4033,-4377,499,23
2023-05-27T15:01:11.563000+00:00,100,2,123,0,2023-05-27 15:01:11.563000+00:00,2023-05-27T15:01:11.654000+00:00,-4096,-4395,495,23
2023-05-27T15:01:11.763000+00:00,100,2,110,0,2023-05-27 15:01:11.763000+00:00,2023-05-27T15:01:11.654000+00:00,-4096,-4395,495,23
2023-05-27T15:01:12.003000+00:00,100,2,98,0,2023-05-27 15:01:12.003000+00:00,2023-05-27T15:01:11.894000+00:00,-4156,-4435,492,23
2023-05-27T15:01:12.442000+00:00,100,2,88,0,2023-05-27 15:01:12.442000+00:00,2023-05-27T15:01:12.255000+00:00,-4220,-4544,491,23
2023-05-27T15:01:12.602000+00:00,100,2,84,1,2023-05-27 15:01:12.602000+00:00,2023-05-27T15:01:12.655000+00:00,-4286,-4620,490,23
2023-05-27T15:01:12.802000+00:00,100,2,78,0,2023-05-27 15:01:12.802000+00:00,2023-05-27T15:01:12.655000+00:00,-4286,-4620,490,23
2023-05-27T15:01:13.283000+00:00,0,2,68,2,2023-05-27 15:01:13.283000+00:00,2023-05-27T15:01:13.135000+00:00,-4350,-4645,490,23
2023-05-27T15:01:13.683000+00:00,0,2,67,23,2023-05-27 15:01:13.683000+00:00,2023-05-27T15:01:13.655000+00:00,-4447,-4649,490,23
2023-05-27T15:01:13.843000+00:00,0,2,69,35,2023-05-27 15:01:13.843000+00:00,2023-05-27T15:01:13.875000+00:00,-4505,-4640,490,23
2023-05-27T15:01:14.203000+00:00,0,2,82,56,2023-05-27 15:01:14.203000+00:00,2023-05-27T15:01:14.255000+00:00,-4589,-4619,490,23
2023-05-27T15:01:14.483000+00:00,0,2,92,74,2023-05-27 15:01:14.483000+00:00,2023-05-27T15:01:14.655000+00:00,-4671,-4603,490,23
2023-05-27T15:01:14.643000+00:00,0,2,98,78,2023-05-27 15:01:14.643000+00:00,2023-05-27T15:01:14.655000+00:00,-4671,-4603,490,23
2023-05-27T15:01:14.963000+00:00,0,2,115,100,2023-05-27 15:01:14.963000+00:00,2023-05-27T15:01:14.835000+00:00,-4724,-4599,490,23
2023-05-27T15:01:15.283000+00:00,0,3,138,100,2023-05-27 15:01:15.283000+00:00,2023-05-27T15:01:15.175000+00:00,-4841,-4608,489,23
2023-05-27T15:01:15.443000+00:00,0,3,144,100,2023-05-27 15:01:15.443000+00:00,2023-05-27T15:01:15.455000+00:00,-4937,-4622,489,23
2023-05-27T15:01:15.643000+00:00,0,3,154,100,2023-05-27 15:01:15.643000+00:00,2023-05-27T15:01:15.714000+00:00,-5094,-4646,489,23
2023-05-27T15:01:15.883000+00:00,0,3,169,100,2023-05-27 15:01:15.883000+00:00,2023-05-27T15:01:16.014000+00:00,-5189,-4660,489,23
2023-05-27T15:01:16.083000+00:00,0,4,177,100,2023-05-27 15:01:16.083000+00:00,2023-05-27T15:01:16.014000+00:00,-5189,-4660,489,23
2023-05-27T15:01:16.243000+00:00,0,4,181,100,2023-05-27 15:01:16.243000+00:00,2023-05-27T15:01:16.234000+00:00,-5298,-4674,490,23
2023-05-27T15:01:16.483000+00:00,0,4,193,100,2023-05-27 15:01:16.483000+00:00,2023-05-27T15:01:16.434000+00:00,-5401,-4688,490,23
2023-05-27T15:01:16.723000+00:00,0,4,200,100,2023-05-27 15:01:16.723000+00:00,2023-05-27T15:01:16.754000+00:00,-5621,-4715,490,23
2023-05-27T15:01:16.923000+00:00,0,5,206,100,2023-05-27 15:01:16.923000+00:00,2023-05-27T15:01:17.074000+00:00,-5759,-4731,489,23
2023-05-27T15:01:17.163000+00:00,0,5,212,100,2023-05-27 15:01:17.163000+00:00,2023-05-27T15:01:17.074000+00:00,-5759,-4731,489,23
2023-05-27T15:01:17.363000+00:00,0,5,218,100,2023-05-27 15:01:17.363000+00:00,2023-05-27T15:01:17.394000+00:00,-5975,-4754,490,23
2023-05-27T15:01:17.803000+00:00,0,5,231,100,2023-05-27 15:01:17.803000+00:00,2023-05-27T15:01:17.814000+00:00,-6215,-4775,490,23
2023-05-27T15:01:18.043000+00:00,100,5,232,0,2023-05-27 15:01:18.043000+00:00,2023-05-27T15:01:17.974000+00:00,-6405,-4788,489,23
2023-05-27T15:01:18.323000+00:00,100,5,203,0,2023-05-27 15:01:18.323000+00:00,2023-05-27T15:01:18.414000+00:00,-6643,-4815,491,23
2023-05-27T15:01:18.483000+00:00,100,5,189,0,2023-05-27 15:01:18.483000+00:00,2023-05-27T15:01:18.414000+00:00,-6643,-4815,491,23
2023-05-27T15:01:18.763000+00:00,100,4,177,3,2023-05-27 15:01:18.763000+00:00,2023-05-27T15:01:18.815000+00:00,-6759,-4865,490,23
2023-05-27T15:01:19.042000+00:00,0,4,169,12,2023-05-27 15:01:19.042000+00:00,2023-05-27T15:01:19.035000+00:00,-6861,-4951,488,23
2023-05-27T15:01:19.202000+00:00,0,4,167,57,2023-05-27 15:01:19.202000+00:00,2023-05-27T15:01:19.035000+00:00,-6861,-4951,488,23
2023-05-27T15:01:19.442000+00:00,0,4,169,87,2023-05-27 15:01:19.442000+00:00,2023-05-27T15:01:19.455000+00:00,-6998,-5126,485,23
2023-05-27T15:01:19.603000+00:00,0,4,175,100,2023-05-27 15:01:19.603000+00:00,2023-05-27T15:01:19.455000+00:00,-6998,-5126,485,23
2023-05-27T15:01:19.843000+00:00,0,4,183,100,2023-05-27 15:01:19.843000+00:00,2023-05-27T15:01:19.895000+00:00,-7084,-5288,483,23
2023-05-27T15:01:20.043000+00:00,0,4,189,100,2023-05-27 15:01:20.043000+00:00,2023-05-27T15:01:19.895000+00:00,-7084,-5288,483,23
2023-05-27T15:01:20.203000+00:00,0,4,196,100,2023-05-27 15:01:20.203000+00:00,2023-05-27T15:01:20.295000+00:00,-7144,-5455,483,23
2023-05-27T15:01:20.403000+00:00,0,5,202,100,2023-05-27 15:01:20.403000+00:00,2023-05-27T15:01:20.495000+00:00,-7187,-5647,482,23
2023-05-27T15:01:20.803000+00:00,0,5,214,100,2023-05-27 15:01:20.803000+00:00,2023-05-27T15:01:20.835000+00:00,-7205,-5777,482,23
2023-05-27T15:01:21.043000+00:00,0,5,218,100,2023-05-27 15:01:21.043000+00:00,2023-05-27T15:01:20.995000+00:00,-7214,-5874,482,23
2023-05-27T15:01:21.203000+00:00,0,5,223,100,2023-05-27 15:01:21.203000+00:00,2023-05-27T15:01:21.295000+00:00,-7220,-6059,482,23
2023-05-27T15:01:21.443000+00:00,0,5,227,100,2023-05-27 15:01:21.443000+00:00,2023-05-27T15:01:21.515000+00:00,-7200,-6253,482,23
2023-05-27T15:01:21.763000+00:00,0,5,231,100,2023-05-27 15:01:21.763000+00:00,2023-05-27T15:01:21.835000+00:00,-7150,-6368,481,23
2023-05-27T15:01:22.043000+00:00,0,6,236,100,2023-05-27 15:01:22.043000+00:00,2023-05-27T15:01:21.995000+00:00,-7081,-6445,480,23
2023-05-27T15:01:22.323000+00:00,0,6,240,100,2023-05-27 15:01:22.323000+00:00,2023-05-27T15:01:22.274000+00:00,-6972,-6608,481,23
2023-05-27T15:01:22.563000+00:00,0,6,243,100,2023-05-27 15:01:22.563000+00:00,2023-05-27T15:01:22.574000+00:00,-6891,-6856,480,23
2023-05-27T15:01:22.883000+00:00,0,6,248,100,2023-05-27 15:01:22.883000+00:00,2023-05-27T15:01:22.914000+00:00,-6844,-7028,479,23
2023-05-27T15:01:23.083000+00:00,0,6,248,0,2023-05-27 15:01:23.083000+00:00,2023-05-27T15:01:23.174000+00:00,-6808,-7194,479,23
2023-05-27T15:01:23.243000+00:00,100,6,242,0,2023-05-27 15:01:23.243000+00:00,2023-05-27T15:01:23.174000+00:00,-6808,-7194,479,23
2023-05-27T15:01:23.523000+00:00,100,6,210,0,2023-05-27 15:01:23.523000+00:00,2023-05-27T15:01:23.374000+00:00,-6776,-7392,479,23
2023-05-27T15:01:23.963000+00:00,100,4,173,0,2023-05-27 15:01:23.963000+00:00,2023-05-27T15:01:23.994000+00:00,-6748,-7679,479,23
2023-05-27T15:01:24.163000+00:00,100,4,159,0,2023-05-27 15:01:24.163000+00:00,2023-05-27T15:01:24.274000+00:00,-6745,-7765,479,23
2023-05-27T15:01:24.403000+00:00,100,4,151,0,2023-05-27 15:01:24.403000+00:00,2023-05-27T15:01:24.494000+00:00,-6749,-7853,479,23
2023-05-27T15:01:24.643000+00:00,0,4,140,0,2023-05-27 15:01:24.643000+00:00,2023-05-27T15:01:24.494000+00:00,-6749,-7853,479,23
2023-05-27T15:01:24.843000+00:00,0,4,137,4,2023-05-27 15:01:24.843000+00:00,2023-05-27T15:01:24.854000+00:00,-6835,-8003,479,23
2023-05-27T15:01:25.003000+00:00,0,4,135,14,2023-05-27 15:01:25.003000+00:00,2023-05-27T15:01:25.134000+00:00,-6875,-8047,479,23
2023-05-27T15:01:25.323000+00:00,0,4,131,3,2023-05-27 15:01:25.323000+00:00,2023-05-27T15:01:25.315000+00:00,-6897,-8114,479,23
2023-05-27T15:01:25.603000+00:00,0,4,129,28,2023-05-27 15:01:25.603000+00:00,2023-05-27T15:01:25.655000+00:00,-6894,-8239,478,23
2023-05-27T15:01:25.762000+00:00,0,4,127,53,2023-05-27 15:01:25.762000+00:00,2023-05-27T15:01:25.855000+00:00,-6884,-8305,478,23
2023-05-27T15:01:25.962000+00:00,0,4,129,53,2023-05-27 15:01:25.962000+00:00,2023-05-27T15:01:26.055000+00:00,-6868,-8380,477,23
2023-05-27T15:01:26.243000+00:00,0,4,142,100,2023-05-27 15:01:26.243000+00:00,2023-05-27T15:01:26.235000+00:00,-6849,-8448,477,23
2023-05-27T15:01:26.443000+00:00,0,4,150,100,2023-05-27 15:01:26.443000+00:00,2023-05-27T15:01:26.375000+00:00,-6831,-8504,476,23
2023-05-27T15:01:26.603000+00:00,0,4,160,100,2023-05-27 15:01:26.603000+00:00,2023-05-27T15:01:26.555000+00:00,-6804,-8577,476,23
2023-05-27T15:01:26.883000+00:00,0,4,173,100,2023-05-27 15:01:26.883000+00:00,2023-05-27T15:01:27.015000+00:00,-6711,-8771,478,23
2023-05-27T15:01:27.043000+00:00,0,4,177,100,2023-05-27 15:01:27.043000+00:00,2023-05-27T15:01:27.015000+00:00,-6711,-8771,478,23
2023-05-27T15:01:27.203000+00:00,0,4,185,100,2023-05-27 15:01:27.203000+00:00,2023-05-27T15:01:27.295000+00:00,-6636,-8890,478,23
2023-05-27T15:01:27.403000+00:00,0,4,192,100,2023-05-27 15:01:27.403000+00:00,2023-05-27T15:01:27.295000+00:00,-6636,-8890,478,23
2023-05-27T15:01:27.723000+00:00,0,4,200,100,2023-05-27 15:01:27.723000+00:00,2023-05-27T15:01:27.735000+00:00,-6482,-9074,478,23
2023-05-27T15:01:27.963000+00:00,100,4,203,0,2023-05-27 15:01:27.963000+00:00,2023-05-27T15:01:27.915000+00:00,-6383,-9157,478,23
2023-05-27T15:01:28.243000+00:00,100,4,178,0,2023-05-27 15:01:28.243000+00:00,2023-05-27T15:01:28.315000+00:00,-6199,-9263,479,23
2023-05-27T15:01:28.403000+00:00,100,4,159,0,2023-05-27 15:01:28.403000+00:00,2023-05-27T15:01:28.315000+00:00,-6199,-9263,479,23
2023-05-27T15:01:28.603000+00:00,100,4,140,0,2023-05-27 15:01:28.603000+00:00,2023-05-27T15:01:28.695000+00:00,-6094,-9319,480,23
2023-05-27T15:01:29.683000+00:00,100,2,81,0,2023-05-27 15:01:29.683000+00:00,2023-05-27T15:01:29.794000+00:00,-5929,-9536,485,23
2023-05-27T15:01:29.883000+00:00,100,2,78,0,2023-05-27 15:01:29.883000+00:00,2023-05-27T15:01:29.794000+00:00,-5929,-9536,485,23
2023-05-27T15:01:30.083000+00:00,0,2,72,0,2023-05-27 15:01:30.083000+00:00,2023-05-27T15:01:30.014000+00:00,-5939,-9599,487,23
2023-05-27T15:01:30.283000+00:00,0,2,67,0,2023-05-27 15:01:30.283000+00:00,2023-05-27T15:01:30.294000+00:00,-5953,-9635,488,23
2023-05-27T15:01:30.643000+00:00,0,2,60,6,2023-05-27 15:01:30.643000+00:00,2023-05-27T15:01:30.594000+00:00,-5996,-9693,489,23
2023-05-27T15:01:30.843000+00:00,0,2,62,10,2023-05-27 15:01:30.843000+00:00,2023-05-27T15:01:31.014000+00:00,-6052,-9727,492,23
2023-05-27T15:01:31.083000+00:00,0,2,64,24,2023-05-27 15:01:31.083000+00:00,2023-05-27T15:01:31.014000+00:00,-6052,-9727,492,23
2023-05-27T15:01:31.323000+00:00,0,2,65,34,2023-05-27 15:01:31.323000+00:00,2023-05-27T15:01:31.414000+00:00,-6110,-9745,496,23
2023-05-27T15:01:31.643000+00:00,0,2,77,57,2023-05-27 15:01:31.643000+00:00,2023-05-27T15:01:31.674000+00:00,-6164,-9756,499,23
2023-05-27T15:01:31.803000+00:00,0,2,86,64,2023-05-27 15:01:31.803000+00:00,2023-05-27T15:01:31.835000+00:00,-6228,-9763,502,23
2023-05-27T15:01:32.083000+00:00,0,2,102,93,2023-05-27 15:01:32.083000+00:00,2023-05-27T15:01:32.215000+00:00,-6305,-9769,506,23
2023-05-27T15:01:32.402000+00:00,0,2,118,76,2023-05-27 15:01:32.402000+00:00,2023-05-27T15:01:32.475000+00:00,-6383,-9773,510,23
2023-05-27T15:01:32.562000+00:00,100,2,118,5,2023-05-27 15:01:32.562000+00:00,2023-05-27T15:01:32.555000+00:00,-6409,-9773,510,23
2023-05-27T15:01:32.883000+00:00,100,2,110,0,2023-05-27 15:01:32.883000+00:00,2023-05-27T15:01:32.735000+00:00,-6467,-9772,513,23
2023-05-27T15:01:33.043000+00:00,100,2,101,0,2023-05-27 15:01:33.043000+00:00,2023-05-27T15:01:33.055000+00:00,-6594,-9758,519,23
2023-05-27T15:01:33.283000+00:00,100,2,91,0,2023-05-27 15:01:33.283000+00:00,2023-05-27T15:01:33.495000+00:00,-6668,-9738,520,23
2023-05-27T15:01:33.563000+00:00,0,2,85,0,2023-05-27 15:01:33.563000+00:00,2023-05-27T15:01:33.495000+00:00,-6668,-9738,520,23
2023-05-27T15:01:33.883000+00:00,0,2,80,16,2023-05-27 15:01:33.883000+00:00,2023-05-27T15:01:33.715000+00:00,-6724,-9702,519,23
2023-05-27T15:01:34.203000+00:00,0,2,84,36,2023-05-27 15:01:34.203000+00:00,2023-05-27T15:01:34.095000+00:00,-6775,-9623,514,23
2023-05-27T15:01:34.563000+00:00,0,2,90,55,2023-05-27 15:01:34.563000+00:00,2023-05-27T15:01:34.575000+00:00,-6800,-9535,511,23
2023-05-27T15:01:34.883000+00:00,0,2,111,100,2023-05-27 15:01:34.883000+00:00,2023-05-27T15:01:34.775000+00:00,-6814,-9468,510,23
2023-05-27T15:01:35.083000+00:00,0,2,123,100,2023-05-27 15:01:35.083000+00:00,2023-05-27T15:01:35.115000+00:00,-6836,-9373,507,23
2023-05-27T15:01:35.323000+00:00,0,2,129,100,2023-05-27 15:01:35.323000+00:00,2023-05-27T15:01:35.295000+00:00,-6855,-9315,506,23
2023-05-27T15:01:35.483000+00:00,0,3,145,100,2023-05-27 15:01:35.483000+00:00,2023-05-27T15:01:35.574000+00:00,-6920,-9187,506,23
2023-05-27T15:01:35.683000+00:00,0,3,157,100,2023-05-27 15:01:35.683000+00:00,2023-05-27T15:01:35.574000+00:00,-6920,-9187,506,23
2023-05-27T15:01:35.843000+00:00,0,3,162,100,2023-05-27 15:01:35.843000+00:00,2023-05-27T15:01:36.034000+00:00,-7053,-8991,504,23
2023-05-27T15:01:36.083000+00:00,0,4,176,100,2023-05-27 15:01:36.083000+00:00,2023-05-27T15:01:36.034000+00:00,-7053,-8991,504,23
2023-05-27T15:01:36.323000+00:00,0,4,185,100,2023-05-27 15:01:36.323000+00:00,2023-05-27T15:01:36.394000+00:00,-7126,-8877,504,23
2023-05-27T15:01:36.603000+00:00,0,4,193,100,2023-05-27 15:01:36.603000+00:00,2023-05-27T15:01:36.554000+00:00,-7200,-8733,504,23
2023-05-27T15:01:37.043000+00:00,0,5,211,100,2023-05-27 15:01:37.043000+00:00,2023-05-27T15:01:36.994000+00:00,-7264,-8572,503,23
2023-05-27T15:01:37.283000+00:00,0,5,221,100,2023-05-27 15:01:37.283000+00:00,2023-05-27T15:01:37.374000+00:00,-7337,-8353,503,23
2023-05-27T15:01:37.603000+00:00,0,5,230,100,2023-05-27 15:01:37.603000+00:00,2023-05-27T15:01:37.554000+00:00,-7370,-8244,503,23
2023-05-27T15:01:37.883000+00:00,0,6,238,100,2023-05-27 15:01:37.883000+00:00,2023-05-27T15:01:37.794000+00:00,-7434,-8018,502,23
2023-05-27T15:01:38.083000+00:00,0,6,243,100,2023-05-27 15:01:38.083000+00:00,2023-05-27T15:01:38.134000+00:00,-7473,-7876,502,23
2023-05-27T15:01:38.403000+00:00,0,6,248,100,2023-05-27 15:01:38.403000+00:00,2023-05-27T15:01:38.375000+00:00,-7519,-7703,502,23
2023-05-27T15:01:38.643000+00:00,0,6,254,100,2023-05-27 15:01:38.643000+00:00,2023-05-27T15:01:38.695000+00:00,-7573,-7469,502,23
2023-05-27T15:01:38.803000+00:00,0,6,258,100,2023-05-27 15:01:38.803000+00:00,2023-05-27T15:01:38.695000+00:00,-7573,-7469,502,23
2023-05-27T15:01:38.963000+00:00,0,6,261,100,2023-05-27 15:01:38.963000+00:00,2023-05-27T15:01:38.935000+00:00,-7598,-7327,503,23
2023-05-27T15:01:39.242000+00:00,0,7,266,100,2023-05-27 15:01:39.242000+00:00,2023-05-27T15:01:39.295000+00:00,-7630,-7064,503,23
2023-05-27T15:01:39.483000+00:00,0,7,271,100,2023-05-27 15:01:39.483000+00:00,2023-05-27T15:01:39.495000+00:00,-7643,-6915,502,23
2023-05-27T15:01:39.723000+00:00,0,7,274,27,2023-05-27 15:01:39.723000+00:00,2023-05-27T15:01:39.615000+00:00,-7650,-6816,502,23
2023-05-27T15:01:39.923000+00:00,100,7,267,0,2023-05-27 15:01:39.923000+00:00,2023-05-27T15:01:39.835000+00:00,-7661,-6637,502,23
2023-05-27T15:01:40.083000+00:00,100,7,255,0,2023-05-27 15:01:40.083000+00:00,2023-05-27T15:01:40.055000+00:00,-7676,-6380,503,23
2023-05-27T15:01:40.523000+00:00,100,7,226,0,2023-05-27 15:01:40.523000+00:00,2023-05-27T15:01:40.555000+00:00,-7677,-6148,503,23
2023-05-27T15:01:40.923000+00:00,100,5,200,0,2023-05-27 15:01:40.923000+00:00,2023-05-27T15:01:41.115000+00:00,-7656,-5833,503,23
2023-05-27T15:01:41.163000+00:00,100,4,190,0,2023-05-27 15:01:41.163000+00:00,2023-05-27T15:01:41.115000+00:00,-7656,-5833,503,23
2023-05-27T15:01:41.323000+00:00,100,4,182,0,2023-05-27 15:01:41.323000+00:00,2023-05-27T15:01:41.355000+00:00,-7644,-5714,503,23
2023-05-27T15:01:41.563000+00:00,100,4,167,0,2023-05-27 15:01:41.563000+00:00,2023-05-27T15:01:41.535000+00:00,-7634,-5631,505,23
2023-05-27T15:01:41.883000+00:00,100,3,146,0,2023-05-27 15:01:41.883000+00:00,2023-05-27T15:01:41.934000+00:00,-7607,-5464,514,23
2023-05-27T15:01:42.203000+00:00,100,3,133,0,2023-05-27 15:01:42.203000+00:00,2023-05-27T15:01:42.174000+00:00,-7590,-5371,515,23
2023-05-27T15:01:42.403000+00:00,100,3,125,0,2023-05-27 15:01:42.403000+00:00,2023-05-27T15:01:42.354000+00:00,-7570,-5281,520,23
2023-05-27T15:01:42.683000+00:00,100,3,116,0,2023-05-27 15:01:42.683000+00:00,2023-05-27T15:01:42.734000+00:00,-7548,-5186,521,23
2023-05-27T15:01:42.923000+00:00,100,3,110,0,2023-05-27 15:01:42.923000+00:00,2023-05-27T15:01:42.734000+00:00,-7548,-5186,521,23
2023-05-27T15:05:12.724000+00:00,0,5,212,100,2023-05-27 15:05:12.724000+00:00,2023-05-27T15:05:12.954000+00:00,-7318,-8411,503,26
2023-05-27T15:05:12.964000+00:00,0,5,215,100,2023-05-27 15:05:12.964000+00:00,2023-05-27T15:05:12.954000+00:00,-7318,-8411,503,26
2023-05-27T15:05:13.204000+00:00,0,5,227,100,2023-05-27 15:05:13.204000+00:00,2023-05-27T15:05:13.154000+00:00,-7373,-8232,503,26
2023-05-27T15:05:13.484000+00:00,0,5,235,100,2023-05-27 15:05:13.484000+00:00,2023-05-27T15:05:13.514000+00:00,-7420,-8071,503,26
2023-05-27T15:05:13.724000+00:00,0,6,240,100,2023-05-27 15:05:13.724000+00:00,2023-05-27T15:05:13.774000+00:00,-7473,-7879,502,26
2023-05-27T15:05:14.003000+00:00,0,6,247,100,2023-05-27 15:05:14.003000+00:00,2023-05-27T15:05:14.054000+00:00,-7514,-7721,502,26
2023-05-27T15:05:14.163000+00:00,0,6,250,100,2023-05-27 15:05:14.163000+00:00,2023-05-27T15:05:14.054000+00:00,-7514,-7721,502,26
2023-05-27T15:05:14.323000+00:00,0,6,250,100,2023-05-27 15:05:14.323000+00:00,2023-05-27T15:05:14.334000+00:00,-7560,-7530,502,26
2023-05-27T15:05:14.763000+00:00,0,6,263,100,2023-05-27 15:05:14.763000+00:00,2023-05-27T15:05:14.714000+00:00,-7620,-7160,503,26
2023-05-27T15:05:14.923000+00:00,0,6,263,100,2023-05-27 15:05:14.923000+00:00,2023-05-27T15:05:14.714000+00:00,-7620,-7160,503,26
2023-05-27T15:05:15.163000+00:00,0,7,269,100,2023-05-27 15:05:15.163000+00:00,2023-05-27T15:05:15.234000+00:00,-7645,-6880,502,26
2023-05-27T15:05:15.323000+00:00,0,7,272,100,2023-05-27 15:05:15.323000+00:00,2023-05-27T15:05:15.234000+00:00,-7645,-6880,502,26
2023-05-27T15:05:15.523000+00:00,0,7,275,100,2023-05-27 15:05:15.523000+00:00,2023-05-27T15:05:15.415000+00:00,-7659,-6675,502,26
2023-05-27T15:05:15.723000+00:00,0,7,278,100,2023-05-27 15:05:15.723000+00:00,2023-05-27T15:05:15.695000+00:00,-7670,-6491,502,26
2023-05-27T15:05:16.043000+00:00,0,7,281,100,2023-05-27 15:05:16.043000+00:00,2023-05-27T15:05:15.975000+00:00,-7681,-6274,503,26
2023-05-27T15:05:16.283000+00:00,0,7,284,100,2023-05-27 15:05:16.283000+00:00,2023-05-27T15:05:16.395000+00:00,-7659,-5864,503,26
2023-05-27T15:05:16.484000+00:00,0,7,285,100,2023-05-27 15:05:16.484000+00:00,2023-05-27T15:05:16.395000+00:00,-7659,-5864,503,26
2023-05-27T15:05:16.764000+00:00,100,7,286,0,2023-05-27 15:05:16.764000+00:00,2023-05-27T15:05:16.695000+00:00,-7645,-5722,503,26
2023-05-27T15:05:17.004000+00:00,100,7,254,0,2023-05-27 15:05:17.004000+00:00,2023-05-27T15:05:16.995000+00:00,-7613,-5495,514,26
2023-05-27T15:05:17.244000+00:00,100,7,254,0,2023-05-27 15:05:17.244000+00:00,2023-05-27T15:05:17.275000+00:00,-7576,-5304,519,26
2023-05-27T15:05:17.604000+00:00,100,7,182,0,2023-05-27 15:05:17.604000+00:00,2023-05-27T15:05:17.715000+00:00,-7520,-5076,523,26
2023-05-27T15:05:17.764000+00:00,100,7,171,0,2023-05-27 15:05:17.764000+00:00,2023-05-27T15:05:17.715000+00:00,-7520,-5076,523,26
2023-05-27T15:05:18.004000+00:00,100,7,146,0,2023-05-27 15:05:18.004000+00:00,2023-05-27T15:05:17.975000+00:00,-7488,-4965,526,26
2023-05-27T15:05:18.164000+00:00,100,6,138,0,2023-05-27 15:05:18.164000+00:00,2023-05-27T15:05:18.295000+00:00,-7429,-4798,534,26
2023-05-27T15:05:18.444000+00:00,100,3,125,0,2023-05-27 15:05:18.444000+00:00,2023-05-27T15:05:18.295000+00:00,-7429,-4798,534,26
2023-05-27T15:05:18.604000+00:00,100,3,121,3,2023-05-27 15:05:18.604000+00:00,2023-05-27T15:05:18.714000+00:00,-7383,-4719,536,26
2023-05-27T15:05:18.764000+00:00,0,3,117,8,2023-05-27 15:05:18.764000+00:00,2023-05-27T15:05:18.714000+00:00,-7383,-4719,536,26
2023-05-27T15:05:19.044000+00:00,0,3,113,14,2023-05-27 15:05:19.044000+00:00,2023-05-27T15:05:18.834000+00:00,-7330,-4673,537,26
2023-05-27T15:05:19.324000+00:00,0,3,115,25,2023-05-27 15:05:19.324000+00:00,2023-05-27T15:05:19.314000+00:00,-7222,-4630,541,26
2023-05-27T15:05:19.524000+00:00,0,3,115,55,2023-05-27 15:05:19.524000+00:00,2023-05-27T15:05:19.474000+00:00,-7172,-4618,543,26
2023-05-27T15:05:19.924000+00:00,0,3,125,100,2023-05-27 15:05:19.924000+00:00,2023-05-27T15:05:20.074000+00:00,-6967,-4592,554,26
2023-05-27T15:05:20.244000+00:00,0,3,142,100,2023-05-27 15:05:20.244000+00:00,2023-05-27T15:05:20.294000+00:00,-6926,-4589,558,26
2023-05-27T15:05:20.444000+00:00,0,3,148,100,2023-05-27 15:05:20.444000+00:00,2023-05-27T15:05:20.494000+00:00,-6841,-4582,564,26
2023-05-27T15:05:20.723000+00:00,0,3,166,100,2023-05-27 15:05:20.723000+00:00,2023-05-27T15:05:20.714000+00:00,-6685,-4567,577,26
2023-05-27T15:05:20.923000+00:00,0,4,176,100,2023-05-27 15:05:20.923000+00:00,2023-05-27T15:05:20.714000+00:00,-6685,-4567,577,26
2023-05-27T15:05:21.083000+00:00,0,4,183,100,2023-05-27 15:05:21.083000+00:00,2023-05-27T15:05:21.154000+00:00,-6528,-4547,590,26
2023-05-27T15:05:21.283000+00:00,0,4,191,100,2023-05-27 15:05:21.283000+00:00,2023-05-27T15:05:21.314000+00:00,-6445,-4533,596,26
2023-05-27T15:05:21.563000+00:00,0,4,197,100,2023-05-27 15:05:21.563000+00:00,2023-05-27T15:05:21.554000+00:00,-6318,-4507,608,26
2023-05-27T15:05:22.003000+00:00,0,5,211,100,2023-05-27 15:05:22.003000+00:00,2023-05-27T15:05:22.195000+00:00,-5946,-4417,641,26
2023-05-27T15:05:22.163000+00:00,0,5,211,100,2023-05-27 15:05:22.163000+00:00,2023-05-27T15:05:22.195000+00:00,-5946,-4417,641,26
2023-05-27T15:05:22.403000+00:00,0,5,221,100,2023-05-27 15:05:22.403000+00:00,2023-05-27T15:05:22.375000+00:00,-5756,-4370,658,26
2023-05-27T15:05:22.563000+00:00,0,5,224,100,2023-05-27 15:05:22.563000+00:00,2023-05-27T15:05:22.735000+00:00,-5634,-4339,671,26
2023-05-27T15:05:23.004000+00:00,0,5,234,100,2023-05-27 15:05:23.004000+00:00,2023-05-27T15:05:22.935000+00:00,-5434,-4288,689,26
2023-05-27T15:05:23.284000+00:00,0,6,240,100,2023-05-27 15:05:23.284000+00:00,2023-05-27T15:05:23.255000+00:00,-5300,-4255,702,26
2023-05-27T15:05:23.484000+00:00,0,6,243,100,2023-05-27 15:05:23.484000+00:00,2023-05-27T15:05:23.575000+00:00,-5090,-4218,720,26
2023-05-27T15:05:23.764000+00:00,0,6,246,100,2023-05-27 15:05:23.764000+00:00,2023-05-27T15:05:23.655000+00:00,-5036,-4212,726,26
2023-05-27T15:05:24.004000+00:00,0,6,250,100,2023-05-27 15:05:24.004000+00:00,2023-05-27T15:05:23.975000+00:00,-4816,-4192,746,26
2023-05-27T15:05:24.204000+00:00,0,6,253,100,2023-05-27 15:05:24.204000+00:00,2023-05-27T15:05:24.175000+00:00,-4680,-4173,759,26
2023-05-27T15:05:24.604000+00:00,0,6,256,100,2023-05-27 15:05:24.604000+00:00,2023-05-27T15:05:24.495000+00:00,-4469,-4108,778,26
2023-05-27T15:05:24.964000+00:00,0,6,260,100,2023-05-27 15:05:24.964000+00:00,2023-05-27T15:05:24.975000+00:00,-4155,-3952,806,26
2023-05-27T15:05:25.244000+00:00,0,6,262,100,2023-05-27 15:05:25.244000+00:00,2023-05-27T15:05:25.174000+00:00,-4024,-3892,817,26
2023-05-27T15:05:25.404000+00:00,0,7,263,100,2023-05-27 15:05:25.404000+00:00,2023-05-27T15:05:25.334000+00:00,-3916,-3849,826,26
2023-05-27T15:05:25.644000+00:00,0,7,264,100,2023-05-27 15:05:25.644000+00:00,2023-05-27T15:05:25.534000+00:00,-3778,-3803,835,26
2023-05-27T15:05:26.044000+00:00,0,7,268,100,2023-05-27 15:05:26.044000+00:00,2023-05-27T15:05:25.934000+00:00,-3489,-3741,853,26
2023-05-27T15:05:26.244000+00:00,0,7,268,100,2023-05-27 15:05:26.244000+00:00,2023-05-27T15:05:26.294000+00:00,-3184,-3702,862,26
2023-05-27T15:05:26.404000+00:00,100,7,270,0,2023-05-27 15:05:26.404000+00:00,2023-05-27T15:05:26.454000+00:00,-3066,-3687,862,26
2023-05-27T15:05:26.684000+00:00,100,7,253,0,2023-05-27 15:05:26.684000+00:00,2023-05-27T15:05:26.694000+00:00,-2899,-3655,861,26
2023-05-27T15:05:26.924000+00:00,100,7,239,0,2023-05-27 15:05:26.924000+00:00,2023-05-27T15:05:26.834000+00:00,-2808,-3629,861,26
2023-05-27T15:05:27.244000+00:00,100,7,224,0,2023-05-27 15:05:27.244000+00:00,2023-05-27T15:05:27.274000+00:00,-2517,-3474,864,26
2023-05-27T15:05:27.643000+00:00,100,5,197,0,2023-05-27 15:05:27.643000+00:00,2023-05-27T15:05:27.654000+00:00,-2407,-3368,866,26
2023-05-27T15:05:27.923000+00:00,100,4,184,0,2023-05-27 15:05:27.923000+00:00,2023-05-27T15:05:27.814000+00:00,-2358,-3302,866,26
2023-05-27T15:05:28.163000+00:00,0,4,178,0,2023-05-27 15:05:28.163000+00:00,2023-05-27T15:05:28.054000+00:00,-2304,-3194,868,26
2023-05-27T15:05:28.523000+00:00,0,4,169,7,2023-05-27 15:05:28.523000+00:00,2023-05-27T15:05:28.374000+00:00,-2265,-3020,870,26
2023-05-27T15:05:28.723000+00:00,0,4,162,21,2023-05-27 15:05:28.723000+00:00,2023-05-27T15:05:28.715000+00:00,-2264,-2900,872,26
2023-05-27T15:05:29.003000+00:00,0,4,162,75,2023-05-27 15:05:29.003000+00:00,2023-05-27T15:05:28.895000+00:00,-2285,-2759,874,26
2023-05-27T15:05:29.163000+00:00,0,4,164,85,2023-05-27 15:05:29.163000+00:00,2023-05-27T15:05:29.335000+00:00,-2327,-2636,884,26
2023-05-27T15:05:29.604000+00:00,0,4,174,79,2023-05-27 15:05:29.604000+00:00,2023-05-27T15:05:29.495000+00:00,-2359,-2567,884,26
2023-05-27T15:05:29.764000+00:00,0,4,177,79,2023-05-27 15:05:29.764000+00:00,2023-05-27T15:05:29.715000+00:00,-2413,-2473,885,26
2023-05-27T15:05:29.924000+00:00,0,4,179,69,2023-05-27 15:05:29.924000+00:00,2023-05-27T15:05:29.915000+00:00,-2470,-2391,886,26
2023-05-27T15:05:30.124000+00:00,100,4,179,54,2023-05-27 15:05:30.124000+00:00,2023-05-27T15:05:30.235000+00:00,-2578,-2258,885,26
2023-05-27T15:05:30.364000+00:00,100,4,168,0,2023-05-27 15:05:30.364000+00:00,2023-05-27T15:05:30.475000+00:00,-2642,-2180,887,26
2023-05-27T15:05:30.764000+00:00,0,4,152,2,2023-05-27 15:05:30.764000+00:00,2023-05-27T15:05:30.695000+00:00,-2694,-2102,887,26
2023-05-27T15:05:31.044000+00:00,0,4,145,16,2023-05-27 15:05:31.044000+00:00,2023-05-27T15:05:30.995000+00:00,-2740,-1993,892,26
2023-05-27T15:05:31.444000+00:00,0,4,147,67,2023-05-27 15:05:31.444000+00:00,2023-05-27T15:05:31.355000+00:00,-2743,-1852,895,26
2023-05-27T15:05:31.764000+00:00,0,4,152,90,2023-05-27 15:05:31.764000+00:00,2023-05-27T15:05:31.794000+00:00,-2682,-1676,893,26
2023-05-27T15:05:31.924000+00:00,0,4,159,97,2023-05-27 15:05:31.924000+00:00,2023-05-27T15:05:31.794000+00:00,-2682,-1676,893,26
2023-05-27T15:05:32.244000+00:00,0,4,167,100,2023-05-27 15:05:32.244000+00:00,2023-05-27T15:05:32.254000+00:00,-2549,-1467,873,26
2023-05-27T15:05:32.484000+00:00,0,4,178,100,2023-05-27 15:05:32.484000+00:00,2023-05-27T15:05:32.434000+00:00,-2494,-1400,867,26
2023-05-27T15:05:32.724000+00:00,0,4,186,100,2023-05-27 15:05:32.724000+00:00,2023-05-27T15:05:32.754000+00:00,-2385,-1279,856,26
2023-05-27T15:05:32.964000+00:00,0,4,193,100,2023-05-27 15:05:32.964000+00:00,2023-05-27T15:05:32.954000+00:00,-2313,-1200,849,26
2023-05-27T15:05:33.164000+00:00,0,4,200,100,2023-05-27 15:05:33.164000+00:00,2023-05-27T15:05:33.154000+00:00,-2242,-1116,841,26
2023-05-27T15:05:33.484000+00:00,0,5,213,100,2023-05-27 15:05:33.484000+00:00,2023-05-27T15:05:33.454000+00:00,-2110,-935,825,26
2023-05-27T15:05:33.844000+00:00,0,5,221,100,2023-05-27 15:05:33.844000+00:00,2023-05-27T15:05:33.834000+00:00,-2027,-812,811,26
2023-05-27T15:05:34.043000+00:00,100,5,222,0,2023-05-27 15:05:34.043000+00:00,2023-05-27T15:05:34.114000+00:00,-1901,-635,795,26
2023-05-27T15:05:34.243000+00:00,100,5,201,0,2023-05-27 15:05:34.243000+00:00,2023-05-27T15:05:34.114000+00:00,-1901,-635,795,26
2023-05-27T15:05:34.683000+00:00,100,5,147,0,2023-05-27 15:05:34.683000+00:00,2023-05-27T15:05:34.654000+00:00,-1759,-457,778,26
2023-05-27T15:05:34.843000+00:00,100,5,139,0,2023-05-27 15:05:34.843000+00:00,2023-05-27T15:05:34.814000+00:00,-1717,-408,774,26
2023-05-27T15:05:35.163000+00:00,100,3,119,0,2023-05-27 15:05:35.163000+00:00,2023-05-27T15:05:35.295000+00:00,-1603,-283,762,26
2023-05-27T15:05:35.483000+00:00,100,2,99,0,2023-05-27 15:05:35.483000+00:00,2023-05-27T15:05:35.475000+00:00,-1537,-227,755,26
2023-05-27T15:05:35.763000+00:00,100,2,95,0,2023-05-27 15:05:35.763000+00:00,2023-05-27T15:05:35.895000+00:00,-1482,-201,751,26
2023-05-27T15:05:36.124000+00:00,100,2,84,0,2023-05-27 15:05:36.124000+00:00,2023-05-27T15:05:36.075000+00:00,-1443,-197,749,26
2023-05-27T15:05:36.404000+00:00,0,2,82,0,2023-05-27 15:05:36.404000+00:00,2023-05-27T15:05:36.355000+00:00,-1381,-210,742,26
2023-05-27T15:05:36.604000+00:00,0,2,79,0,2023-05-27 15:05:36.604000+00:00,2023-05-27T15:05:36.515000+00:00,-1349,-225,738,26
2023-05-27T15:05:36.764000+00:00,0,2,75,4,2023-05-27 15:05:36.764000+00:00,2023-05-27T15:05:36.735000+00:00,-1310,-252,734,26
2023-05-27T15:05:36.924000+00:00,0,2,73,28,2023-05-27 15:05:36.924000+00:00,2023-05-27T15:05:36.975000+00:00,-1276,-289,730,26
2023-05-27T15:05:37.084000+00:00,0,2,78,36,2023-05-27 15:05:37.084000+00:00,2023-05-27T15:05:37.135000+00:00,-1244,-345,725,26
2023-05-27T15:05:37.364000+00:00,0,2,80,48,2023-05-27 15:05:37.364000+00:00,2023-05-27T15:05:37.135000+00:00,-1244,-345,725,26
2023-05-27T15:05:37.564000+00:00,0,2,90,62,2023-05-27 15:05:37.564000+00:00,2023-05-27T15:05:37.615000+00:00,-1219,-425,720,26
2023-05-27T15:05:37.724000+00:00,0,2,93,78,2023-05-27 15:05:37.724000+00:00,2023-05-27T15:05:37.775000+00:00,-1209,-467,717,26
2023-05-27T15:05:37.924000+00:00,0,2,107,83,2023-05-27 15:05:37.924000+00:00,2023-05-27T15:05:38.035000+00:00,-1189,-543,710,26
2023-05-27T15:05:38.084000+00:00,0,2,112,100,2023-05-27 15:05:38.084000+00:00,2023-05-27T15:05:38.035000+00:00,-1189,-543,710,26
2023-05-27T15:05:38.364000+00:00,0,2,129,100,2023-05-27 15:05:38.364000+00:00,2023-05-27T15:05:38.254000+00:00,-1159,-641,701,26
2023-05-27T15:05:38.644000+00:00,0,3,146,100,2023-05-27 15:05:38.644000+00:00,2023-05-27T15:05:38.594000+00:00,-1126,-734,693,26
2023-05-27T15:05:38.884000+00:00,100,3,152,0,2023-05-27 15:05:38.884000+00:00,2023-05-27T15:05:38.794000+00:00,-1094,-811,689,26
2023-05-27T15:05:39.204000+00:00,100,3,128,0,2023-05-27 15:05:39.204000+00:00,2023-05-27T15:05:39.194000+00:00,-1020,-953,677,26
2023-05-27T15:05:39.364000+00:00,100,3,119,0,2023-05-27 15:05:39.364000+00:00,2023-05-27T15:05:39.394000+00:00,-984,-1008,673,26
2023-05-27T15:05:39.524000+00:00,100,3,101,0,2023-05-27 15:05:39.524000+00:00,2023-05-27T15:05:39.394000+00:00,-984,-1008,673,26
2023-05-27T15:05:39.844000+00:00,100,1,84,0,2023-05-27 15:05:39.844000+00:00,2023-05-27T15:05:39.874000+00:00,-897,-1098,663,26
2023-05-27T15:05:40.284000+00:00,100,1,73,0,2023-05-27 15:05:40.284000+00:00,2023-05-27T15:05:40.294000+00:00,-820,-1132,659,26
2023-05-27T15:05:40.524000+00:00,100,1,63,0,2023-05-27 15:05:40.524000+00:00,2023-05-27T15:05:40.454000+00:00,-771,-1127,657,26
2023-05-27T15:05:40.843000+00:00,0,1,57,0,2023-05-27 15:05:40.843000+00:00,2023-05-27T15:05:40.774000+00:00,-749,-1111,656,26
2023-05-27T15:05:41.123000+00:00,0,1,53,0,2023-05-27 15:05:41.123000+00:00,2023-05-27T15:05:41.054000+00:00,-732,-1073,655,26
2023-05-27T15:05:41.323000+00:00,0,1,50,0,2023-05-27 15:05:41.323000+00:00,2023-05-27T15:05:41.374000+00:00,-732,-1026,650,26
2023-05-27T15:05:41.723000+00:00,0,1,43,8,2023-05-27 15:05:41.723000+00:00,2023-05-27T15:05:41.614000+00:00,-739,-993,645,26
2023-05-27T15:05:41.883000+00:00,0,1,46,12,2023-05-27 15:05:41.883000+00:00,2023-05-27T15:05:41.855000+00:00,-750,-962,643,26
2023-05-27T15:05:42.243000+00:00,0,1,50,19,2023-05-27 15:05:42.243000+00:00,2023-05-27T15:05:42.375000+00:00,-782,-901,638,26
2023-05-27T15:05:42.483000+00:00,0,1,56,26,2023-05-27 15:05:42.483000+00:00,2023-05-27T15:05:42.375000+00:00,-782,-901,638,26
2023-05-27T15:05:42.844000+00:00,0,1,64,39,2023-05-27 15:05:42.844000+00:00,2023-05-27T15:05:42.755000+00:00,-819,-853,632,26
2023-05-27T15:05:43.164000+00:00,0,1,74,55,2023-05-27 15:05:43.164000+00:00,2023-05-27T15:05:43.135000+00:00,-869,-799,625,26
2023-05-27T15:05:43.484000+00:00,0,1,94,76,2023-05-27 15:05:43.484000+00:00,2023-05-27T15:05:43.495000+00:00,-919,-748,619,26
2023-05-27T15:05:43.764000+00:00,100,1,104,18,2023-05-27 15:05:43.764000+00:00,2023-05-27T15:05:43.775000+00:00,-981,-676,612,26
2023-05-27T15:05:43.964000+00:00,100,2,103,0,2023-05-27 15:05:43.964000+00:00,2023-05-27T15:05:44.115000+00:00,-1017,-610,608,26
2023-05-27T15:05:44.124000+00:00,100,2,97,0,2023-05-27 15:05:44.124000+00:00,2023-05-27T15:05:44.115000+00:00,-1017,-610,608,26
2023-05-27T15:05:44.364000+00:00,100,2,94,0,2023-05-27 15:05:44.364000+00:00,2023-05-27T15:05:44.355000+00:00,-1029,-526,605,26
2023-05-27T15:05:44.724000+00:00,0,2,87,0,2023-05-27 15:05:44.724000+00:00,2023-05-27T15:05:44.715000+00:00,-999,-436,596,26
2023-05-27T15:05:45.164000+00:00,0,2,82,14,2023-05-27 15:05:45.164000+00:00,2023-05-27T15:05:45.134000+00:00,-956,-386,590,26
2023-05-27T15:05:45.604000+00:00,0,2,86,53,2023-05-27 15:05:45.604000+00:00,2023-05-27T15:05:45.594000+00:00,-838,-307,577,26
2023-05-27T15:05:45.924000+00:00,0,2,97,62,2023-05-27 15:05:45.924000+00:00,2023-05-27T15:05:45.934000+00:00,-792,-284,572,26
2023-05-27T15:05:46.124000+00:00,0,2,105,76,2023-05-27 15:05:46.124000+00:00,2023-05-27T15:05:46.254000+00:00,-706,-247,566,26
2023-05-27T15:05:46.404000+00:00,0,2,122,100,2023-05-27 15:05:46.404000+00:00,2023-05-27T15:05:46.434000+00:00,-650,-225,562,26
2023-05-27T15:05:46.564000+00:00,0,2,128,100,2023-05-27 15:05:46.564000+00:00,2023-05-27T15:05:46.654000+00:00,-542,-189,556,26
2023-05-27T15:05:46.724000+00:00,100,2,132,0,2023-05-27 15:05:46.724000+00:00,2023-05-27T15:05:46.654000+00:00,-542,-189,556,26
2023-05-27T15:05:47.084000+00:00,100,2,107,0,2023-05-27 15:05:47.084000+00:00,2023-05-27T15:05:47.094000+00:00,-437,-169,552,26
2023-05-27T15:05:47.404000+00:00,100,2,101,0,2023-05-27 15:05:47.404000+00:00,2023-05-27T15:05:47.374000+00:00,-360,-171,548,26
2023-05-27T15:05:47.683000+00:00,100,2,92,0,2023-05-27 15:05:47.683000+00:00,2023-05-27T15:05:47.714000+00:00,-282,-210,546,26
2023-05-27T15:05:47.923000+00:00,0,2,86,0,2023-05-27 15:05:47.923000+00:00,2023-05-27T15:05:47.994000+00:00,-230,-293,545,26
2023-05-27T15:05:48.163000+00:00,0,2,83,13,2023-05-27 15:05:48.163000+00:00,2023-05-27T15:05:47.994000+00:00,-230,-293,545,26
2023-05-27T15:05:48.443000+00:00,0,2,86,44,2023-05-27 15:05:48.443000+00:00,2023-05-27T15:05:48.455000+00:00,-198,-405,545,26
2023-05-27T15:05:48.683000+00:00,0,2,92,57,2023-05-27 15:05:48.683000+00:00,2023-05-27T15:05:48.795000+00:00,-191,-457,545,26
2023-05-27T15:05:48.883000+00:00,0,2,99,69,2023-05-27 15:05:48.883000+00:00,2023-05-27T15:05:48.795000+00:00,-191,-457,545,26
2023-05-27T15:05:49.163000+00:00,0,2,106,85,2023-05-27 15:05:49.163000+00:00,2023-05-27T15:05:49.095000+00:00,-186,-535,545,26
2023-05-27T15:05:49.524000+00:00,0,2,128,100,2023-05-27 15:05:49.524000+00:00,2023-05-27T15:05:49.435000+00:00,-185,-601,545,26
2023-05-27T15:05:49.724000+00:00,0,3,138,100,2023-05-27 15:05:49.724000+00:00,2023-05-27T15:05:49.755000+00:00,-190,-719,545,26
2023-05-27T15:05:49.884000+00:00,0,3,149,100,2023-05-27 15:05:49.884000+00:00,2023-05-27T15:05:49.915000+00:00,-196,-783,545,26
2023-05-27T15:05:50.084000+00:00,0,3,160,100,2023-05-27 15:05:50.084000+00:00,2023-05-27T15:05:50.095000+00:00,-211,-914,544,26
2023-05-27T15:05:50.364000+00:00,0,3,169,100,2023-05-27 15:05:50.364000+00:00,2023-05-27T15:05:50.395000+00:00,-220,-998,543,26
2023-05-27T15:05:50.564000+00:00,0,3,178,100,2023-05-27 15:05:50.564000+00:00,2023-05-27T15:05:50.615000+00:00,-232,-1106,543,26
2023-05-27T15:05:50.724000+00:00,0,4,186,100,2023-05-27 15:05:50.724000+00:00,2023-05-27T15:05:50.615000+00:00,-232,-1106,543,26
2023-05-27T15:05:50.964000+00:00,0,4,194,100,2023-05-27 15:05:50.964000+00:00,2023-05-27T15:05:50.935000+00:00,-250,-1274,543,26
2023-05-27T15:05:51.164000+00:00,0,4,201,100,2023-05-27 15:05:51.164000+00:00,2023-05-27T15:05:51.155000+00:00,-264,-1395,543,26
2023-05-27T15:05:51.364000+00:00,0,4,207,100,2023-05-27 15:05:51.364000+00:00,2023-05-27T15:05:51.394000+00:00,-278,-1531,542,26
2023-05-27T15:05:51.684000+00:00,0,5,219,100,2023-05-27 15:05:51.684000+00:00,2023-05-27T15:05:51.614000+00:00,-303,-1708,542,26
2023-05-27T15:05:52.004000+00:00,0,5,227,100,2023-05-27 15:05:52.004000+00:00,2023-05-27T15:05:51.914000+00:00,-334,-1839,542,26
2023-05-27T15:05:52.164000+00:00,0,5,229,100,2023-05-27 15:05:52.164000+00:00,2023-05-27T15:05:52.214000+00:00,-400,-2059,542,26
2023-05-27T15:05:52.364000+00:00,0,5,234,100,2023-05-27 15:05:52.364000+00:00,2023-05-27T15:05:52.214000+00:00,-400,-2059,542,26
2023-05-27T15:05:52.604000+00:00,0,6,240,100,2023-05-27 15:05:52.604000+00:00,2023-05-27T15:05:52.574000+00:00,-466,-2245,541,26
2023-05-27T15:05:52.964000+00:00,0,6,246,100,2023-05-27 15:05:52.964000+00:00,2023-05-27T15:05:52.974000+00:00,-566,-2497,541,26
2023-05-27T15:05:53.204000+00:00,0,6,251,100,2023-05-27 15:05:53.204000+00:00,2023-05-27T15:05:53.234000+00:00,-638,-2662,541,26
2023-05-27T15:05:53.604000+00:00,0,6,254,100,2023-05-27 15:05:53.604000+00:00,2023-05-27T15:05:53.714000+00:00,-829,-3013,542,26
2023-05-27T15:05:53.884000+00:00,0,6,260,100,2023-05-27 15:05:53.884000+00:00,2023-05-27T15:05:53.954000+00:00,-925,-3135,542,26
2023-05-27T15:05:54.084000+00:00,0,6,262,100,2023-05-27 15:05:54.084000+00:00,2023-05-27T15:05:53.954000+00:00,-925,-3135,542,26
2023-05-27T15:05:54.363000+00:00,0,7,262,100,2023-05-27 15:05:54.363000+00:00,2023-05-27T15:05:54.274000+00:00,-1162,-3349,542,26
2023-05-27T15:05:54.523000+00:00,0,7,265,100,2023-05-27 15:05:54.523000+00:00,2023-05-27T15:05:54.694000+00:00,-1366,-3471,541,26
2023-05-27T15:05:54.723000+00:00,0,7,267,100,2023-05-27 15:05:54.723000+00:00,2023-05-27T15:05:54.694000+00:00,-1366,-3471,541,26
2023-05-27T15:05:54.923000+00:00,0,7,268,100,2023-05-27 15:05:54.923000+00:00,2023-05-27T15:05:54.975000+00:00,-1557,-3562,541,26
2023-05-27T15:05:55.243000+00:00,0,7,272,100,2023-05-27 15:05:55.243000+00:00,2023-05-27T15:05:55.235000+00:00,-1734,-3646,540,26
2023-05-27T15:05:55.603000+00:00,0,7,277,100,2023-05-27 15:05:55.603000+00:00,2023-05-27T15:05:55.475000+00:00,-1938,-3749,541,26
2023-05-27T15:05:55.804000+00:00,0,7,278,100,2023-05-27 15:05:55.804000+00:00,2023-05-27T15:05:55.755000+00:00,-2074,-3818,541,26
2023-05-27T15:05:56.084000+00:00,0,7,280,100,2023-05-27 15:05:56.084000+00:00,2023-05-27T15:05:56.135000+00:00,-2335,-3947,541,26
2023-05-27T15:05:56.284000+00:00,0,7,280,100,2023-05-27 15:05:56.284000+00:00,2023-05-27T15:05:56.155000+00:00,-2349,-3954,541,26
2023-05-27T15:05:56.444000+00:00,0,7,281,100,2023-05-27 15:05:56.444000+00:00,2023-05-27T15:05:56.455000+00:00,-2439,-3996,542,26
2023-05-27T15:05:56.604000+00:00,0,7,283,100,2023-05-27 15:05:56.604000+00:00,2023-05-27T15:05:56.735000+00:00,-2671,-4095,543,26
2023-05-27T15:05:56.924000+00:00,0,7,285,100,2023-05-27 15:05:56.924000+00:00,2023-05-27T15:05:57.095000+00:00,-2909,-4181,542,26
2023-05-27T15:05:57.124000+00:00,0,7,286,100,2023-05-27 15:05:57.124000+00:00,2023-05-27T15:05:57.095000+00:00,-2909,-4181,542,26
2023-05-27T15:05:57.324000+00:00,100,7,280,0,2023-05-27 15:05:57.324000+00:00,2023-05-27T15:05:57.275000+00:00,-3046,-4222,541,26
2023-05-27T15:05:57.564000+00:00,100,7,268,0,2023-05-27 15:05:57.564000+00:00,2023-05-27T15:05:57.515000+00:00,-3220,-4266,536,26
2023-05-27T15:05:57.924000+00:00,100,7,206,0,2023-05-27 15:05:57.924000+00:00,2023-05-27T15:05:57.795000+00:00,-3435,-4305,527,26
2023-05-27T15:05:58.084000+00:00,100,7,185,0,2023-05-27 15:05:58.084000+00:00,2023-05-27T15:05:58.094000+00:00,-3565,-4323,521,26
2023-05-27T15:05:58.284000+00:00,100,7,165,0,2023-05-27 15:05:58.284000+00:00,2023-05-27T15:05:58.234000+00:00,-3635,-4330,517,26
2023-05-27T15:05:58.524000+00:00,100,6,147,0,2023-05-27 15:05:58.524000+00:00,2023-05-27T15:05:58.454000+00:00,-3732,-4340,512,26
2023-05-27T15:05:58.724000+00:00,100,4,131,0,2023-05-27 15:05:58.724000+00:00,2023-05-27T15:05:58.634000+00:00,-3804,-4348,509,26
2023-05-27T15:05:59.004000+00:00,100,2,114,0,2023-05-27 15:05:59.004000+00:00,2023-05-27T15:05:58.914000+00:00,-3902,-4358,504,26
2023-05-27T15:05:59.204000+00:00,100,2,106,0,2023-05-27 15:05:59.204000+00:00,2023-05-27T15:05:59.154000+00:00,-4041,-4377,497,26
2023-05-27T15:05:59.524000+00:00,100,2,95,0,2023-05-27 15:05:59.524000+00:00,2023-05-27T15:05:59.634000+00:00,-4180,-4471,493,26
2023-05-27T15:05:59.804000+00:00,100,2,88,0,2023-05-27 15:05:59.804000+00:00,2023-05-27T15:05:59.914000+00:00,-4205,-4517,491,26
2023-05-27T15:06:00.084000+00:00,100,2,80,0,2023-05-27 15:06:00.084000+00:00,2023-05-27T15:06:00.194000+00:00,-4239,-4574,490,26
2023-05-27T15:06:00.404000+00:00,100,2,74,0,2023-05-27 15:06:00.404000+00:00,2023-05-27T15:06:00.274000+00:00,-4250,-4588,490,26
2023-05-27T15:06:00.564000+00:00,0,2,72,0,2023-05-27 15:06:00.564000+00:00,2023-05-27T15:06:00.614000+00:00,-4319,-4636,490,26
2023-05-27T15:06:00.764000+00:00,0,2,68,10,2023-05-27 15:06:00.764000+00:00,2023-05-27T15:06:00.614000+00:00,-4319,-4636,490,26
2023-05-27T15:06:01.083000+00:00,0,2,69,34,2023-05-27 15:06:01.083000+00:00,2023-05-27T15:06:00.994000+00:00,-4370,-4648,490,26
2023-05-27T15:06:01.323000+00:00,0,2,74,45,2023-05-27 15:06:01.323000+00:00,2023-05-27T15:06:01.394000+00:00,-4450,-4649,490,26
2023-05-27T15:06:01.603000+00:00,0,2,85,58,2023-05-27 15:06:01.603000+00:00,2023-05-27T15:06:01.575000+00:00,-4495,-4643,490,26
2023-05-27T15:06:01.883000+00:00,0,2,93,86,2023-05-27 15:06:01.883000+00:00,2023-05-27T15:06:01.755000+00:00,-4538,-4633,490,26
2023-05-27T15:06:02.043000+00:00,0,2,104,97,2023-05-27 15:06:02.043000+00:00,2023-05-27T15:06:02.015000+00:00,-4608,-4615,489,26
2023-05-27T15:06:02.243000+00:00,0,2,115,100,2023-05-27 15:06:02.243000+00:00,2023-05-27T15:06:02.275000+00:00,-4729,-4599,490,26
2023-05-27T15:06:02.524000+00:00,0,2,127,100,2023-05-27 15:06:02.524000+00:00,2023-05-27T15:06:02.675000+00:00,-4912,-4617,489,26
2023-05-27T15:06:02.884000+00:00,0,3,138,100,2023-05-27 15:06:02.884000+00:00,2023-05-27T15:06:03.015000+00:00,-4993,-4630,489,26
2023-05-27T15:06:03.204000+00:00,0,3,169,100,2023-05-27 15:06:03.204000+00:00,2023-05-27T15:06:03.255000+00:00,-5102,-4647,489,26
2023-05-27T15:06:03.484000+00:00,0,4,181,100,2023-05-27 15:06:03.484000+00:00,2023-05-27T15:06:03.435000+00:00,-5189,-4660,489,26
2023-05-27T15:06:03.684000+00:00,0,4,189,100,2023-05-27 15:06:03.684000+00:00,2023-05-27T15:06:03.675000+00:00,-5310,-4676,490,26
2023-05-27T15:06:03.924000+00:00,0,4,192,100,2023-05-27 15:06:03.924000+00:00,2023-05-27T15:06:03.955000+00:00,-5525,-4703,490,26
2023-05-27T15:06:04.284000+00:00,0,5,209,100,2023-05-27 15:06:04.284000+00:00,2023-05-27T15:06:04.255000+00:00,-5626,-4715,490,26
2023-05-27T15:06:04.524000+00:00,0,5,215,100,2023-05-27 15:06:04.524000+00:00,2023-05-27T15:06:04.494000+00:00,-5766,-4732,490,26
2023-05-27T15:06:04.724000+00:00,0,5,220,100,2023-05-27 15:06:04.724000+00:00,2023-05-27T15:06:04.754000+00:00,-5923,-4748,489,26
2023-05-27T15:06:04.884000+00:00,0,5,225,100,2023-05-27 15:06:04.884000+00:00,2023-05-27T15:06:04.934000+00:00,-6123,-4768,489,26
2023-05-27T15:06:05.164000+00:00,0,5,231,100,2023-05-27 15:06:05.164000+00:00,2023-05-27T15:06:05.294000+00:00,-6264,-4779,490,26
2023-05-27T15:06:05.524000+00:00,100,5,215,0,2023-05-27 15:06:05.524000+00:00,2023-05-27T15:06:05.614000+00:00,-6481,-4792,490,26
2023-05-27T15:06:05.724000+00:00,100,5,200,0,2023-05-27 15:06:05.724000+00:00,2023-05-27T15:06:05.614000+00:00,-6481,-4792,490,26
2023-05-27T15:06:05.964000+00:00,100,5,185,0,2023-05-27 15:06:05.964000+00:00,2023-05-27T15:06:05.934000+00:00,-6626,-4811,491,26
2023-05-27T15:06:06.244000+00:00,0,4,175,6,2023-05-27 15:06:06.244000+00:00,2023-05-27T15:06:06.214000+00:00,-6745,-4857,491,26
2023-05-27T15:06:06.644000+00:00,0,4,170,72,2023-05-27 15:06:06.644000+00:00,2023-05-27T15:06:06.674000+00:00,-6910,-5005,487,26
2023-05-27T15:06:06.884000+00:00,0,4,176,92,2023-05-27 15:06:06.884000+00:00,2023-05-27T15:06:06.914000+00:00,-6981,-5100,486,26
2023-05-27T15:06:07.164000+00:00,0,4,182,100,2023-05-27 15:06:07.164000+00:00,2023-05-27T15:06:07.214000+00:00,-7057,-5231,484,26
2023-05-27T15:06:07.324000+00:00,0,4,188,100,2023-05-27 15:06:07.324000+00:00,2023-05-27T15:06:07.214000+00:00,-7057,-5231,484,26
2023-05-27T15:06:07.643000+00:00,0,4,194,100,2023-05-27 15:06:07.643000+00:00,2023-05-27T15:06:07.794000+00:00,-7160,-5518,483,26
2023-05-27T15:06:07.923000+00:00,0,5,204,100,2023-05-27 15:06:07.923000+00:00,2023-05-27T15:06:07.974000+00:00,-7186,-5638,482,26
2023-05-27T15:06:08.283000+00:00,0,5,217,100,2023-05-27 15:06:08.283000+00:00,2023-05-27T15:06:08.255000+00:00,-7214,-5878,482,26
2023-05-27T15:06:08.523000+00:00,0,5,222,100,2023-05-27 15:06:08.523000+00:00,2023-05-27T15:06:08.515000+00:00,-7220,-5976,482,26
2023-05-27T15:06:08.763000+00:00,0,5,226,100,2023-05-27 15:06:08.763000+00:00,2023-05-27T15:06:08.915000+00:00,-7208,-6210,482,26
2023-05-27T15:06:09.084000+00:00,0,5,233,100,2023-05-27 15:06:09.084000+00:00,2023-05-27T15:06:09.075000+00:00,-7154,-6362,481,26
2023-05-27T15:06:09.324000+00:00,0,6,235,100,2023-05-27 15:06:09.324000+00:00,2023-05-27T15:06:09.395000+00:00,-7066,-6461,480,26
2023-05-27T15:06:09.644000+00:00,0,6,239,100,2023-05-27 15:06:09.644000+00:00,2023-05-27T15:06:09.735000+00:00,-6952,-6662,480,26
2023-05-27T15:06:09.804000+00:00,0,6,245,100,2023-05-27 15:06:09.804000+00:00,2023-05-27T15:06:09.735000+00:00,-6952,-6662,480,26
2023-05-27T15:06:10.084000+00:00,0,6,246,100,2023-05-27 15:06:10.084000+00:00,2023-05-27T15:06:10.135000+00:00,-6860,-6965,479,26
2023-05-27T15:06:10.524000+00:00,100,6,251,0,2023-05-27 15:06:10.524000+00:00,2023-05-27T15:06:10.435000+00:00,-6821,-7127,479,26
2023-05-27T15:06:10.884000+00:00,100,6,204,0,2023-05-27 15:06:10.884000+00:00,2023-05-27T15:06:10.935000+00:00,-6764,-7487,479,26
2023-05-27T15:06:11.044000+00:00,100,6,190,0,2023-05-27 15:06:11.044000+00:00,2023-05-27T15:06:10.935000+00:00,-6764,-7487,479,26
2023-05-27T15:06:11.244000+00:00,100,5,184,0,2023-05-27 15:06:11.244000+00:00,2023-05-27T15:06:11.314000+00:00,-6751,-7637,479,26
2023-05-27T15:06:11.604000+00:00,100,4,151,0,2023-05-27 15:06:11.604000+00:00,2023-05-27T15:06:11.574000+00:00,-6745,-7751,479,26
2023-05-27T15:06:11.964000+00:00,100,4,140,4,2023-05-27 15:06:11.964000+00:00,2023-05-27T15:06:11.794000+00:00,-6754,-7885,479,26
2023-05-27T15:06:12.164000+00:00,0,4,136,5,2023-05-27 15:06:12.164000+00:00,2023-05-27T15:06:12.214000+00:00,-6800,-7973,479,26
2023-05-27T15:06:12.324000+00:00,100,4,133,5,2023-05-27 15:06:12.324000+00:00,2023-05-27T15:06:12.394000+00:00,-6857,-8023,479,26
2023-05-27T15:06:12.564000+00:00,0,4,131,8,2023-05-27 15:06:12.564000+00:00,2023-05-27T15:06:12.614000+00:00,-6893,-8093,479,26
2023-05-27T15:06:12.804000+00:00,0,4,126,12,2023-05-27 15:06:12.804000+00:00,2023-05-27T15:06:12.834000+00:00,-6897,-8209,478,26
2023-05-27T15:06:13.084000+00:00,0,4,127,55,2023-05-27 15:06:13.084000+00:00,2023-05-27T15:06:13.054000+00:00,-6892,-8253,478,26
2023-05-27T15:06:13.324000+00:00,0,4,131,69,2023-05-27 15:06:13.324000+00:00,2023-05-27T15:06:13.274000+00:00,-6879,-8331,478,26
2023-05-27T15:06:13.644000+00:00,0,4,143,100,2023-05-27 15:06:13.644000+00:00,2023-05-27T15:06:13.634000+00:00,-6844,-8464,476,26
2023-05-27T15:06:13.804000+00:00,0,4,151,100,2023-05-27 15:06:13.804000+00:00,2023-05-27T15:06:13.854000+00:00,-6815,-8550,476,26
2023-05-27T15:06:14.204000+00:00,0,4,169,100,2023-05-27 15:06:14.204000+00:00,2023-05-27T15:06:14.214000+00:00,-6719,-8757,478,26
2023-05-27T15:06:14.523000+00:00,0,4,181,100,2023-05-27 15:06:14.523000+00:00,2023-05-27T15:06:14.494000+00:00,-6684,-8817,478,26
2023-05-27T15:06:14.723000+00:00,0,4,190,100,2023-05-27 15:06:14.723000+00:00,2023-05-27T15:06:14.835000+00:00,-6587,-8956,477,26
2023-05-27T15:06:14.963000+00:00,0,4,195,100,2023-05-27 15:06:14.963000+00:00,2023-05-27T15:06:14.995000+00:00,-6531,-9022,477,26
2023-05-27T15:06:15.123000+00:00,0,4,195,100,2023-05-27 15:06:15.123000+00:00,2023-05-27T15:06:15.175000+00:00,-6463,-9093,478,26
2023-05-27T15:06:15.443000+00:00,100,4,196,0,2023-05-27 15:06:15.443000+00:00,2023-05-27T15:06:15.335000+00:00,-6407,-9140,478,26
2023-05-27T15:06:15.724000+00:00,100,4,170,0,2023-05-27 15:06:15.724000+00:00,2023-05-27T15:06:15.595000+00:00,-6291,-9213,478,26
2023-05-27T15:06:16.124000+00:00,100,3,125,0,2023-05-27 15:06:16.124000+00:00,2023-05-27T15:06:16.075000+00:00,-6070,-9333,481,26
2023-05-27T15:06:16.324000+00:00,100,3,111,0,2023-05-27 15:06:16.324000+00:00,2023-05-27T15:06:16.395000+00:00,-6025,-9364,482,26
2023-05-27T15:06:16.524000+00:00,100,2,100,0,2023-05-27 15:06:16.524000+00:00,2023-05-27T15:06:16.395000+00:00,-6025,-9364,482,26
2023-05-27T15:06:16.684000+00:00,100,2,91,0,2023-05-27 15:06:16.684000+00:00,2023-05-27T15:06:16.655000+00:00,-5956,-9433,483,26
2023-05-27T15:06:17.124000+00:00,100,2,79,0,2023-05-27 15:06:17.124000+00:00,2023-05-27T15:06:17.135000+00:00,-5929,-9519,484,26
2023-05-27T15:06:17.284000+00:00,100,2,75,0,2023-05-27 15:06:17.284000+00:00,2023-05-27T15:06:17.395000+00:00,-5932,-9562,486,26
2023-05-27T15:06:17.524000+00:00,0,2,71,0,2023-05-27 15:06:17.524000+00:00,2023-05-27T15:06:17.395000+00:00,-5932,-9562,486,26
2023-05-27T15:06:17.684000+00:00,0,2,66,0,2023-05-27 15:06:17.684000+00:00,2023-05-27T15:06:17.654000+00:00,-5943,-9612,487,26
2023-05-27T15:06:18.004000+00:00,0,2,62,16,2023-05-27 15:06:18.004000+00:00,2023-05-27T15:06:17.894000+00:00,-5971,-9665,488,26
2023-05-27T15:06:18.324000+00:00,0,2,65,21,2023-05-27 15:06:18.324000+00:00,2023-05-27T15:06:18.214000+00:00,-5996,-9694,489,26
2023-05-27T15:06:18.564000+00:00,0,2,68,26,2023-05-27 15:06:18.564000+00:00,2023-05-27T15:06:18.534000+00:00,-6045,-9724,492,26
2023-05-27T15:06:18.764000+00:00,0,2,73,46,2023-05-27 15:06:18.764000+00:00,2023-05-27T15:06:18.774000+00:00,-6103,-9743,496,26
2023-05-27T15:06:18.924000+00:00,0,2,79,50,2023-05-27 15:06:18.924000+00:00,2023-05-27T15:06:18.774000+00:00,-6103,-9743,496,26
2023-05-27T15:06:19.164000+00:00,0,2,85,55,2023-05-27 15:06:19.164000+00:00,2023-05-27T15:06:19.134000+00:00,-6170,-9757,499,26
2023-05-27T15:06:19.564000+00:00,0,2,105,92,2023-05-27 15:06:19.564000+00:00,2023-05-27T15:06:19.654000+00:00,-6314,-9770,506,26
2023-05-27T15:06:19.804000+00:00,0,2,122,18,2023-05-27 15:06:19.804000+00:00,2023-05-27T15:06:19.654000+00:00,-6314,-9770,506,26
2023-05-27T15:06:20.044000+00:00,100,2,122,0,2023-05-27 15:06:20.044000+00:00,2023-05-27T15:06:19.974000+00:00,-6467,-9772,513,26
2023-05-27T15:06:20.364000+00:00,100,2,103,0,2023-05-27 15:06:20.364000+00:00,2023-05-27T15:06:20.294000+00:00,-6519,-9769,516,26
2023-05-27T15:06:20.564000+00:00,100,2,98,0,2023-05-27 15:06:20.564000+00:00,2023-05-27T15:06:20.654000+00:00,-6642,-9747,520,26
2023-05-27T15:06:20.804000+00:00,0,2,86,0,2023-05-27 15:06:20.804000+00:00,2023-05-27T15:06:20.654000+00:00,-6642,-9747,520,26
2023-05-27T15:06:21.043000+00:00,0,2,84,4,2023-05-27 15:06:21.043000+00:00,2023-05-27T15:06:20.974000+00:00,-6684,-9730,521,26
2023-05-27T15:06:21.203000+00:00,0,2,83,21,2023-05-27 15:06:21.203000+00:00,2023-05-27T15:06:21.215000+00:00,-6749,-9672,517,26
2023-05-27T15:06:21.363000+00:00,0,2,83,21,2023-05-27 15:06:21.363000+00:00,2023-05-27T15:06:21.215000+00:00,-6749,-9672,517,26
2023-05-27T15:06:21.603000+00:00,0,2,88,42,2023-05-27 15:06:21.603000+00:00,2023-05-27T15:06:21.615000+00:00,-6777,-9617,514,26
2023-05-27T15:06:21.963000+00:00,0,2,98,76,2023-05-27 15:06:21.963000+00:00,2023-05-27T15:06:21.995000+00:00,-6803,-9525,511,26
2023-05-27T15:06:22.204000+00:00,0,2,114,100,2023-05-27 15:06:22.204000+00:00,2023-05-27T15:06:22.175000+00:00,-6814,-9472,509,26
2023-05-27T15:06:22.364000+00:00,0,2,119,100,2023-05-27 15:06:22.364000+00:00,2023-05-27T15:06:22.335000+00:00,-6825,-9420,508,26
2023-05-27T15:06:22.644000+00:00,0,2,135,100,2023-05-27 15:06:22.644000+00:00,2023-05-27T15:06:22.675000+00:00,-6860,-9304,506,26
2023-05-27T15:06:22.884000+00:00,0,3,153,100,2023-05-27 15:06:22.884000+00:00,2023-05-27T15:06:22.915000+00:00,-6902,-9216,506,26
2023-05-27T15:06:23.204000+00:00,0,3,168,100,2023-05-27 15:06:23.204000+00:00,2023-05-27T15:06:23.235000+00:00,-6981,-9095,503,26
2023-05-27T15:06:23.404000+00:00,0,4,177,100,2023-05-27 15:06:23.404000+00:00,2023-05-27T15:06:23.495000+00:00,-7057,-8985,504,26
2023-05-27T15:06:23.684000+00:00,0,4,190,100,2023-05-27 15:06:23.684000+00:00,2023-05-27T15:06:23.735000+00:00,-7125,-8880,504,26
2023-05-27T15:06:23.884000+00:00,0,4,198,100,2023-05-27 15:06:23.884000+00:00,2023-05-27T15:06:23.935000+00:00,-7175,-8785,504,26
2023-05-27T15:06:24.324000+00:00,0,5,212,100,2023-05-27 15:06:24.324000+00:00,2023-05-27T15:06:24.274000+00:00,-7251,-8606,503,26
2023-05-27T15:06:24.484000+00:00,0,5,218,100,2023-05-27 15:06:24.484000+00:00,2023-05-27T15:06:24.594000+00:00,-7321,-8402,503,26
2023-05-27T15:06:24.684000+00:00,0,5,224,100,2023-05-27 15:06:24.684000+00:00,2023-05-27T15:06:24.594000+00:00,-7321,-8402,503,26
2023-05-27T15:06:24.844000+00:00,0,5,227,100,2023-05-27 15:06:24.844000+00:00,2023-05-27T15:06:24.934000+00:00,-7377,-8221,503,26
2023-05-27T15:06:25.204000+00:00,0,6,238,100,2023-05-27 15:06:25.204000+00:00,2023-05-27T15:06:25.114000+00:00,-7409,-8109,503,26
2023-05-27T15:06:25.524000+00:00,0,6,245,100,2023-05-27 15:06:25.524000+00:00,2023-05-27T15:06:25.454000+00:00,-7469,-7891,502,26
2023-05-27T15:06:25.764000+00:00,0,6,249,100,2023-05-27 15:06:25.764000+00:00,2023-05-27T15:06:25.714000+00:00,-7515,-7719,502,26
2023-05-27T15:06:26.004000+00:00,0,6,257,100,2023-05-27 15:06:26.004000+00:00,2023-05-27T15:06:25.894000+00:00,-7545,-7596,502,26
2023-05-27T15:06:26.164000+00:00,0,6,258,100,2023-05-27 15:06:26.164000+00:00,2023-05-27T15:06:26.114000+00:00,-7578,-7443,503,26
2023-05-27T15:06:26.324000+00:00,0,6,260,100,2023-05-27 15:06:26.324000+00:00,2023-05-27T15:06:26.414000+00:00,-7612,-7229,503,26
2023-05-27T15:06:26.644000+00:00,0,7,266,100,2023-05-27 15:06:26.644000+00:00,2023-05-27T15:06:26.594000+00:00,-7628,-7085,503,26
2023-05-27T15:06:26.924000+00:00,0,7,271,100,2023-05-27 15:06:26.924000+00:00,2023-05-27T15:06:27.014000+00:00,-7653,-6767,502,26
2023-05-27T15:06:27.164000+00:00,0,7,275,100,2023-05-27 15:06:27.164000+00:00,2023-05-27T15:06:27.274000+00:00,-7665,-6569,502,26
2023-05-27T15:06:27.404000+00:00,0,7,276,0,2023-05-27 15:06:27.404000+00:00,2023-05-27T15:06:27.374000+00:00,-7669,-6492,502,26
2023-05-27T15:06:27.564000+00:00,100,7,273,0,2023-05-27 15:06:27.564000+00:00,2023-05-27T15:06:27.714000+00:00,-7678,-6164,503,26
2023-05-27T15:06:27.923000+00:00,100,7,256,0,2023-05-27 15:06:27.923000+00:00,2023-05-27T15:06:28.075000+00:00,-7663,-5912,503,26
2023-05-27T15:06:28.163000+00:00,100,7,246,0,2023-05-27 15:06:28.163000+00:00,2023-05-27T15:06:28.075000+00:00,-7663,-5912,503,26
2023-05-27T15:06:28.483000+00:00,100,7,225,0,2023-05-27 15:06:28.483000+00:00,2023-05-27T15:06:28.455000+00:00,-7646,-5730,503,26
2023-05-27T15:06:28.683000+00:00,100,7,213,0,2023-05-27 15:06:28.683000+00:00,2023-05-27T15:06:28.615000+00:00,-7634,-5632,505,26
2023-05-27T15:06:28.884000+00:00,100,7,201,0,2023-05-27 15:06:28.884000+00:00,2023-05-27T15:06:28.935000+00:00,-7601,-5427,514,26
2023-05-27T15:06:29.164000+00:00,100,5,188,0,2023-05-27 15:06:29.164000+00:00,2023-05-27T15:06:29.215000+00:00,-7576,-5304,519,26
2023-05-27T15:06:29.404000+00:00,100,4,170,0,2023-05-27 15:06:29.404000+00:00,2023-05-27T15:06:29.455000+00:00,-7549,-5189,521,26
2023-05-27T15:06:29.684000+00:00,100,4,150,0,2023-05-27 15:06:29.684000+00:00,2023-05-27T15:06:29.755000+00:00,-7504,-5017,524,26
2023-05-27T15:06:29.964000+00:00,100,3,144,0,2023-05-27 15:06:29.964000+00:00,2023-05-27T15:06:29.755000+00:00,-7504,-5017,524,26
2023-05-27T15:06:30.164000+00:00,100,3,128,0,2023-05-27 15:06:30.164000+00:00,2023-05-27T15:06:30.215000+00:00,-7467,-4899,529,26
2023-05-27T15:10:01.165000+00:00,0,5,206,100,2023-05-27 15:10:01.165000+00:00,2023-05-27T15:10:01.354000+00:00,-7310,-8438,503,29
2023-05-27T15:10:01.365000+00:00,0,5,219,100,2023-05-27 15:10:01.365000+00:00,2023-05-27T15:10:01.354000+00:00,-7310,-8438,503,29
2023-05-27T15:10:01.725000+00:00,0,5,231,100,2023-05-27 15:10:01.725000+00:00,2023-05-27T15:10:01.714000+00:00,-7397,-8148,503,29
2023-05-27T15:10:01.885000+00:00,0,5,237,100,2023-05-27 15:10:01.885000+00:00,2023-05-27T15:10:02.014000+00:00,-7429,-8035,502,29
2023-05-27T15:10:02.165000+00:00,0,6,241,100,2023-05-27 15:10:02.165000+00:00,2023-05-27T15:10:02.314000+00:00,-7483,-7841,502,29
2023-05-27T15:10:02.444000+00:00,0,6,249,100,2023-05-27 15:10:02.444000+00:00,2023-05-27T15:10:02.514000+00:00,-7518,-7708,502,29
2023-05-27T15:10:02.644000+00:00,0,6,253,100,2023-05-27 15:10:02.644000+00:00,2023-05-27T15:10:02.514000+00:00,-7518,-7708,502,29
2023-05-27T15:10:02.844000+00:00,0,6,256,100,2023-05-27 15:10:02.844000+00:00,2023-05-27T15:10:02.794000+00:00,-7583,-7418,502,29
2023-05-27T15:10:03.084000+00:00,0,6,262,100,2023-05-27 15:10:03.084000+00:00,2023-05-27T15:10:03.054000+00:00,-7597,-7332,503,29
2023-05-27T15:10:03.284000+00:00,0,7,266,100,2023-05-27 15:10:03.284000+00:00,2023-05-27T15:10:03.254000+00:00,-7617,-7188,503,29
2023-05-27T15:10:03.484000+00:00,0,7,271,100,2023-05-27 15:10:03.484000+00:00,2023-05-27T15:10:03.614000+00:00,-7646,-6860,502,29
2023-05-27T15:10:03.684000+00:00,0,7,271,100,2023-05-27 15:10:03.684000+00:00,2023-05-27T15:10:03.614000+00:00,-7646,-6860,502,29
2023-05-27T15:10:04.004000+00:00,0,7,279,100,2023-05-27 15:10:04.004000+00:00,2023-05-27T15:10:03.934000+00:00,-7660,-6658,502,29
2023-05-27T15:10:04.324000+00:00,0,7,282,100,2023-05-27 15:10:04.324000+00:00,2023-05-27T15:10:04.394000+00:00,-7681,-6301,503,29
2023-05-27T15:10:04.484000+00:00,0,7,285,100,2023-05-27 15:10:04.484000+00:00,2023-05-27T15:10:04.394000+00:00,-7681,-6301,503,29
2023-05-27T15:10:04.844000+00:00,0,7,288,100,2023-05-27 15:10:04.844000+00:00,2023-05-27T15:10:04.955000+00:00,-7657,-5841,503,29
2023-05-27T15:10:05.004000+00:00,0,7,290,91,2023-05-27 15:10:05.004000+00:00,2023-05-27T15:10:04.955000+00:00,-7657,-5841,503,29
2023-05-27T15:10:05.164000+00:00,100,7,289,0,2023-05-27 15:10:05.164000+00:00,2023-05-27T15:10:05.215000+00:00,-7635,-5634,506,29
2023-05-27T15:10:05.364000+00:00,100,7,269,0,2023-05-27 15:10:05.364000+00:00,2023-05-27T15:10:05.395000+00:00,-7614,-5500,514,29
2023-05-27T15:10:05.524000+00:00,100,7,243,0,2023-05-27 15:10:05.524000+00:00,2023-05-27T15:10:05.395000+00:00,-7614,-5500,514,29
2023-05-27T15:10:05.845000+00:00,100,7,216,0,2023-05-27 15:10:05.845000+00:00,2023-05-27T15:10:05.675000+00:00,-7563,-5247,521,29
2023-05-27T15:10:06.125000+00:00,100,7,171,0,2023-05-27 15:10:06.125000+00:00,2023-05-27T15:10:06.115000+00:00,-7525,-5093,522,29
2023-05-27T15:10:06.405000+00:00,100,4,145,0,2023-05-27 15:10:06.405000+00:00,2023-05-27T15:10:06.455000+00:00,-7482,-4945,527,29
2023-05-27T15:10:06.725000+00:00,100,3,127,0,2023-05-27 15:10:06.725000+00:00,2023-05-27T15:10:06.755000+00:00,-7435,-4812,534,29
2023-05-27T15:10:06.925000+00:00,0,3,122,0,2023-05-27 15:10:06.925000+00:00,2023-05-27T15:10:07.015000+00:00,-7409,-4758,535,29
2023-05-27T15:10:07.325000+00:00,0,3,118,14,2023-05-27 15:10:07.325000+00:00,2023-05-27T15:10:07.374000+00:00,-7299,-4657,538,29
2023-05-27T15:10:07.645000+00:00,0,3,118,31,2023-05-27 15:10:07.645000+00:00,2023-05-27T15:10:07.774000+00:00,-7217,-4628,541,29
2023-05-27T15:10:07.845000+00:00,0,3,118,54,2023-05-27 15:10:07.845000+00:00,2023-05-27T15:10:07.774000+00:00,-7217,-4628,541,29
2023-05-27T15:10:08.165000+00:00,0,3,125,93,2023-05-27 15:10:08.165000+00:00,2023-05-27T15:10:08.194000+00:00,-7061,-4601,548,29
2023-05-27T15:10:08.565000+00:00,0,3,145,100,2023-05-27 15:10:08.565000+00:00,2023-05-27T15:10:08.414000+00:00,-6995,-4594,552,29
2023-05-27T15:10:08.765000+00:00,0,3,155,100,2023-05-27 15:10:08.765000+00:00,2023-05-27T15:10:08.754000+00:00,-6857,-4583,563,29
2023-05-27T15:10:09.164000+00:00,0,4,174,100,2023-05-27 15:10:09.164000+00:00,2023-05-27T15:10:09.354000+00:00,-6579,-4554,586,29
2023-05-27T15:10:09.604000+00:00,0,4,193,100,2023-05-27 15:10:09.604000+00:00,2023-05-27T15:10:09.734000+00:00,-6384,-4521,601,29
2023-05-27T15:10:09.924000+00:00,0,4,195,100,2023-05-27 15:10:09.924000+00:00,2023-05-27T15:10:09.974000+00:00,-6190,-4478,619,29
2023-05-27T15:10:10.084000+00:00,0,5,208,100,2023-05-27 15:10:10.084000+00:00,2023-05-27T15:10:09.974000+00:00,-6190,-4478,619,29
2023-05-27T15:10:10.404000+00:00,0,5,216,100,2023-05-27 15:10:10.404000+00:00,2023-05-27T15:10:10.454000+00:00,-5985,-4427,637,29
2023-05-27T15:10:10.644000+00:00,0,5,222,100,2023-05-27 15:10:10.644000+00:00,2023-05-27T15:10:10.594000+00:00,-5842,-4392,651,29
2023-05-27T15:10:10.804000+00:00,0,5,226,100,2023-05-27 15:10:10.804000+00:00,2023-05-27T15:10:10.934000+00:00,-5698,-4356,663,29
2023-05-27T15:10:11.164000+00:00,0,5,232,100,2023-05-27 15:10:11.164000+00:00,2023-05-27T15:10:11.154000+00:00,-5562,-4321,677,29
2023-05-27T15:10:11.404000+00:00,0,6,236,100,2023-05-27 15:10:11.404000+00:00,2023-05-27T15:10:11.415000+00:00,-5388,-4276,691,29
2023-05-27T15:10:11.564000+00:00,0,6,240,100,2023-05-27 15:10:11.564000+00:00,2023-05-27T15:10:11.515000+00:00,-5342,-4265,698,29
2023-05-27T15:10:11.804000+00:00,0,6,244,100,2023-05-27 15:10:11.804000+00:00,2023-05-27T15:10:11.855000+00:00,-5078,-4217,721,29
2023-05-27T15:10:12.244000+00:00,0,6,252,100,2023-05-27 15:10:12.244000+00:00,2023-05-27T15:10:12.135000+00:00,-4941,-4203,734,29
2023-05-27T15:10:12.565000+00:00,0,6,255,100,2023-05-27 15:10:12.565000+00:00,2023-05-27T15:10:12.615000+00:00,-4612,-4158,766,29
2023-05-27T15:10:12.805000+00:00,0,6,258,100,2023-05-27 15:10:12.805000+00:00,2023-05-27T15:10:12.875000+00:00,-4439,-4095,781,29
2023-05-27T15:10:12.965000+00:00,0,6,258,100,2023-05-27 15:10:12.965000+00:00,2023-05-27T15:10:12.875000+00:00,-4439,-4095,781,29
2023-05-27T15:10:13.165000+00:00,0,7,260,100,2023-05-27 15:10:13.165000+00:00,2023-05-27T15:10:13.055000+00:00,-4253,-4002,798,29
2023-05-27T15:10:13.525000+00:00,0,7,265,100,2023-05-27 15:10:13.525000+00:00,2023-05-27T15:10:13.635000+00:00,-3933,-3855,825,29
2023-05-27T15:10:13.965000+00:00,0,7,268,100,2023-05-27 15:10:13.965000+00:00,2023-05-27T15:10:13.934000+00:00,-3680,-3777,843,29
2023-05-27T15:10:14.205000+00:00,0,7,269,100,2023-05-27 15:10:14.205000+00:00,2023-05-27T15:10:14.214000+00:00,-3518,-3745,852,29
2023-05-27T15:10:14.485000+00:00,0,7,273,100,2023-05-27 15:10:14.485000+00:00,2023-05-27T15:10:14.454000+00:00,-3301,-3716,860,29
2023-05-27T15:10:14.645000+00:00,0,7,272,100,2023-05-27 15:10:14.645000+00:00,2023-05-27T15:10:14.774000+00:00,-3062,-3686,862,29
2023-05-27T15:10:14.885000+00:00,100,7,256,0,2023-05-27 15:10:14.885000+00:00,2023-05-27T15:10:14.934000+00:00,-2893,-3654,861,29
2023-05-27T15:10:15.045000+00:00,100,7,256,0,2023-05-27 15:10:15.045000+00:00,2023-05-27T15:10:14.934000+00:00,-2893,-3654,861,29
2023-05-27T15:10:15.325000+00:00,100,6,239,0,2023-05-27 15:10:15.325000+00:00,2023-05-27T15:10:15.414000+00:00,-2585,-3523,864,29
2023-05-27T15:10:15.565000+00:00,100,5,217,0,2023-05-27 15:10:15.565000+00:00,2023-05-27T15:10:15.414000+00:00,-2585,-3523,864,29
2023-05-27T15:10:15.884000+00:00,100,5,197,0,2023-05-27 15:10:15.884000+00:00,2023-05-27T15:10:15.834000+00:00,-2428,-3392,865,29
2023-05-27T15:10:16.124000+00:00,100,5,189,0,2023-05-27 15:10:16.124000+00:00,2023-05-27T15:10:16.154000+00:00,-2346,-3282,867,29
2023-05-27T15:10:16.444000+00:00,0,4,179,2,2023-05-27 15:10:16.444000+00:00,2023-05-27T15:10:16.314000+00:00,-2310,-3210,868,29
2023-05-27T15:10:16.604000+00:00,0,4,175,6,2023-05-27 15:10:16.604000+00:00,2023-05-27T15:10:16.614000+00:00,-2270,-3064,870,29
2023-05-27T15:10:16.804000+00:00,0,4,171,8,2023-05-27 15:10:16.804000+00:00,2023-05-27T15:10:16.814000+00:00,-2262,-2939,872,29
2023-05-27T15:10:17.204000+00:00,0,4,165,55,2023-05-27 15:10:17.204000+00:00,2023-05-27T15:10:17.274000+00:00,-2281,-2775,874,29
2023-05-27T15:10:17.644000+00:00,0,4,167,71,2023-05-27 15:10:17.644000+00:00,2023-05-27T15:10:17.694000+00:00,-2347,-2591,884,29
2023-05-27T15:10:17.804000+00:00,0,4,169,70,2023-05-27 15:10:17.804000+00:00,2023-05-27T15:10:17.694000+00:00,-2347,-2591,884,29
2023-05-27T15:10:17.964000+00:00,0,4,169,63,2023-05-27 15:10:17.964000+00:00,2023-05-27T15:10:18.015000+00:00,-2428,-2451,885,29
2023-05-27T15:10:18.124000+00:00,0,4,169,69,2023-05-27 15:10:18.124000+00:00,2023-05-27T15:10:18.015000+00:00,-2428,-2451,885,29
2023-05-27T15:10:18.404000+00:00,0,4,176,69,2023-05-27 15:10:18.404000+00:00,2023-05-27T15:10:18.435000+00:00,-2590,-2245,885,29
2023-05-27T15:10:18.644000+00:00,100,4,172,0,2023-05-27 15:10:18.644000+00:00,2023-05-27T15:10:18.735000+00:00,-2637,-2186,886,29
2023-05-27T15:10:18.804000+00:00,0,4,154,4,2023-05-27 15:10:18.804000+00:00,2023-05-27T15:10:18.735000+00:00,-2637,-2186,886,29
2023-05-27T15:10:19.205000+00:00,0,4,148,3,2023-05-27 15:10:19.205000+00:00,2023-05-27T15:10:19.275000+00:00,-2740,-1994,892,29
2023-05-27T15:10:19.485000+00:00,0,4,142,48,2023-05-27 15:10:19.485000+00:00,2023-05-27T15:10:19.515000+00:00,-2743,-1855,894,29
2023-05-27T15:10:19.885000+00:00,0,4,144,77,2023-05-27 15:10:19.885000+00:00,2023-05-27T15:10:19.815000+00:00,-2726,-1785,895,29
2023-05-27T15:10:20.085000+00:00,0,4,148,92,2023-05-27 15:10:20.085000+00:00,2023-05-27T15:10:20.135000+00:00,-2634,-1589,886,29
2023-05-27T15:10:20.565000+00:00,0,4,168,100,2023-05-27 15:10:20.565000+00:00,2023-05-27T15:10:20.594000+00:00,-2546,-1463,873,29
2023-05-27T15:10:20.925000+00:00,0,4,185,100,2023-05-27 15:10:20.925000+00:00,2023-05-27T15:10:20.914000+00:00,-2444,-1343,862,29
2023-05-27T15:10:21.285000+00:00,0,4,199,100,2023-05-27 15:10:21.285000+00:00,2023-05-27T15:10:21.154000+00:00,-2322,-1210,850,29
2023-05-27T15:10:21.765000+00:00,0,5,208,100,2023-05-27 15:10:21.765000+00:00,2023-05-27T15:10:21.834000+00:00,-2119,-949,825,29
2023-05-27T15:10:21.965000+00:00,0,5,208,100,2023-05-27 15:10:21.965000+00:00,2023-05-27T15:10:21.834000+00:00,-2119,-949,825,29
2023-05-27T15:10:22.405000+00:00,100,5,203,0,2023-05-27 15:10:22.405000+00:00,2023-05-27T15:10:22.294000+00:00,-1980,-744,805,29
2023-05-27T15:10:22.724000+00:00,100,5,183,0,2023-05-27 15:10:22.724000+00:00,2023-05-27T15:10:22.814000+00:00,-1781,-484,781,29
2023-05-27T15:10:22.964000+00:00,100,5,155,0,2023-05-27 15:10:22.964000+00:00,2023-05-27T15:10:22.814000+00:00,-1781,-484,781,29
2023-05-27T15:10:23.444000+00:00,100,3,121,0,2023-05-27 15:10:23.444000+00:00,2023-05-27T15:10:23.374000+00:00,-1627,-307,766,29
2023-05-27T15:10:23.844000+00:00,100,2,105,0,2023-05-27 15:10:23.844000+00:00,2023-05-27T15:10:23.854000+00:00,-1533,-224,755,29
2023-05-27T15:10:24.244000+00:00,0,2,88,0,2023-05-27 15:10:24.244000+00:00,2023-05-27T15:10:24.094000+00:00,-1489,-203,751,29
2023-05-27T15:10:24.484000+00:00,0,2,87,0,2023-05-27 15:10:24.484000+00:00,2023-05-27T15:10:24.394000+00:00,-1388,-207,742,29
2023-05-27T15:10:24.724000+00:00,0,2,79,0,2023-05-27 15:10:24.724000+00:00,2023-05-27T15:10:24.895000+00:00,-1310,-252,734,29
2023-05-27T15:10:24.964000+00:00,0,2,81,0,2023-05-27 15:10:24.964000+00:00,2023-05-27T15:10:24.895000+00:00,-1310,-252,734,29
2023-05-27T15:10:25.204000+00:00,0,2,74,15,2023-05-27 15:10:25.204000+00:00,2023-05-27T15:10:25.135000+00:00,-1278,-286,729,29
2023-05-27T15:10:25.525000+00:00,0,2,81,32,2023-05-27 15:10:25.525000+00:00,2023-05-27T15:10:25.495000+00:00,-1235,-370,724,29
2023-05-27T15:10:25.845000+00:00,0,2,87,61,2023-05-27 15:10:25.845000+00:00,2023-05-27T15:10:25.835000+00:00,-1219,-427,720,29
2023-05-27T15:10:26.005000+00:00,0,2,98,68,2023-05-27 15:10:26.005000+00:00,2023-05-27T15:10:26.095000+00:00,-1193,-528,711,29
2023-05-27T15:10:26.205000+00:00,0,2,107,77,2023-05-27 15:10:26.205000+00:00,2023-05-27T15:10:26.095000+00:00,-1193,-528,711,29
2023-05-27T15:10:26.565000+00:00,0,2,119,98,2023-05-27 15:10:26.565000+00:00,2023-05-27T15:10:26.435000+00:00,-1174,-594,706,29
2023-05-27T15:10:26.765000+00:00,0,3,137,100,2023-05-27 15:10:26.765000+00:00,2023-05-27T15:10:26.715000+00:00,-1144,-687,699,29
2023-05-27T15:10:27.205000+00:00,100,3,153,0,2023-05-27 15:10:27.205000+00:00,2023-05-27T15:10:27.274000+00:00,-1056,-890,682,29
2023-05-27T15:10:27.565000+00:00,100,3,139,0,2023-05-27 15:10:27.565000+00:00,2023-05-27T15:10:27.554000+00:00,-1003,-981,675,29
2023-05-27T15:10:28.005000+00:00,100,1,96,0,2023-05-27 15:10:28.005000+00:00,2023-05-27T15:10:27.974000+00:00,-925,-1075,666,29
2023-05-27T15:10:28.245000+00:00,100,1,80,0,2023-05-27 15:10:28.245000+00:00,2023-05-27T15:10:28.214000+00:00,-879,-1110,662,29
2023-05-27T15:10:28.445000+00:00,100,1,77,0,2023-05-27 15:10:28.445000+00:00,2023-05-27T15:10:28.434000+00:00,-838,-1128,660,29
2023-05-27T15:10:28.845000+00:00,100,1,66,0,2023-05-27 15:10:28.845000+00:00,2023-05-27T15:10:28.974000+00:00,-751,-1113,656,29
2023-05-27T15:10:29.125000+00:00,100,1,59,0,2023-05-27 15:10:29.125000+00:00,2023-05-27T15:10:29.214000+00:00,-733,-1081,656,29
2023-05-27T15:10:29.364000+00:00,0,1,54,0,2023-05-27 15:10:29.364000+00:00,2023-05-27T15:10:29.474000+00:00,-730,-1041,652,29
2023-05-27T15:10:29.644000+00:00,0,1,49,0,2023-05-27 15:10:29.644000+00:00,2023-05-27T15:10:29.694000+00:00,-737,-998,645,29
2023-05-27T15:10:30.004000+00:00,0,1,46,3,2023-05-27 15:10:30.004000+00:00,2023-05-27T15:10:29.994000+00:00,-747,-970,644,29
2023-05-27T15:10:30.164000+00:00,0,1,46,13,2023-05-27 15:10:30.164000+00:00,2023-05-27T15:10:30.234000+00:00,-759,-941,642,29
2023-05-27T15:10:30.484000+00:00,0,1,51,23,2023-05-27 15:10:30.484000+00:00,2023-05-27T15:10:30.394000+00:00,-769,-923,641,29
2023-05-27T15:10:30.724000+00:00,0,1,55,24,2023-05-27 15:10:30.724000+00:00,2023-05-27T15:10:30.734000+00:00,-795,-882,637,29
2023-05-27T15:10:31.124000+00:00,0,1,61,37,2023-05-27 15:10:31.124000+00:00,2023-05-27T15:10:31.135000+00:00,-853,-816,627,29
2023-05-27T15:10:31.444000+00:00,0,1,72,47,2023-05-27 15:10:31.444000+00:00,2023-05-27T15:10:31.575000+00:00,-901,-767,621,29
2023-05-27T15:10:31.724000+00:00,0,1,84,72,2023-05-27 15:10:31.724000+00:00,2023-05-27T15:10:31.575000+00:00,-901,-767,621,29
2023-05-27T15:10:32.044000+00:00,0,1,102,48,2023-05-27 15:10:32.044000+00:00,2023-05-27T15:10:31.975000+00:00,-947,-718,617,29
2023-05-27T15:10:32.325000+00:00,100,2,99,0,2023-05-27 15:10:32.325000+00:00,2023-05-27T15:10:32.215000+00:00,-1005,-637,609,29
2023-05-27T15:10:32.805000+00:00,0,2,92,0,2023-05-27 15:10:32.805000+00:00,2023-05-27T15:10:32.935000+00:00,-1023,-490,601,29
2023-05-27T15:10:32.965000+00:00,0,2,90,0,2023-05-27 15:10:32.965000+00:00,2023-05-27T15:10:32.935000+00:00,-1023,-490,601,29
2023-05-27T15:10:33.125000+00:00,0,2,85,0,2023-05-27 15:10:33.125000+00:00,2023-05-27T15:10:33.235000+00:00,-992,-426,593,29
2023-05-27T15:10:33.365000+00:00,0,2,84,1,2023-05-27 15:10:33.365000+00:00,2023-05-27T15:10:33.415000+00:00,-964,-394,591,29
2023-05-27T15:10:33.605000+00:00,0,2,84,21,2023-05-27 15:10:33.605000+00:00,2023-05-27T15:10:33.594000+00:00,-916,-354,586,29
2023-05-27T15:10:33.885000+00:00,0,2,89,43,2023-05-27 15:10:33.885000+00:00,2023-05-27T15:10:34.014000+00:00,-817,-296,575,29
2023-05-27T15:10:34.205000+00:00,0,2,98,52,2023-05-27 15:10:34.205000+00:00,2023-05-27T15:10:34.014000+00:00,-817,-296,575,29
2023-05-27T15:10:34.445000+00:00,0,2,105,67,2023-05-27 15:10:34.445000+00:00,2023-05-27T15:10:34.454000+00:00,-715,-250,566,29
2023-05-27T15:10:34.725000+00:00,0,2,116,99,2023-05-27 15:10:34.725000+00:00,2023-05-27T15:10:34.854000+00:00,-617,-213,560,29
2023-05-27T15:10:35.005000+00:00,100,2,129,0,2023-05-27 15:10:35.005000+00:00,2023-05-27T15:10:35.034000+00:00,-557,-193,557,29
2023-05-27T15:10:35.245000+00:00,100,2,119,0,2023-05-27 15:10:35.245000+00:00,2023-05-27T15:10:35.274000+00:00,-478,-175,554,29
2023-05-27T15:10:35.525000+00:00,100,2,106,0,2023-05-27 15:10:35.525000+00:00,2023-05-27T15:10:35.454000+00:00,-395,-168,551,29
2023-05-27T15:10:35.845000+00:00,100,2,98,0,2023-05-27 15:10:35.845000+00:00,2023-05-27T15:10:35.874000+00:00,-314,-187,547,29
2023-05-27T15:10:36.124000+00:00,0,2,92,0,2023-05-27 15:10:36.124000+00:00,2023-05-27T15:10:36.034000+00:00,-282,-210,546,29
2023-05-27T15:10:36.324000+00:00,0,2,87,0,2023-05-27 15:10:36.324000+00:00,2023-05-27T15:10:36.314000+00:00,-242,-267,545,29
2023-05-27T15:10:36.684000+00:00,0,2,82,30,2023-05-27 15:10:36.684000+00:00,2023-05-27T15:10:36.754000+00:00,-206,-366,545,29
2023-05-27T15:10:37.084000+00:00,0,2,90,55,2023-05-27 15:10:37.084000+00:00,2023-05-27T15:10:37.034000+00:00,-194,-433,545,29
2023-05-27T15:10:37.564000+00:00,0,2,106,87,2023-05-27 15:10:37.564000+00:00,2023-05-27T15:10:37.514000+00:00,-185,-565,545,29
2023-05-27T15:10:37.764000+00:00,0,2,117,99,2023-05-27 15:10:37.764000+00:00,2023-05-27T15:10:37.895000+00:00,-186,-654,545,29
2023-05-27T15:10:38.124000+00:00,0,3,138,100,2023-05-27 15:10:38.124000+00:00,2023-05-27T15:10:38.195000+00:00,-195,-769,545,29
2023-05-27T15:10:38.284000+00:00,0,3,153,100,2023-05-27 15:10:38.284000+00:00,2023-05-27T15:10:38.195000+00:00,-195,-769,545,29
2023-05-27T15:10:38.564000+00:00,0,3,158,100,2023-05-27 15:10:38.564000+00:00,2023-05-27T15:10:38.535000+00:00,-217,-970,543,29
2023-05-27T15:10:38.925000+00:00,0,4,177,100,2023-05-27 15:10:38.925000+00:00,2023-05-27T15:10:38.855000+00:00,-226,-1054,543,29
2023-05-27T15:10:39.125000+00:00,0,4,189,100,2023-05-27 15:10:39.125000+00:00,2023-05-27T15:10:39.195000+00:00,-245,-1226,543,29
2023-05-27T15:10:39.365000+00:00,0,4,193,100,2023-05-27 15:10:39.365000+00:00,2023-05-27T15:10:39.395000+00:00,-257,-1334,543,29
2023-05-27T15:10:39.525000+00:00,0,4,197,100,2023-05-27 15:10:39.525000+00:00,2023-05-27T15:10:39.635000+00:00,-278,-1524,542,29
2023-05-27T15:10:39.845000+00:00,0,4,206,100,2023-05-27 15:10:39.845000+00:00,2023-05-27T15:10:40.035000+00:00,-302,-1699,542,29
2023-05-27T15:10:40.245000+00:00,0,5,222,100,2023-05-27 15:10:40.245000+00:00,2023-05-27T15:10:40.194000+00:00,-344,-1879,542,29
2023-05-27T15:10:40.525000+00:00,0,5,229,100,2023-05-27 15:10:40.525000+00:00,2023-05-27T15:10:40.614000+00:00,-397,-2050,542,29
2023-05-27T15:10:40.765000+00:00,0,5,234,100,2023-05-27 15:10:40.765000+00:00,2023-05-27T15:10:40.774000+00:00,-463,-2236,541,29
2023-05-27T15:10:40.965000+00:00,0,6,239,100,2023-05-27 15:10:40.965000+00:00,2023-05-27T15:10:40.774000+00:00,-463,-2236,541,29
2023-05-27T15:10:41.205000+00:00,0,6,246,100,2023-05-27 15:10:41.205000+00:00,2023-05-27T15:10:41.214000+00:00,-536,-2425,541,29
2023-05-27T15:10:41.405000+00:00,0,6,248,100,2023-05-27 15:10:41.405000+00:00,2023-05-27T15:10:41.374000+00:00,-578,-2527,541,29
2023-05-27T15:10:41.645000+00:00,0,6,253,100,2023-05-27 15:10:41.645000+00:00,2023-05-27T15:10:41.694000+00:00,-688,-2769,541,29
2023-05-27T15:10:41.885000+00:00,0,6,256,100,2023-05-27 15:10:41.885000+00:00,2023-05-27T15:10:41.694000+00:00,-688,-2769,541,29
2023-05-27T15:10:42.205000+00:00,0,6,261,100,2023-05-27 15:10:42.205000+00:00,2023-05-27T15:10:42.094000+00:00,-865,-3060,542,29
2023-05-27T15:10:42.405000+00:00,0,6,262,100,2023-05-27 15:10:42.405000+00:00,2023-05-27T15:10:42.494000+00:00,-1063,-3271,542,29
2023-05-27T15:10:42.684000+00:00,0,7,265,100,2023-05-27 15:10:42.684000+00:00,2023-05-27T15:10:42.774000+00:00,-1144,-3336,542,29
2023-05-27T15:10:43.044000+00:00,0,7,267,100,2023-05-27 15:10:43.044000+00:00,2023-05-27T15:10:43.174000+00:00,-1401,-3488,541,29
2023-05-27T15:10:43.244000+00:00,0,7,270,100,2023-05-27 15:10:43.244000+00:00,2023-05-27T15:10:43.174000+00:00,-1401,-3488,541,29
2023-05-27T15:10:43.444000+00:00,0,7,271,100,2023-05-27 15:10:43.444000+00:00,2023-05-27T15:10:43.374000+00:00,-1538,-3554,541,29
2023-05-27T15:10:43.764000+00:00,0,7,274,100,2023-05-27 15:10:43.764000+00:00,2023-05-27T15:10:43.594000+00:00,-1717,-3638,540,29
2023-05-27T15:10:43.964000+00:00,0,7,276,100,2023-05-27 15:10:43.964000+00:00,2023-05-27T15:10:43.994000+00:00,-1964,-3762,541,29
2023-05-27T15:10:44.124000+00:00,0,7,279,100,2023-05-27 15:10:44.124000+00:00,2023-05-27T15:10:44.154000+00:00,-2173,-3868,541,29
2023-05-27T15:10:44.324000+00:00,0,7,279,100,2023-05-27 15:10:44.324000+00:00,2023-05-27T15:10:44.435000+00:00,-2312,-3937,541,29
2023-05-27T15:10:44.564000+00:00,0,7,279,100,2023-05-27 15:10:44.564000+00:00,2023-05-27T15:10:44.435000+00:00,-2312,-3937,541,29
2023-05-27T15:10:44.804000+00:00,0,7,285,100,2023-05-27 15:10:44.804000+00:00,2023-05-27T15:10:44.715000+00:00,-2390,-3973,541,29
2023-05-27T15:10:44.964000+00:00,0,7,285,100,2023-05-27 15:10:44.964000+00:00,2023-05-27T15:10:44.955000+00:00,-2549,-4044,542,29
2023-05-27T15:10:45.124000+00:00,0,7,286,100,2023-05-27 15:10:45.124000+00:00,2023-05-27T15:10:45.055000+00:00,-2622,-4075,543,29
2023-05-27T15:10:45.365000+00:00,0,7,287,100,2023-05-27 15:10:45.365000+00:00,2023-05-27T15:10:45.395000+00:00,-2875,-4169,542,29
2023-05-27T15:10:45.645000+00:00,100,7,286,0,2023-05-27 15:10:45.645000+00:00,2023-05-27T15:10:45.655000+00:00,-3071,-4229,540,29
2023-05-27T15:10:46.285000+00:00,100,6,201,0,2023-05-27 15:10:46.285000+00:00,2023-05-27T15:10:46.195000+00:00,-3503,-4315,524,29
2023-05-27T15:10:46.565000+00:00,100,5,181,0,2023-05-27 15:10:46.565000+00:00,2023-05-27T15:10:46.675000+00:00,-3670,-4334,515,29
2023-05-27T15:10:46.805000+00:00,100,3,155,0,2023-05-27 15:10:46.805000+00:00,2023-05-27T15:10:46.934000+00:00,-3778,-4345,510,29
2023-05-27T15:10:46.965000+00:00,100,3,146,0,2023-05-27 15:10:46.965000+00:00,2023-05-27T15:10:46.934000+00:00,-3778,-4345,510,29
2023-05-27T15:10:47.245000+00:00,100,3,126,0,2023-05-27 15:10:47.245000+00:00,2023-05-27T15:10:47.074000+00:00,-3878,-4356,505,29
2023-05-27T15:10:47.445000+00:00,100,2,115,0,2023-05-27 15:10:47.445000+00:00,2023-05-27T15:10:47.474000+00:00,-4017,-4373,497,29
2023-05-27T15:10:47.685000+00:00,100,2,103,0,2023-05-27 15:10:47.685000+00:00,2023-05-27T15:10:47.654000+00:00,-4114,-4401,496,29
2023-05-27T15:10:48.085000+00:00,100,2,91,0,2023-05-27 15:10:48.085000+00:00,2023-05-27T15:10:48.134000+00:00,-4194,-4495,492,29
2023-05-27T15:10:48.365000+00:00,100,2,87,0,2023-05-27 15:10:48.365000+00:00,2023-05-27T15:10:48.314000+00:00,-4216,-4537,491,29
2023-05-27T15:10:48.525000+00:00,100,2,80,0,2023-05-27 15:10:48.525000+00:00,2023-05-27T15:10:48.474000+00:00,-4236,-4570,490,29
2023-05-27T15:10:48.845000+00:00,0,2,75,0,2023-05-27 15:10:48.845000+00:00,2023-05-27T15:10:48.754000+00:00,-4277,-4613,490,29
2023-05-27T15:10:49.165000+00:00,0,2,68,3,2023-05-27 15:10:49.165000+00:00,2023-05-27T15:10:49.194000+00:00,-4380,-4649,490,29
2023-05-27T15:10:49.564000+00:00,0,2,70,32,2023-05-27 15:10:49.564000+00:00,2023-05-27T15:10:49.534000+00:00,-4419,-4651,490,29
2023-05-27T15:10:49.844000+00:00,0,2,81,51,2023-05-27 15:10:49.844000+00:00,2023-05-27T15:10:49.814000+00:00,-4504,-4641,490,29
2023-05-27T15:10:50.084000+00:00,0,2,89,76,2023-05-27 15:10:50.084000+00:00,2023-05-27T15:10:50.294000+00:00,-4605,-4615,489,29
2023-05-27T15:10:50.484000+00:00,0,2,112,100,2023-05-27 15:10:50.484000+00:00,2023-05-27T15:10:50.294000+00:00,-4605,-4615,489,29
2023-05-27T15:10:50.844000+00:00,0,3,122,100,2023-05-27 15:10:50.844000+00:00,2023-05-27T15:10:50.975000+00:00,-4866,-4610,489,29
2023-05-27T15:10:51.044000+00:00,0,3,139,100,2023-05-27 15:10:51.044000+00:00,2023-05-27T15:10:50.975000+00:00,-4866,-4610,489,29
2023-05-27T15:10:51.244000+00:00,0,3,151,100,2023-05-27 15:10:51.244000+00:00,2023-05-27T15:10:51.295000+00:00,-5001,-4631,489,29
2023-05-27T15:10:51.524000+00:00,0,3,166,100,2023-05-27 15:10:51.524000+00:00,2023-05-27T15:10:51.475000+00:00,-5137,-4652,489,29
2023-05-27T15:10:51.684000+00:00,0,4,174,100,2023-05-27 15:10:51.684000+00:00,2023-05-27T15:10:51.855000+00:00,-5316,-4677,489,29
2023-05-27T15:10:51.885000+00:00,0,4,186,100,2023-05-27 15:10:51.885000+00:00,2023-05-27T15:10:51.855000+00:00,-5316,-4677,489,29
2023-05-27T15:10:52.045000+00:00,0,4,186,100,2023-05-27 15:10:52.045000+00:00,2023-05-27T15:10:51.855000+00:00,-5316,-4677,489,29
2023-05-27T15:10:52.205000+00:00,0,4,194,100,2023-05-27 15:10:52.205000+00:00,2023-05-27T15:10:52.295000+00:00,-5487,-4699,489,29
2023-05-27T15:10:52.485000+00:00,0,5,204,100,2023-05-27 15:10:52.485000+00:00,2023-05-27T15:10:52.475000+00:00,-5588,-4711,490,29
2023-05-27T15:10:52.685000+00:00,0,5,211,100,2023-05-27 15:10:52.685000+00:00,2023-05-27T15:10:52.655000+00:00,-5691,-4723,490,29
2023-05-27T15:10:52.885000+00:00,0,5,217,100,2023-05-27 15:10:52.885000+00:00,2023-05-27T15:10:52.955000+00:00,-5870,-4743,490,29
2023-05-27T15:10:53.365000+00:00,0,5,227,100,2023-05-27 15:10:53.365000+00:00,2023-05-27T15:10:53.274000+00:00,-6235,-4777,490,29
2023-05-27T15:10:53.765000+00:00,100,5,235,0,2023-05-27 15:10:53.765000+00:00,2023-05-27T15:10:53.754000+00:00,-6525,-4796,490,29
2023-05-27T15:10:53.965000+00:00,100,5,217,0,2023-05-27 15:10:53.965000+00:00,2023-05-27T15:10:54.154000+00:00,-6672,-4823,490,29
2023-05-27T15:10:54.165000+00:00,100,5,200,0,2023-05-27 15:10:54.165000+00:00,2023-05-27T15:10:54.154000+00:00,-6672,-4823,490,29
2023-05-27T15:10:54.405000+00:00,100,4,188,0,2023-05-27 15:10:54.405000+00:00,2023-05-27T15:10:54.334000+00:00,-6750,-4859,491,29
2023-05-27T15:10:54.805000+00:00,0,4,171,17,2023-05-27 15:10:54.805000+00:00,2023-05-27T15:10:54.774000+00:00,-6937,-5038,487,29
2023-05-27T15:10:55.205000+00:00,0,4,172,87,2023-05-27 15:10:55.205000+00:00,2023-05-27T15:10:55.174000+00:00,-7022,-5167,484,29
2023-05-27T15:10:55.525000+00:00,0,4,180,100,2023-05-27 15:10:55.525000+00:00,2023-05-27T15:10:55.414000+00:00,-7088,-5298,483,29
2023-05-27T15:10:55.765000+00:00,0,4,189,100,2023-05-27 15:10:55.765000+00:00,2023-05-27T15:10:55.734000+00:00,-7124,-5388,483,29
2023-05-27T15:10:56.045000+00:00,0,5,198,100,2023-05-27 15:10:56.045000+00:00,2023-05-27T15:10:55.974000+00:00,-7149,-5478,483,29
2023-05-27T15:10:56.364000+00:00,0,5,201,100,2023-05-27 15:10:56.364000+00:00,2023-05-27T15:10:56.334000+00:00,-7191,-5673,482,29
2023-05-27T15:10:56.524000+00:00,0,5,214,100,2023-05-27 15:10:56.524000+00:00,2023-05-27T15:10:56.614000+00:00,-7214,-5875,482,29
2023-05-27T15:10:56.844000+00:00,0,5,222,100,2023-05-27 15:10:56.844000+00:00,2023-05-27T15:10:56.974000+00:00,-7220,-6060,482,29
2023-05-27T15:10:57.124000+00:00,0,5,226,100,2023-05-27 15:10:57.124000+00:00,2023-05-27T15:10:57.254000+00:00,-7204,-6232,482,29
2023-05-27T15:10:57.484000+00:00,0,6,234,100,2023-05-27 15:10:57.484000+00:00,2023-05-27T15:10:57.414000+00:00,-7142,-6380,481,29
2023-05-27T15:10:57.644000+00:00,0,6,235,100,2023-05-27 15:10:57.644000+00:00,2023-05-27T15:10:57.414000+00:00,-7142,-6380,481,29
2023-05-27T15:10:58.204000+00:00,0,6,244,100,2023-05-27 15:10:58.204000+00:00,2023-05-27T15:10:58.255000+00:00,-6905,-6808,480,29
2023-05-27T15:10:58.405000+00:00,0,6,245,100,2023-05-27 15:10:58.405000+00:00,2023-05-27T15:10:58.495000+00:00,-6846,-7021,479,29
2023-05-27T15:10:58.645000+00:00,0,6,249,100,2023-05-27 15:10:58.645000+00:00,2023-05-27T15:10:58.495000+00:00,-6846,-7021,479,29
2023-05-27T15:10:58.805000+00:00,100,6,249,0,2023-05-27 15:10:58.805000+00:00,2023-05-27T15:10:58.875000+00:00,-6801,-7231,479,29
2023-05-27T15:10:59.005000+00:00,100,6,229,0,2023-05-27 15:10:59.005000+00:00,2023-05-27T15:10:59.115000+00:00,-6778,-7378,479,29
2023-05-27T15:10:59.285000+00:00,100,5,207,0,2023-05-27 15:10:59.285000+00:00,2023-05-27T15:10:59.315000+00:00,-6764,-7488,479,29
2023-05-27T15:10:59.485000+00:00,100,5,180,0,2023-05-27 15:10:59.485000+00:00,2023-05-27T15:10:59.495000+00:00,-6755,-7580,480,29
2023-05-27T15:10:59.925000+00:00,100,4,156,0,2023-05-27 15:10:59.925000+00:00,2023-05-27T15:11:00.134000+00:00,-6759,-7903,479,29
2023-05-27T15:11:00.125000+00:00,100,4,149,0,2023-05-27 15:11:00.125000+00:00,2023-05-27T15:11:00.134000+00:00,-6759,-7903,479,29
2023-05-27T15:11:00.365000+00:00,0,4,145,5,2023-05-27 15:11:00.365000+00:00,2023-05-27T15:11:00.494000+00:00,-6800,-7973,479,29
2023-05-27T15:11:00.725000+00:00,100,4,139,0,2023-05-27 15:11:00.725000+00:00,2023-05-27T15:11:00.714000+00:00,-6870,-8039,479,29
2023-05-27T15:11:00.885000+00:00,0,4,136,0,2023-05-27 15:11:00.885000+00:00,2023-05-27T15:11:00.914000+00:00,-6896,-8107,479,29
2023-05-27T15:11:01.085000+00:00,0,4,128,14,2023-05-27 15:11:01.085000+00:00,2023-05-27T15:11:01.074000+00:00,-6900,-8166,479,29
2023-05-27T15:11:01.365000+00:00,0,4,129,43,2023-05-27 15:11:01.365000+00:00,2023-05-27T15:11:01.374000+00:00,-6885,-8300,478,29
2023-05-27T15:11:01.565000+00:00,0,4,132,74,2023-05-27 15:11:01.565000+00:00,2023-05-27T15:11:01.374000+00:00,-6885,-8300,478,29
2023-05-27T15:11:01.925000+00:00,0,4,147,100,2023-05-27 15:11:01.925000+00:00,2023-05-27T15:11:01.774000+00:00,-6846,-8459,476,29
2023-05-27T15:11:02.165000+00:00,0,4,156,100,2023-05-27 15:11:02.165000+00:00,2023-05-27T15:11:02.154000+00:00,-6803,-8580,476,29
2023-05-27T15:11:02.325000+00:00,0,4,156,100,2023-05-27 15:11:02.325000+00:00,2023-05-27T15:11:02.394000+00:00,-6750,-8698,478,29
2023-05-27T15:11:02.525000+00:00,0,4,174,100,2023-05-27 15:11:02.525000+00:00,2023-05-27T15:11:02.394000+00:00,-6750,-8698,478,29
2023-05-27T15:11:02.685000+00:00,0,4,183,100,2023-05-27 15:11:02.685000+00:00,2023-05-27T15:11:02.834000+00:00,-6619,-8914,478,29
2023-05-27T15:11:02.924000+00:00,0,4,186,100,2023-05-27 15:11:02.924000+00:00,2023-05-27T15:11:02.834000+00:00,-6619,-8914,478,29
2023-05-27T15:11:03.164000+00:00,0,4,196,100,2023-05-27 15:11:03.164000+00:00,2023-05-27T15:11:03.114000+00:00,-6559,-8991,477,29
2023-05-27T15:11:03.404000+00:00,0,4,204,100,2023-05-27 15:11:03.404000+00:00,2023-05-27T15:11:03.534000+00:00,-6392,-9151,478,29
2023-05-27T15:11:03.724000+00:00,100,4,190,0,2023-05-27 15:11:03.724000+00:00,2023-05-27T15:11:03.834000+00:00,-6254,-9233,476,29
2023-05-27T15:11:04.044000+00:00,100,4,160,0,2023-05-27 15:11:04.044000+00:00,2023-05-27T15:11:03.994000+00:00,-6130,-9299,480,29
2023-05-27T15:11:04.364000+00:00,100,4,139,0,2023-05-27 15:11:04.364000+00:00,2023-05-27T15:11:04.455000+00:00,-6003,-9381,482,29
2023-05-27T15:11:04.884000+00:00,100,2,93,0,2023-05-27 15:11:04.884000+00:00,2023-05-27T15:11:04.715000+00:00,-5983,-9400,482,29
2023-05-27T15:11:05.285000+00:00,100,2,79,0,2023-05-27 15:11:05.285000+00:00,2023-05-27T15:11:05.475000+00:00,-5931,-9558,486,29
2023-05-27T15:11:05.645000+00:00,0,2,73,0,2023-05-27 15:11:05.645000+00:00,2023-05-27T15:11:05.635000+00:00,-5937,-9590,486,29
2023-05-27T15:11:05.885000+00:00,0,2,67,0,2023-05-27 15:11:05.885000+00:00,2023-05-27T15:11:05.855000+00:00,-5951,-9631,487,29
2023-05-27T15:11:06.165000+00:00,0,2,61,11,2023-05-27 15:11:06.165000+00:00,2023-05-27T15:11:06.235000+00:00,-5988,-9685,489,29
2023-05-27T15:11:06.485000+00:00,0,2,65,18,2023-05-27 15:11:06.485000+00:00,2023-05-27T15:11:06.494000+00:00,-6023,-9713,491,29
2023-05-27T15:11:06.885000+00:00,0,2,72,44,2023-05-27 15:11:06.885000+00:00,2023-05-27T15:11:07.074000+00:00,-6154,-9754,498,29
2023-05-27T15:11:07.125000+00:00,0,2,77,51,2023-05-27 15:11:07.125000+00:00,2023-05-27T15:11:07.074000+00:00,-6154,-9754,498,29
2023-05-27T15:11:07.525000+00:00,0,2,93,81,2023-05-27 15:11:07.525000+00:00,2023-05-27T15:11:07.454000+00:00,-6221,-9763,502,29
2023-05-27T15:11:07.725000+00:00,0,2,103,84,2023-05-27 15:11:07.725000+00:00,2023-05-27T15:11:07.654000+00:00,-6262,-9766,504,29
2023-05-27T15:11:07.885000+00:00,0,2,108,87,2023-05-27 15:11:07.885000+00:00,2023-05-27T15:11:07.834000+00:00,-6315,-9770,506,29
2023-05-27T15:11:08.045000+00:00,100,2,118,87,2023-05-27 15:11:08.045000+00:00,2023-05-27T15:11:08.054000+00:00,-6425,-9773,511,29
2023-05-27T15:11:08.325000+00:00,100,2,112,0,2023-05-27 15:11:08.325000+00:00,2023-05-27T15:11:08.394000+00:00,-6492,-9771,514,29
2023-05-27T15:11:08.565000+00:00,100,2,103,0,2023-05-27 15:11:08.565000+00:00,2023-05-27T15:11:08.574000+00:00,-6542,-9766,517,29
2023-05-27T15:11:08.725000+00:00,100,2,96,0,2023-05-27 15:11:08.725000+00:00,2023-05-27T15:11:08.574000+00:00,-6542,-9766,517,29
2023-05-27T15:11:08.965000+00:00,0,2,92,0,2023-05-27 15:11:08.965000+00:00,2023-05-27T15:11:08.894000+00:00,-6625,-9752,520,29
2023-05-27T15:11:09.285000+00:00,0,2,82,9,2023-05-27 15:11:09.285000+00:00,2023-05-27T15:11:09.114000+00:00,-6697,-9723,520,29
2023-05-27T15:11:09.564000+00:00,0,2,81,20,2023-05-27 15:11:09.564000+00:00,2023-05-27T15:11:09.474000+00:00,-6737,-9688,519,29
2023-05-27T15:11:09.764000+00:00,0,2,83,39,2023-05-27 15:11:09.764000+00:00,2023-05-27T15:11:09.694000+00:00,-6764,-9646,516,29
2023-05-27T15:11:10.004000+00:00,0,2,90,60,2023-05-27 15:11:10.004000+00:00,2023-05-27T15:11:10.014000+00:00,-6792,-9571,512,29
2023-05-27T15:11:10.244000+00:00,0,2,99,86,2023-05-27 15:11:10.244000+00:00,2023-05-27T15:11:10.194000+00:00,-6809,-9495,510,29
2023-05-27T15:11:10.484000+00:00,0,2,119,100,2023-05-27 15:11:10.484000+00:00,2023-05-27T15:11:10.615000+00:00,-6833,-9385,507,29
2023-05-27T15:11:10.764000+00:00,0,2,133,100,2023-05-27 15:11:10.764000+00:00,2023-05-27T15:11:10.775000+00:00,-6850,-9328,507,29
2023-05-27T15:11:11.004000+00:00,0,3,147,100,2023-05-27 15:11:11.004000+00:00,2023-05-27T15:11:10.955000+00:00,-6877,-9264,506,29
2023-05-27T15:11:11.164000+00:00,0,3,154,100,2023-05-27 15:11:11.164000+00:00,2023-05-27T15:11:11.115000+00:00,-6908,-9207,506,29
2023-05-27T15:11:11.444000+00:00,0,4,168,100,2023-05-27 15:11:11.444000+00:00,2023-05-27T15:11:11.375000+00:00,-6967,-9114,503,29
2023-05-27T15:11:11.765000+00:00,0,4,182,100,2023-05-27 15:11:11.765000+00:00,2023-05-27T15:11:11.595000+00:00,-7078,-8954,504,29
2023-05-27T15:11:11.925000+00:00,0,4,190,100,2023-05-27 15:11:11.925000+00:00,2023-05-27T15:11:11.955000+00:00,-7144,-8846,504,29
2023-05-27T15:11:12.085000+00:00,0,4,198,100,2023-05-27 15:11:12.085000+00:00,2023-05-27T15:11:11.955000+00:00,-7144,-8846,504,29
2023-05-27T15:11:12.325000+00:00,0,4,205,100,2023-05-27 15:11:12.325000+00:00,2023-05-27T15:11:12.375000+00:00,-7241,-8633,503,29
2023-05-27T15:11:12.525000+00:00,0,5,211,100,2023-05-27 15:11:12.525000+00:00,2023-05-27T15:11:12.655000+00:00,-7297,-8476,503,29
2023-05-27T15:11:12.805000+00:00,0,5,221,100,2023-05-27 15:11:12.805000+00:00,2023-05-27T15:11:12.855000+00:00,-7335,-8359,503,29
2023-05-27T15:11:13.045000+00:00,0,5,226,100,2023-05-27 15:11:13.045000+00:00,2023-05-27T15:11:13.054000+00:00,-7382,-8202,503,29
2023-05-27T15:11:13.485000+00:00,0,6,240,100,2023-05-27 15:11:13.485000+00:00,2023-05-27T15:11:13.454000+00:00,-7442,-7988,502,29
2023-05-27T15:11:13.685000+00:00,0,6,245,100,2023-05-27 15:11:13.685000+00:00,2023-05-27T15:11:13.634000+00:00,-7499,-7779,502,29
2023-05-27T15:11:13.885000+00:00,0,6,250,100,2023-05-27 15:11:13.885000+00:00,2023-05-27T15:11:14.054000+00:00,-7547,-7589,502,29
2023-05-27T15:11:14.245000+00:00,0,6,256,100,2023-05-27 15:11:14.245000+00:00,2023-05-27T15:11:14.314000+00:00,-7587,-7394,502,29
2023-05-27T15:11:14.405000+00:00,0,6,258,100,2023-05-27 15:11:14.405000+00:00,2023-05-27T15:11:14.314000+00:00,-7587,-7394,502,29
2023-05-27T15:11:14.605000+00:00,0,6,262,100,2023-05-27 15:11:14.605000+00:00,2023-05-27T15:11:14.594000+00:00,-7615,-7207,503,29
2023-05-27T15:11:14.805000+00:00,0,7,267,100,2023-05-27 15:11:14.805000+00:00,2023-05-27T15:11:14.834000+00:00,-7636,-7001,502,29
2023-05-27T15:11:14.965000+00:00,0,7,267,100,2023-05-27 15:11:14.965000+00:00,2023-05-27T15:11:15.074000+00:00,-7653,-6763,502,29
2023-05-27T15:11:15.205000+00:00,0,7,274,100,2023-05-27 15:11:15.205000+00:00,2023-05-27T15:11:15.074000+00:00,-7653,-6763,502,29
2023-05-27T15:11:15.365000+00:00,0,7,275,100,2023-05-27 15:11:15.365000+00:00,2023-05-27T15:11:15.454000+00:00,-7667,-6534,502,29
2023-05-27T15:11:15.685000+00:00,100,7,279,0,2023-05-27 15:11:15.685000+00:00,2023-05-27T15:11:15.654000+00:00,-7676,-6379,503,29
2023-05-27T15:11:15.845000+00:00,100,7,270,0,2023-05-27 15:11:15.845000+00:00,2023-05-27T15:11:15.874000+00:00,-7676,-6114,503,29
2023-05-27T15:11:16.045000+00:00,100,7,259,0,2023-05-27 15:11:16.045000+00:00,2023-05-27T15:11:15.874000+00:00,-7676,-6114,503,29
2023-05-27T15:11:16.204000+00:00,100,7,246,0,2023-05-27 15:11:16.204000+00:00,2023-05-27T15:11:16.374000+00:00,-7658,-5858,503,29
2023-05-27T15:11:16.484000+00:00,100,7,228,0,2023-05-27 15:11:16.484000+00:00,2023-05-27T15:11:16.374000+00:00,-7658,-5858,503,29
2023-05-27T15:11:16.644000+00:00,100,6,228,0,2023-05-27 15:11:16.644000+00:00,2023-05-27T15:11:16.774000+00:00,-7627,-5581,509,29
2023-05-27T15:11:16.884000+00:00,100,5,202,0,2023-05-27 15:11:16.884000+00:00,2023-05-27T15:11:16.774000+00:00,-7627,-5581,509,29
2023-05-27T15:11:17.164000+00:00,100,5,196,0,2023-05-27 15:11:17.164000+00:00,2023-05-27T15:11:17.054000+00:00,-7609,-5474,514,29
2023-05-27T15:11:17.364000+00:00,100,4,176,0,2023-05-27 15:11:17.364000+00:00,2023-05-27T15:11:17.375000+00:00,-7577,-5309,519,29
2023-05-27T15:11:17.724000+00:00,100,3,162,0,2023-05-27 15:11:17.724000+00:00,2023-05-27T15:11:17.875000+00:00,-7530,-5113,521,29
2023-05-27T15:11:17.924000+00:00,100,3,136,0,2023-05-27 15:11:17.924000+00:00,2023-05-27T15:11:17.875000+00:00,-7530,-5113,521,29
2023-05-27T15:11:18.245000+00:00,100,2,119,0,2023-05-27 15:11:18.245000+00:00,2023-05-27T15:11:18.195000+00:00,-7500,-5003,524,29
2023-05-27T15:11:18.405000+00:00,100,2,110,0,2023-05-27 15:11:18.405000+00:00,2023-05-27T15:11:18.195000+00:00,-7500,-5003,524,29
